[0.166s] DEBUG:colcon:Command line arguments: ['/usr/bin/colcon', 'build']
[0.166s] DEBUG:colcon:Parsed command line arguments: Namespace(log_base=None, log_level=None, verb_name='build', build_base='build', install_base='install', merge_install=False, symlink_install=False, test_result_base=None, continue_on_error=False, executor='parallel', parallel_workers=16, event_handlers=None, ignore_user_meta=False, metas=['./colcon.meta'], base_paths=['.'], packages_ignore=None, packages_ignore_regex=None, paths=None, packages_up_to=None, packages_up_to_regex=None, packages_above=None, packages_above_and_dependencies=None, packages_above_depth=None, packages_select_by_dep=None, packages_skip_by_dep=None, packages_skip_up_to=None, packages_select_build_failed=False, packages_skip_build_finished=False, packages_select_test_failures=False, packages_skip_test_passed=False, packages_select=None, packages_skip=None, packages_select_regex=None, packages_skip_regex=None, packages_start=None, packages_end=None, allow_overriding=[], cmake_args=None, cmake_target=None, cmake_target_skip_unavailable=False, cmake_clean_cache=False, cmake_clean_first=False, cmake_force_configure=False, ament_cmake_args=None, catkin_cmake_args=None, catkin_skip_building_tests=False, mixin_files=None, mixin=None, verb_parser=<colcon_mixin.mixin.mixin_argument.MixinArgumentDecorator object at 0x770928793400>, verb_extension=<colcon_core.verb.build.BuildVerb object at 0x770928740d90>, main=<bound method BuildVerb.main of <colcon_core.verb.build.BuildVerb object at 0x770928740d90>>, mixin_verb=('build',))
[0.384s] Level 1:colcon.colcon_core.package_discovery:discover_packages(colcon_meta) check parameters
[0.384s] Level 1:colcon.colcon_core.package_discovery:discover_packages(recursive) check parameters
[0.385s] Level 1:colcon.colcon_core.package_discovery:discover_packages(ignore) check parameters
[0.385s] Level 1:colcon.colcon_core.package_discovery:discover_packages(path) check parameters
[0.385s] Level 1:colcon.colcon_core.package_discovery:discover_packages(colcon_meta) discover
[0.385s] Level 1:colcon.colcon_core.package_discovery:discover_packages(recursive) discover
[0.385s] INFO:colcon.colcon_core.package_discovery:Crawling recursively for packages in '/home/jaboy/Documents/RBE500_Project/RBE500_Project'
[0.385s] Level 1:colcon.colcon_core.package_identification:_identify(.) by extensions ['ignore', 'ignore_ament_install']
[0.385s] Level 1:colcon.colcon_core.package_identification:_identify(.) by extension 'ignore'
[0.385s] Level 1:colcon.colcon_core.package_identification:_identify(.) by extension 'ignore_ament_install'
[0.385s] Level 1:colcon.colcon_core.package_identification:_identify(.) by extensions ['colcon_pkg']
[0.385s] Level 1:colcon.colcon_core.package_identification:_identify(.) by extension 'colcon_pkg'
[0.385s] Level 1:colcon.colcon_core.package_identification:_identify(.) by extensions ['colcon_meta']
[0.385s] Level 1:colcon.colcon_core.package_identification:_identify(.) by extension 'colcon_meta'
[0.385s] Level 1:colcon.colcon_core.package_identification:_identify(.) by extensions ['ros']
[0.385s] Level 1:colcon.colcon_core.package_identification:_identify(.) by extension 'ros'
[0.394s] Level 1:colcon.colcon_core.package_identification:_identify(.) by extensions ['cmake', 'python']
[0.394s] Level 1:colcon.colcon_core.package_identification:_identify(.) by extension 'cmake'
[0.394s] Level 1:colcon.colcon_core.package_identification:_identify(.) by extension 'python'
[0.394s] Level 1:colcon.colcon_core.package_identification:_identify(.) by extensions ['python_setup_py']
[0.394s] Level 1:colcon.colcon_core.package_identification:_identify(.) by extension 'python_setup_py'
[0.394s] Level 1:colcon.colcon_core.package_identification:_identify(build) by extensions ['ignore', 'ignore_ament_install']
[0.394s] Level 1:colcon.colcon_core.package_identification:_identify(build) by extension 'ignore'
[0.394s] Level 1:colcon.colcon_core.package_identification:_identify(build) ignored
[0.394s] Level 1:colcon.colcon_core.package_identification:_identify(control) by extensions ['ignore', 'ignore_ament_install']
[0.394s] Level 1:colcon.colcon_core.package_identification:_identify(control) by extension 'ignore'
[0.394s] Level 1:colcon.colcon_core.package_identification:_identify(control) by extension 'ignore_ament_install'
[0.394s] Level 1:colcon.colcon_core.package_identification:_identify(control) by extensions ['colcon_pkg']
[0.394s] Level 1:colcon.colcon_core.package_identification:_identify(control) by extension 'colcon_pkg'
[0.394s] Level 1:colcon.colcon_core.package_identification:_identify(control) by extensions ['colcon_meta']
[0.394s] Level 1:colcon.colcon_core.package_identification:_identify(control) by extension 'colcon_meta'
[0.395s] Level 1:colcon.colcon_core.package_identification:_identify(control) by extensions ['ros']
[0.395s] Level 1:colcon.colcon_core.package_identification:_identify(control) by extension 'ros'
[0.396s] DEBUG:colcon.colcon_core.package_identification:Package 'control' with type 'ros.ament_python' and name 'control'
[0.396s] Level 1:colcon.colcon_core.package_identification:_identify(custom_interfaces) by extensions ['ignore', 'ignore_ament_install']
[0.396s] Level 1:colcon.colcon_core.package_identification:_identify(custom_interfaces) by extension 'ignore'
[0.396s] Level 1:colcon.colcon_core.package_identification:_identify(custom_interfaces) by extension 'ignore_ament_install'
[0.396s] Level 1:colcon.colcon_core.package_identification:_identify(custom_interfaces) by extensions ['colcon_pkg']
[0.397s] Level 1:colcon.colcon_core.package_identification:_identify(custom_interfaces) by extension 'colcon_pkg'
[0.397s] Level 1:colcon.colcon_core.package_identification:_identify(custom_interfaces) by extensions ['colcon_meta']
[0.397s] Level 1:colcon.colcon_core.package_identification:_identify(custom_interfaces) by extension 'colcon_meta'
[0.397s] Level 1:colcon.colcon_core.package_identification:_identify(custom_interfaces) by extensions ['ros']
[0.397s] Level 1:colcon.colcon_core.package_identification:_identify(custom_interfaces) by extension 'ros'
[0.397s] DEBUG:colcon.colcon_core.package_identification:Package 'custom_interfaces' with type 'ros.ament_cmake' and name 'custom_interfaces'
[0.397s] Level 1:colcon.colcon_core.package_identification:_identify(forward_kinematics) by extensions ['ignore', 'ignore_ament_install']
[0.397s] Level 1:colcon.colcon_core.package_identification:_identify(forward_kinematics) by extension 'ignore'
[0.397s] Level 1:colcon.colcon_core.package_identification:_identify(forward_kinematics) by extension 'ignore_ament_install'
[0.397s] Level 1:colcon.colcon_core.package_identification:_identify(forward_kinematics) by extensions ['colcon_pkg']
[0.397s] Level 1:colcon.colcon_core.package_identification:_identify(forward_kinematics) by extension 'colcon_pkg'
[0.397s] Level 1:colcon.colcon_core.package_identification:_identify(forward_kinematics) by extensions ['colcon_meta']
[0.397s] Level 1:colcon.colcon_core.package_identification:_identify(forward_kinematics) by extension 'colcon_meta'
[0.397s] Level 1:colcon.colcon_core.package_identification:_identify(forward_kinematics) by extensions ['ros']
[0.397s] Level 1:colcon.colcon_core.package_identification:_identify(forward_kinematics) by extension 'ros'
[0.398s] DEBUG:colcon.colcon_core.package_identification:Package 'forward_kinematics' with type 'ros.ament_python' and name 'forward_kinematics'
[0.398s] Level 1:colcon.colcon_core.package_identification:_identify(install) by extensions ['ignore', 'ignore_ament_install']
[0.398s] Level 1:colcon.colcon_core.package_identification:_identify(install) by extension 'ignore'
[0.398s] Level 1:colcon.colcon_core.package_identification:_identify(install) ignored
[0.398s] Level 1:colcon.colcon_core.package_identification:_identify(inverse_kin) by extensions ['ignore', 'ignore_ament_install']
[0.398s] Level 1:colcon.colcon_core.package_identification:_identify(inverse_kin) by extension 'ignore'
[0.398s] Level 1:colcon.colcon_core.package_identification:_identify(inverse_kin) by extension 'ignore_ament_install'
[0.398s] Level 1:colcon.colcon_core.package_identification:_identify(inverse_kin) by extensions ['colcon_pkg']
[0.398s] Level 1:colcon.colcon_core.package_identification:_identify(inverse_kin) by extension 'colcon_pkg'
[0.398s] Level 1:colcon.colcon_core.package_identification:_identify(inverse_kin) by extensions ['colcon_meta']
[0.398s] Level 1:colcon.colcon_core.package_identification:_identify(inverse_kin) by extension 'colcon_meta'
[0.398s] Level 1:colcon.colcon_core.package_identification:_identify(inverse_kin) by extensions ['ros']
[0.398s] Level 1:colcon.colcon_core.package_identification:_identify(inverse_kin) by extension 'ros'
[0.399s] DEBUG:colcon.colcon_core.package_identification:Package 'inverse_kin' with type 'ros.ament_cmake' and name 'inverse_kin'
[0.399s] Level 1:colcon.colcon_core.package_identification:_identify(inverse_kinematics) by extensions ['ignore', 'ignore_ament_install']
[0.399s] Level 1:colcon.colcon_core.package_identification:_identify(inverse_kinematics) by extension 'ignore'
[0.399s] Level 1:colcon.colcon_core.package_identification:_identify(inverse_kinematics) by extension 'ignore_ament_install'
[0.399s] Level 1:colcon.colcon_core.package_identification:_identify(inverse_kinematics) by extensions ['colcon_pkg']
[0.399s] Level 1:colcon.colcon_core.package_identification:_identify(inverse_kinematics) by extension 'colcon_pkg'
[0.399s] Level 1:colcon.colcon_core.package_identification:_identify(inverse_kinematics) by extensions ['colcon_meta']
[0.399s] Level 1:colcon.colcon_core.package_identification:_identify(inverse_kinematics) by extension 'colcon_meta'
[0.399s] Level 1:colcon.colcon_core.package_identification:_identify(inverse_kinematics) by extensions ['ros']
[0.399s] Level 1:colcon.colcon_core.package_identification:_identify(inverse_kinematics) by extension 'ros'
[0.400s] DEBUG:colcon.colcon_core.package_identification:Package 'inverse_kinematics' with type 'ros.ament_python' and name 'inverse_kinematics'
[0.400s] Level 1:colcon.colcon_core.package_identification:_identify(log) by extensions ['ignore', 'ignore_ament_install']
[0.400s] Level 1:colcon.colcon_core.package_identification:_identify(log) by extension 'ignore'
[0.400s] Level 1:colcon.colcon_core.package_identification:_identify(log) ignored
[0.400s] Level 1:colcon.colcon_core.package_identification:_identify(ros_gz_example_application) by extensions ['ignore', 'ignore_ament_install']
[0.400s] Level 1:colcon.colcon_core.package_identification:_identify(ros_gz_example_application) by extension 'ignore'
[0.400s] Level 1:colcon.colcon_core.package_identification:_identify(ros_gz_example_application) by extension 'ignore_ament_install'
[0.400s] Level 1:colcon.colcon_core.package_identification:_identify(ros_gz_example_application) by extensions ['colcon_pkg']
[0.400s] Level 1:colcon.colcon_core.package_identification:_identify(ros_gz_example_application) by extension 'colcon_pkg'
[0.400s] Level 1:colcon.colcon_core.package_identification:_identify(ros_gz_example_application) by extensions ['colcon_meta']
[0.400s] Level 1:colcon.colcon_core.package_identification:_identify(ros_gz_example_application) by extension 'colcon_meta'
[0.400s] Level 1:colcon.colcon_core.package_identification:_identify(ros_gz_example_application) by extensions ['ros']
[0.400s] Level 1:colcon.colcon_core.package_identification:_identify(ros_gz_example_application) by extension 'ros'
[0.401s] DEBUG:colcon.colcon_core.package_identification:Package 'ros_gz_example_application' with type 'ros.ament_cmake' and name 'ros_gz_example_application'
[0.401s] Level 1:colcon.colcon_core.package_identification:_identify(ros_gz_example_bringup) by extensions ['ignore', 'ignore_ament_install']
[0.401s] Level 1:colcon.colcon_core.package_identification:_identify(ros_gz_example_bringup) by extension 'ignore'
[0.401s] Level 1:colcon.colcon_core.package_identification:_identify(ros_gz_example_bringup) by extension 'ignore_ament_install'
[0.401s] Level 1:colcon.colcon_core.package_identification:_identify(ros_gz_example_bringup) by extensions ['colcon_pkg']
[0.401s] Level 1:colcon.colcon_core.package_identification:_identify(ros_gz_example_bringup) by extension 'colcon_pkg'
[0.401s] Level 1:colcon.colcon_core.package_identification:_identify(ros_gz_example_bringup) by extensions ['colcon_meta']
[0.401s] Level 1:colcon.colcon_core.package_identification:_identify(ros_gz_example_bringup) by extension 'colcon_meta'
[0.401s] Level 1:colcon.colcon_core.package_identification:_identify(ros_gz_example_bringup) by extensions ['ros']
[0.401s] Level 1:colcon.colcon_core.package_identification:_identify(ros_gz_example_bringup) by extension 'ros'
[0.402s] DEBUG:colcon.colcon_core.package_identification:Package 'ros_gz_example_bringup' with type 'ros.ament_cmake' and name 'ros_gz_example_bringup'
[0.402s] Level 1:colcon.colcon_core.package_identification:_identify(ros_gz_example_description) by extensions ['ignore', 'ignore_ament_install']
[0.402s] Level 1:colcon.colcon_core.package_identification:_identify(ros_gz_example_description) by extension 'ignore'
[0.402s] Level 1:colcon.colcon_core.package_identification:_identify(ros_gz_example_description) by extension 'ignore_ament_install'
[0.402s] Level 1:colcon.colcon_core.package_identification:_identify(ros_gz_example_description) by extensions ['colcon_pkg']
[0.402s] Level 1:colcon.colcon_core.package_identification:_identify(ros_gz_example_description) by extension 'colcon_pkg'
[0.402s] Level 1:colcon.colcon_core.package_identification:_identify(ros_gz_example_description) by extensions ['colcon_meta']
[0.402s] Level 1:colcon.colcon_core.package_identification:_identify(ros_gz_example_description) by extension 'colcon_meta'
[0.402s] Level 1:colcon.colcon_core.package_identification:_identify(ros_gz_example_description) by extensions ['ros']
[0.402s] Level 1:colcon.colcon_core.package_identification:_identify(ros_gz_example_description) by extension 'ros'
[0.402s] DEBUG:colcon.colcon_core.package_identification:Package 'ros_gz_example_description' with type 'ros.ament_cmake' and name 'ros_gz_example_description'
[0.402s] Level 1:colcon.colcon_core.package_identification:_identify(ros_gz_example_gazebo) by extensions ['ignore', 'ignore_ament_install']
[0.402s] Level 1:colcon.colcon_core.package_identification:_identify(ros_gz_example_gazebo) by extension 'ignore'
[0.402s] Level 1:colcon.colcon_core.package_identification:_identify(ros_gz_example_gazebo) by extension 'ignore_ament_install'
[0.402s] Level 1:colcon.colcon_core.package_identification:_identify(ros_gz_example_gazebo) by extensions ['colcon_pkg']
[0.402s] Level 1:colcon.colcon_core.package_identification:_identify(ros_gz_example_gazebo) by extension 'colcon_pkg'
[0.402s] Level 1:colcon.colcon_core.package_identification:_identify(ros_gz_example_gazebo) by extensions ['colcon_meta']
[0.402s] Level 1:colcon.colcon_core.package_identification:_identify(ros_gz_example_gazebo) by extension 'colcon_meta'
[0.403s] Level 1:colcon.colcon_core.package_identification:_identify(ros_gz_example_gazebo) by extensions ['ros']
[0.403s] Level 1:colcon.colcon_core.package_identification:_identify(ros_gz_example_gazebo) by extension 'ros'
[0.403s] DEBUG:colcon.colcon_core.package_identification:Package 'ros_gz_example_gazebo' with type 'ros.ament_cmake' and name 'ros_gz_example_gazebo'
[0.403s] Level 1:colcon.colcon_core.package_discovery:discover_packages(recursive) using defaults
[0.403s] Level 1:colcon.colcon_core.package_discovery:discover_packages(ignore) discover
[0.403s] Level 1:colcon.colcon_core.package_discovery:discover_packages(ignore) using defaults
[0.403s] Level 1:colcon.colcon_core.package_discovery:discover_packages(path) discover
[0.403s] Level 1:colcon.colcon_core.package_discovery:discover_packages(path) using defaults
[0.432s] Level 1:colcon.colcon_core.package_discovery:discover_packages(prefix_path) check parameters
[0.433s] Level 1:colcon.colcon_core.package_discovery:discover_packages(prefix_path) discover
[0.444s] DEBUG:colcon.colcon_installed_package_information.package_discovery:Found 9 installed packages in /home/jaboy/Documents/RBE500_Project/RBE500_Project/install
[0.445s] DEBUG:colcon.colcon_installed_package_information.package_discovery:Found 24 installed packages in /home/jaboy/ros2_ws/install
[0.452s] DEBUG:colcon.colcon_installed_package_information.package_discovery:Found 346 installed packages in /home/jaboy/ros2_humble/install
[0.456s] DEBUG:colcon.colcon_installed_package_information.package_discovery:Found 366 installed packages in /opt/ros/humble
[0.466s] Level 1:colcon.colcon_core.package_discovery:discover_packages(prefix_path) using defaults
[0.522s] Level 5:colcon.colcon_core.verb:set package 'control' build argument 'cmake_args' from command line to 'None'
[0.522s] Level 5:colcon.colcon_core.verb:set package 'control' build argument 'cmake_target' from command line to 'None'
[0.522s] Level 5:colcon.colcon_core.verb:set package 'control' build argument 'cmake_target_skip_unavailable' from command line to 'False'
[0.522s] Level 5:colcon.colcon_core.verb:set package 'control' build argument 'cmake_clean_cache' from command line to 'False'
[0.522s] Level 5:colcon.colcon_core.verb:set package 'control' build argument 'cmake_clean_first' from command line to 'False'
[0.522s] Level 5:colcon.colcon_core.verb:set package 'control' build argument 'cmake_force_configure' from command line to 'False'
[0.522s] Level 5:colcon.colcon_core.verb:set package 'control' build argument 'ament_cmake_args' from command line to 'None'
[0.522s] Level 5:colcon.colcon_core.verb:set package 'control' build argument 'catkin_cmake_args' from command line to 'None'
[0.522s] Level 5:colcon.colcon_core.verb:set package 'control' build argument 'catkin_skip_building_tests' from command line to 'False'
[0.522s] DEBUG:colcon.colcon_core.verb:Building package 'control' with the following arguments: {'ament_cmake_args': None, 'build_base': '/home/jaboy/Documents/RBE500_Project/RBE500_Project/build/control', 'catkin_cmake_args': None, 'catkin_skip_building_tests': False, 'cmake_args': None, 'cmake_clean_cache': False, 'cmake_clean_first': False, 'cmake_force_configure': False, 'cmake_target': None, 'cmake_target_skip_unavailable': False, 'install_base': '/home/jaboy/Documents/RBE500_Project/RBE500_Project/install/control', 'merge_install': False, 'path': '/home/jaboy/Documents/RBE500_Project/RBE500_Project/control', 'symlink_install': False, 'test_result_base': None}
[0.523s] Level 5:colcon.colcon_core.verb:set package 'custom_interfaces' build argument 'cmake_args' from command line to 'None'
[0.523s] Level 5:colcon.colcon_core.verb:set package 'custom_interfaces' build argument 'cmake_target' from command line to 'None'
[0.523s] Level 5:colcon.colcon_core.verb:set package 'custom_interfaces' build argument 'cmake_target_skip_unavailable' from command line to 'False'
[0.523s] Level 5:colcon.colcon_core.verb:set package 'custom_interfaces' build argument 'cmake_clean_cache' from command line to 'False'
[0.523s] Level 5:colcon.colcon_core.verb:set package 'custom_interfaces' build argument 'cmake_clean_first' from command line to 'False'
[0.523s] Level 5:colcon.colcon_core.verb:set package 'custom_interfaces' build argument 'cmake_force_configure' from command line to 'False'
[0.523s] Level 5:colcon.colcon_core.verb:set package 'custom_interfaces' build argument 'ament_cmake_args' from command line to 'None'
[0.523s] Level 5:colcon.colcon_core.verb:set package 'custom_interfaces' build argument 'catkin_cmake_args' from command line to 'None'
[0.523s] Level 5:colcon.colcon_core.verb:set package 'custom_interfaces' build argument 'catkin_skip_building_tests' from command line to 'False'
[0.523s] DEBUG:colcon.colcon_core.verb:Building package 'custom_interfaces' with the following arguments: {'ament_cmake_args': None, 'build_base': '/home/jaboy/Documents/RBE500_Project/RBE500_Project/build/custom_interfaces', 'catkin_cmake_args': None, 'catkin_skip_building_tests': False, 'cmake_args': None, 'cmake_clean_cache': False, 'cmake_clean_first': False, 'cmake_force_configure': False, 'cmake_target': None, 'cmake_target_skip_unavailable': False, 'install_base': '/home/jaboy/Documents/RBE500_Project/RBE500_Project/install/custom_interfaces', 'merge_install': False, 'path': '/home/jaboy/Documents/RBE500_Project/RBE500_Project/custom_interfaces', 'symlink_install': False, 'test_result_base': None}
[0.523s] Level 5:colcon.colcon_core.verb:set package 'forward_kinematics' build argument 'cmake_args' from command line to 'None'
[0.523s] Level 5:colcon.colcon_core.verb:set package 'forward_kinematics' build argument 'cmake_target' from command line to 'None'
[0.523s] Level 5:colcon.colcon_core.verb:set package 'forward_kinematics' build argument 'cmake_target_skip_unavailable' from command line to 'False'
[0.523s] Level 5:colcon.colcon_core.verb:set package 'forward_kinematics' build argument 'cmake_clean_cache' from command line to 'False'
[0.523s] Level 5:colcon.colcon_core.verb:set package 'forward_kinematics' build argument 'cmake_clean_first' from command line to 'False'
[0.523s] Level 5:colcon.colcon_core.verb:set package 'forward_kinematics' build argument 'cmake_force_configure' from command line to 'False'
[0.523s] Level 5:colcon.colcon_core.verb:set package 'forward_kinematics' build argument 'ament_cmake_args' from command line to 'None'
[0.523s] Level 5:colcon.colcon_core.verb:set package 'forward_kinematics' build argument 'catkin_cmake_args' from command line to 'None'
[0.523s] Level 5:colcon.colcon_core.verb:set package 'forward_kinematics' build argument 'catkin_skip_building_tests' from command line to 'False'
[0.523s] DEBUG:colcon.colcon_core.verb:Building package 'forward_kinematics' with the following arguments: {'ament_cmake_args': None, 'build_base': '/home/jaboy/Documents/RBE500_Project/RBE500_Project/build/forward_kinematics', 'catkin_cmake_args': None, 'catkin_skip_building_tests': False, 'cmake_args': None, 'cmake_clean_cache': False, 'cmake_clean_first': False, 'cmake_force_configure': False, 'cmake_target': None, 'cmake_target_skip_unavailable': False, 'install_base': '/home/jaboy/Documents/RBE500_Project/RBE500_Project/install/forward_kinematics', 'merge_install': False, 'path': '/home/jaboy/Documents/RBE500_Project/RBE500_Project/forward_kinematics', 'symlink_install': False, 'test_result_base': None}
[0.523s] Level 5:colcon.colcon_core.verb:set package 'inverse_kin' build argument 'cmake_args' from command line to 'None'
[0.523s] Level 5:colcon.colcon_core.verb:set package 'inverse_kin' build argument 'cmake_target' from command line to 'None'
[0.523s] Level 5:colcon.colcon_core.verb:set package 'inverse_kin' build argument 'cmake_target_skip_unavailable' from command line to 'False'
[0.524s] Level 5:colcon.colcon_core.verb:set package 'inverse_kin' build argument 'cmake_clean_cache' from command line to 'False'
[0.524s] Level 5:colcon.colcon_core.verb:set package 'inverse_kin' build argument 'cmake_clean_first' from command line to 'False'
[0.524s] Level 5:colcon.colcon_core.verb:set package 'inverse_kin' build argument 'cmake_force_configure' from command line to 'False'
[0.524s] Level 5:colcon.colcon_core.verb:set package 'inverse_kin' build argument 'ament_cmake_args' from command line to 'None'
[0.524s] Level 5:colcon.colcon_core.verb:set package 'inverse_kin' build argument 'catkin_cmake_args' from command line to 'None'
[0.524s] Level 5:colcon.colcon_core.verb:set package 'inverse_kin' build argument 'catkin_skip_building_tests' from command line to 'False'
[0.524s] DEBUG:colcon.colcon_core.verb:Building package 'inverse_kin' with the following arguments: {'ament_cmake_args': None, 'build_base': '/home/jaboy/Documents/RBE500_Project/RBE500_Project/build/inverse_kin', 'catkin_cmake_args': None, 'catkin_skip_building_tests': False, 'cmake_args': None, 'cmake_clean_cache': False, 'cmake_clean_first': False, 'cmake_force_configure': False, 'cmake_target': None, 'cmake_target_skip_unavailable': False, 'install_base': '/home/jaboy/Documents/RBE500_Project/RBE500_Project/install/inverse_kin', 'merge_install': False, 'path': '/home/jaboy/Documents/RBE500_Project/RBE500_Project/inverse_kin', 'symlink_install': False, 'test_result_base': None}
[0.524s] Level 5:colcon.colcon_core.verb:set package 'ros_gz_example_application' build argument 'cmake_args' from command line to 'None'
[0.524s] Level 5:colcon.colcon_core.verb:set package 'ros_gz_example_application' build argument 'cmake_target' from command line to 'None'
[0.524s] Level 5:colcon.colcon_core.verb:set package 'ros_gz_example_application' build argument 'cmake_target_skip_unavailable' from command line to 'False'
[0.524s] Level 5:colcon.colcon_core.verb:set package 'ros_gz_example_application' build argument 'cmake_clean_cache' from command line to 'False'
[0.524s] Level 5:colcon.colcon_core.verb:set package 'ros_gz_example_application' build argument 'cmake_clean_first' from command line to 'False'
[0.524s] Level 5:colcon.colcon_core.verb:set package 'ros_gz_example_application' build argument 'cmake_force_configure' from command line to 'False'
[0.524s] Level 5:colcon.colcon_core.verb:set package 'ros_gz_example_application' build argument 'ament_cmake_args' from command line to 'None'
[0.524s] Level 5:colcon.colcon_core.verb:set package 'ros_gz_example_application' build argument 'catkin_cmake_args' from command line to 'None'
[0.524s] Level 5:colcon.colcon_core.verb:set package 'ros_gz_example_application' build argument 'catkin_skip_building_tests' from command line to 'False'
[0.524s] DEBUG:colcon.colcon_core.verb:Building package 'ros_gz_example_application' with the following arguments: {'ament_cmake_args': None, 'build_base': '/home/jaboy/Documents/RBE500_Project/RBE500_Project/build/ros_gz_example_application', 'catkin_cmake_args': None, 'catkin_skip_building_tests': False, 'cmake_args': None, 'cmake_clean_cache': False, 'cmake_clean_first': False, 'cmake_force_configure': False, 'cmake_target': None, 'cmake_target_skip_unavailable': False, 'install_base': '/home/jaboy/Documents/RBE500_Project/RBE500_Project/install/ros_gz_example_application', 'merge_install': False, 'path': '/home/jaboy/Documents/RBE500_Project/RBE500_Project/ros_gz_example_application', 'symlink_install': False, 'test_result_base': None}
[0.524s] Level 5:colcon.colcon_core.verb:set package 'ros_gz_example_description' build argument 'cmake_args' from command line to 'None'
[0.524s] Level 5:colcon.colcon_core.verb:set package 'ros_gz_example_description' build argument 'cmake_target' from command line to 'None'
[0.524s] Level 5:colcon.colcon_core.verb:set package 'ros_gz_example_description' build argument 'cmake_target_skip_unavailable' from command line to 'False'
[0.524s] Level 5:colcon.colcon_core.verb:set package 'ros_gz_example_description' build argument 'cmake_clean_cache' from command line to 'False'
[0.524s] Level 5:colcon.colcon_core.verb:set package 'ros_gz_example_description' build argument 'cmake_clean_first' from command line to 'False'
[0.524s] Level 5:colcon.colcon_core.verb:set package 'ros_gz_example_description' build argument 'cmake_force_configure' from command line to 'False'
[0.524s] Level 5:colcon.colcon_core.verb:set package 'ros_gz_example_description' build argument 'ament_cmake_args' from command line to 'None'
[0.524s] Level 5:colcon.colcon_core.verb:set package 'ros_gz_example_description' build argument 'catkin_cmake_args' from command line to 'None'
[0.524s] Level 5:colcon.colcon_core.verb:set package 'ros_gz_example_description' build argument 'catkin_skip_building_tests' from command line to 'False'
[0.524s] DEBUG:colcon.colcon_core.verb:Building package 'ros_gz_example_description' with the following arguments: {'ament_cmake_args': None, 'build_base': '/home/jaboy/Documents/RBE500_Project/RBE500_Project/build/ros_gz_example_description', 'catkin_cmake_args': None, 'catkin_skip_building_tests': False, 'cmake_args': None, 'cmake_clean_cache': False, 'cmake_clean_first': False, 'cmake_force_configure': False, 'cmake_target': None, 'cmake_target_skip_unavailable': False, 'install_base': '/home/jaboy/Documents/RBE500_Project/RBE500_Project/install/ros_gz_example_description', 'merge_install': False, 'path': '/home/jaboy/Documents/RBE500_Project/RBE500_Project/ros_gz_example_description', 'symlink_install': False, 'test_result_base': None}
[0.525s] Level 5:colcon.colcon_core.verb:set package 'inverse_kinematics' build argument 'cmake_args' from command line to 'None'
[0.525s] Level 5:colcon.colcon_core.verb:set package 'inverse_kinematics' build argument 'cmake_target' from command line to 'None'
[0.525s] Level 5:colcon.colcon_core.verb:set package 'inverse_kinematics' build argument 'cmake_target_skip_unavailable' from command line to 'False'
[0.525s] Level 5:colcon.colcon_core.verb:set package 'inverse_kinematics' build argument 'cmake_clean_cache' from command line to 'False'
[0.525s] Level 5:colcon.colcon_core.verb:set package 'inverse_kinematics' build argument 'cmake_clean_first' from command line to 'False'
[0.525s] Level 5:colcon.colcon_core.verb:set package 'inverse_kinematics' build argument 'cmake_force_configure' from command line to 'False'
[0.525s] Level 5:colcon.colcon_core.verb:set package 'inverse_kinematics' build argument 'ament_cmake_args' from command line to 'None'
[0.525s] Level 5:colcon.colcon_core.verb:set package 'inverse_kinematics' build argument 'catkin_cmake_args' from command line to 'None'
[0.525s] Level 5:colcon.colcon_core.verb:set package 'inverse_kinematics' build argument 'catkin_skip_building_tests' from command line to 'False'
[0.525s] DEBUG:colcon.colcon_core.verb:Building package 'inverse_kinematics' with the following arguments: {'ament_cmake_args': None, 'build_base': '/home/jaboy/Documents/RBE500_Project/RBE500_Project/build/inverse_kinematics', 'catkin_cmake_args': None, 'catkin_skip_building_tests': False, 'cmake_args': None, 'cmake_clean_cache': False, 'cmake_clean_first': False, 'cmake_force_configure': False, 'cmake_target': None, 'cmake_target_skip_unavailable': False, 'install_base': '/home/jaboy/Documents/RBE500_Project/RBE500_Project/install/inverse_kinematics', 'merge_install': False, 'path': '/home/jaboy/Documents/RBE500_Project/RBE500_Project/inverse_kinematics', 'symlink_install': False, 'test_result_base': None}
[0.525s] Level 5:colcon.colcon_core.verb:set package 'ros_gz_example_gazebo' build argument 'cmake_args' from command line to 'None'
[0.525s] Level 5:colcon.colcon_core.verb:set package 'ros_gz_example_gazebo' build argument 'cmake_target' from command line to 'None'
[0.525s] Level 5:colcon.colcon_core.verb:set package 'ros_gz_example_gazebo' build argument 'cmake_target_skip_unavailable' from command line to 'False'
[0.525s] Level 5:colcon.colcon_core.verb:set package 'ros_gz_example_gazebo' build argument 'cmake_clean_cache' from command line to 'False'
[0.525s] Level 5:colcon.colcon_core.verb:set package 'ros_gz_example_gazebo' build argument 'cmake_clean_first' from command line to 'False'
[0.525s] Level 5:colcon.colcon_core.verb:set package 'ros_gz_example_gazebo' build argument 'cmake_force_configure' from command line to 'False'
[0.525s] Level 5:colcon.colcon_core.verb:set package 'ros_gz_example_gazebo' build argument 'ament_cmake_args' from command line to 'None'
[0.525s] Level 5:colcon.colcon_core.verb:set package 'ros_gz_example_gazebo' build argument 'catkin_cmake_args' from command line to 'None'
[0.525s] Level 5:colcon.colcon_core.verb:set package 'ros_gz_example_gazebo' build argument 'catkin_skip_building_tests' from command line to 'False'
[0.525s] DEBUG:colcon.colcon_core.verb:Building package 'ros_gz_example_gazebo' with the following arguments: {'ament_cmake_args': None, 'build_base': '/home/jaboy/Documents/RBE500_Project/RBE500_Project/build/ros_gz_example_gazebo', 'catkin_cmake_args': None, 'catkin_skip_building_tests': False, 'cmake_args': None, 'cmake_clean_cache': False, 'cmake_clean_first': False, 'cmake_force_configure': False, 'cmake_target': None, 'cmake_target_skip_unavailable': False, 'install_base': '/home/jaboy/Documents/RBE500_Project/RBE500_Project/install/ros_gz_example_gazebo', 'merge_install': False, 'path': '/home/jaboy/Documents/RBE500_Project/RBE500_Project/ros_gz_example_gazebo', 'symlink_install': False, 'test_result_base': None}
[0.526s] Level 5:colcon.colcon_core.verb:set package 'ros_gz_example_bringup' build argument 'cmake_args' from command line to 'None'
[0.526s] Level 5:colcon.colcon_core.verb:set package 'ros_gz_example_bringup' build argument 'cmake_target' from command line to 'None'
[0.526s] Level 5:colcon.colcon_core.verb:set package 'ros_gz_example_bringup' build argument 'cmake_target_skip_unavailable' from command line to 'False'
[0.526s] Level 5:colcon.colcon_core.verb:set package 'ros_gz_example_bringup' build argument 'cmake_clean_cache' from command line to 'False'
[0.526s] Level 5:colcon.colcon_core.verb:set package 'ros_gz_example_bringup' build argument 'cmake_clean_first' from command line to 'False'
[0.526s] Level 5:colcon.colcon_core.verb:set package 'ros_gz_example_bringup' build argument 'cmake_force_configure' from command line to 'False'
[0.526s] Level 5:colcon.colcon_core.verb:set package 'ros_gz_example_bringup' build argument 'ament_cmake_args' from command line to 'None'
[0.526s] Level 5:colcon.colcon_core.verb:set package 'ros_gz_example_bringup' build argument 'catkin_cmake_args' from command line to 'None'
[0.526s] Level 5:colcon.colcon_core.verb:set package 'ros_gz_example_bringup' build argument 'catkin_skip_building_tests' from command line to 'False'
[0.526s] DEBUG:colcon.colcon_core.verb:Building package 'ros_gz_example_bringup' with the following arguments: {'ament_cmake_args': None, 'build_base': '/home/jaboy/Documents/RBE500_Project/RBE500_Project/build/ros_gz_example_bringup', 'catkin_cmake_args': None, 'catkin_skip_building_tests': False, 'cmake_args': None, 'cmake_clean_cache': False, 'cmake_clean_first': False, 'cmake_force_configure': False, 'cmake_target': None, 'cmake_target_skip_unavailable': False, 'install_base': '/home/jaboy/Documents/RBE500_Project/RBE500_Project/install/ros_gz_example_bringup', 'merge_install': False, 'path': '/home/jaboy/Documents/RBE500_Project/RBE500_Project/ros_gz_example_bringup', 'symlink_install': False, 'test_result_base': None}
[0.526s] INFO:colcon.colcon_core.executor:Executing jobs using 'parallel' executor
[0.527s] DEBUG:colcon.colcon_parallel_executor.executor.parallel:run_until_complete
[0.527s] INFO:colcon.colcon_ros.task.ament_cmake.build:Building ROS package in '/home/jaboy/Documents/RBE500_Project/RBE500_Project/ros_gz_example_description' with build type 'ament_cmake'
[0.527s] INFO:colcon.colcon_cmake.task.cmake.build:Building CMake package in '/home/jaboy/Documents/RBE500_Project/RBE500_Project/ros_gz_example_description'
[0.531s] INFO:colcon.colcon_core.plugin_system:Skipping extension 'colcon_core.shell.bat': Not used on non-Windows systems
[0.531s] INFO:colcon.colcon_core.shell:Skip shell extension 'powershell' for command environment: Not usable outside of PowerShell
[0.531s] DEBUG:colcon.colcon_core.shell:Skip shell extension 'dsv' for command environment
[0.552s] INFO:colcon.colcon_ros.task.ament_cmake.build:Building ROS package in '/home/jaboy/Documents/RBE500_Project/RBE500_Project/inverse_kin' with build type 'ament_cmake'
[0.552s] INFO:colcon.colcon_cmake.task.cmake.build:Building CMake package in '/home/jaboy/Documents/RBE500_Project/RBE500_Project/inverse_kin'
[0.552s] INFO:colcon.colcon_core.shell:Skip shell extension 'powershell' for command environment: Not usable outside of PowerShell
[0.553s] DEBUG:colcon.colcon_core.shell:Skip shell extension 'dsv' for command environment
[0.573s] INFO:colcon.colcon_ros.task.ament_python.build:Building ROS package in '/home/jaboy/Documents/RBE500_Project/RBE500_Project/control' with build type 'ament_python'
[0.574s] Level 1:colcon.colcon_core.shell:create_environment_hook('control', 'ament_prefix_path')
[0.574s] INFO:colcon.colcon_core.shell:Creating environment hook '/home/jaboy/Documents/RBE500_Project/RBE500_Project/install/control/share/control/hook/ament_prefix_path.ps1'
[0.574s] INFO:colcon.colcon_core.shell:Creating environment descriptor '/home/jaboy/Documents/RBE500_Project/RBE500_Project/install/control/share/control/hook/ament_prefix_path.dsv'
[0.575s] INFO:colcon.colcon_core.shell:Creating environment hook '/home/jaboy/Documents/RBE500_Project/RBE500_Project/install/control/share/control/hook/ament_prefix_path.sh'
[0.575s] INFO:colcon.colcon_core.shell:Skip shell extension 'powershell' for command environment: Not usable outside of PowerShell
[0.575s] DEBUG:colcon.colcon_core.shell:Skip shell extension 'dsv' for command environment
[0.596s] INFO:colcon.colcon_ros.task.ament_cmake.build:Building ROS package in '/home/jaboy/Documents/RBE500_Project/RBE500_Project/custom_interfaces' with build type 'ament_cmake'
[0.596s] INFO:colcon.colcon_cmake.task.cmake.build:Building CMake package in '/home/jaboy/Documents/RBE500_Project/RBE500_Project/custom_interfaces'
[0.596s] INFO:colcon.colcon_core.shell:Skip shell extension 'powershell' for command environment: Not usable outside of PowerShell
[0.596s] DEBUG:colcon.colcon_core.shell:Skip shell extension 'dsv' for command environment
[0.617s] INFO:colcon.colcon_ros.task.ament_python.build:Building ROS package in '/home/jaboy/Documents/RBE500_Project/RBE500_Project/forward_kinematics' with build type 'ament_python'
[0.617s] Level 1:colcon.colcon_core.shell:create_environment_hook('forward_kinematics', 'ament_prefix_path')
[0.617s] INFO:colcon.colcon_core.shell:Creating environment hook '/home/jaboy/Documents/RBE500_Project/RBE500_Project/install/forward_kinematics/share/forward_kinematics/hook/ament_prefix_path.ps1'
[0.617s] INFO:colcon.colcon_core.shell:Creating environment descriptor '/home/jaboy/Documents/RBE500_Project/RBE500_Project/install/forward_kinematics/share/forward_kinematics/hook/ament_prefix_path.dsv'
[0.618s] INFO:colcon.colcon_core.shell:Creating environment hook '/home/jaboy/Documents/RBE500_Project/RBE500_Project/install/forward_kinematics/share/forward_kinematics/hook/ament_prefix_path.sh'
[0.618s] INFO:colcon.colcon_core.shell:Skip shell extension 'powershell' for command environment: Not usable outside of PowerShell
[0.618s] DEBUG:colcon.colcon_core.shell:Skip shell extension 'dsv' for command environment
[0.639s] INFO:colcon.colcon_ros.task.ament_cmake.build:Building ROS package in '/home/jaboy/Documents/RBE500_Project/RBE500_Project/ros_gz_example_application' with build type 'ament_cmake'
[0.639s] INFO:colcon.colcon_cmake.task.cmake.build:Building CMake package in '/home/jaboy/Documents/RBE500_Project/RBE500_Project/ros_gz_example_application'
[0.639s] INFO:colcon.colcon_core.shell:Skip shell extension 'powershell' for command environment: Not usable outside of PowerShell
[0.639s] DEBUG:colcon.colcon_core.shell:Skip shell extension 'dsv' for command environment
[0.666s] DEBUG:colcon.colcon_core.event_handler.log_command:Invoking command in '/home/jaboy/Documents/RBE500_Project/RBE500_Project/build/ros_gz_example_description': CMAKE_PREFIX_PATH=${CMAKE_PREFIX_PATH}:/home/jaboy/Documents/RBE500_Project/RBE500_Project/install/inverse_kinematics:/home/jaboy/Documents/RBE500_Project/RBE500_Project/install/forward_kinematics:/home/jaboy/Documents/RBE500_Project/RBE500_Project/install/control:/home/jaboy/ros2_humble/install/rqt_bag_plugins:/home/jaboy/ros2_humble/install/rqt_bag:/home/jaboy/ros2_humble/install/launch_testing_examples:/home/jaboy/ros2_humble/install/ros2bag:/home/jaboy/ros2_humble/install/tracetools_test:/home/jaboy/ros2_humble/install/tracetools_launch:/home/jaboy/ros2_humble/install/topic_monitor:/home/jaboy/ros2_humble/install/tf2_tools:/home/jaboy/ros2_humble/install/examples_tf2_py:/home/jaboy/ros2_humble/install/tf2_ros_py:/home/jaboy/ros2_humble/install/sros2:/home/jaboy/ros2_humble/install/rqt_topic:/home/jaboy/ros2_humble/install/rqt_srv:/home/jaboy/ros2_humble/install/rqt_shell:/home/jaboy/ros2_humble/install/rqt_service_caller:/home/jaboy/ros2_humble/install/rqt_reconfigure:/home/jaboy/ros2_humble/install/rqt_py_console:/home/jaboy/ros2_humble/install/rqt_publisher:/home/jaboy/ros2_humble/install/rqt_plot:/home/jaboy/ros2_humble/install/rqt_action:/home/jaboy/ros2_humble/install/rqt_msg:/home/jaboy/ros2_humble/install/rqt_console:/home/jaboy/ros2_humble/install/rqt:/home/jaboy/ros2_humble/install/rqt_graph:/home/jaboy/ros2_humble/install/rqt_gui_py:/home/jaboy/ros2_humble/install/rqt_gui:/home/jaboy/ros2_humble/install/ros2trace:/home/jaboy/ros2_humble/install/ros2topic:/home/jaboy/ros2_humble/install/ros2test:/home/jaboy/ros2_humble/install/ros2component:/home/jaboy/ros2_humble/install/ros2param:/home/jaboy/ros2_humble/install/ros2lifecycle:/home/jaboy/ros2_humble/install/ros2service:/home/jaboy/ros2_humble/install/ros2run:/home/jaboy/ros2_humble/install/ros2launch:/home/jaboy/ros2_humble/install/ros2pkg:/home/jaboy/ros2_humble/install/ros2node:/home/jaboy/ros2_humble/install/ros2multicast:/home/jaboy/ros2_humble/install/ros2interface:/home/jaboy/ros2_humble/install/ros2doctor:/home/jaboy/ros2_humble/install/ros2action:/home/jaboy/ros2_humble/install/ros2cli:/home/jaboy/ros2_humble/install/quality_of_service_demo_py:/home/jaboy/ros2_humble/install/lifecycle_py:/home/jaboy/ros2_humble/install/launch_testing_ros:/home/jaboy/ros2_humble/install/launch_ros:/home/jaboy/ros2_humble/install/examples_rclpy_pointcloud_publisher:/home/jaboy/ros2_humble/install/examples_rclpy_minimal_subscriber:/home/jaboy/ros2_humble/install/examples_rclpy_minimal_service:/home/jaboy/ros2_humble/install/examples_rclpy_minimal_publisher:/home/jaboy/ros2_humble/install/examples_rclpy_minimal_client:/home/jaboy/ros2_humble/install/examples_rclpy_minimal_action_server:/home/jaboy/ros2_humble/install/examples_rclpy_minimal_action_client:/home/jaboy/ros2_humble/install/examples_rclpy_guard_conditions:/home/jaboy/ros2_humble/install/examples_rclpy_executors:/home/jaboy/ros2_humble/install/demo_nodes_py:/home/jaboy/ros2_humble/install/camera_info_manager_py:/home/jaboy/ros2_humble/install/action_tutorials_py:/home/jaboy/ros2_humble/install/ament_uncrustify:/home/jaboy/ros2_humble/install/tracetools_trace:/home/jaboy/ros2_humble/install/tracetools_read:/home/jaboy/ros2_humble/install/rclcpp_lifecycle:/home/jaboy/ros2_humble/install/examples_rclcpp_cbg_executor:/home/jaboy/ros2_humble/install/test_tracetools_launch:/home/jaboy/ros2_humble/install/test_launch_ros:/home/jaboy/ros2_humble/install/sensor_msgs_py:/home/jaboy/ros2_humble/install/rpyutils:/home/jaboy/ros2_humble/install/rosidl_runtime_py:/home/jaboy/ros2_humble/install/rosidl_cli:/home/jaboy/ros2_humble/install/launch_pytest:/home/jaboy/ros2_humble/install/launch_testing:/home/jaboy/ros2_humble/install/launch_yaml:/home/jaboy/ros2_humble/install/launch_xml:/home/jaboy/ros2_humble/install/launch:/home/jaboy/ros2_humble/install/osrf_pycommon:/home/jaboy/ros2_humble/install/domain_coordinator:/home/jaboy/ros2_humble/install/ament_xmllint:/home/jaboy/ros2_humble/install/ament_pyflakes:/home/jaboy/ros2_humble/install/ament_pycodestyle:/home/jaboy/ros2_humble/install/ament_pep257:/home/jaboy/ros2_humble/install/ament_pclint:/home/jaboy/ros2_humble/install/ament_package:/home/jaboy/ros2_humble/install/ament_mypy:/home/jaboy/ros2_humble/install/ament_lint_cmake:/home/jaboy/ros2_humble/install/ament_flake8:/home/jaboy/ros2_humble/install/ament_copyright:/home/jaboy/ros2_humble/install/ament_lint:/home/jaboy/ros2_humble/install/ament_index_python:/home/jaboy/ros2_humble/install/ament_cpplint:/home/jaboy/ros2_humble/install/ament_cppcheck:/home/jaboy/ros2_humble/install/ament_clang_tidy:/home/jaboy/ros2_humble/install/ament_clang_format:/home/jaboy/ros2_ws/install/launch_testing_examples:/home/jaboy/ros2_ws/install/examples_rclpy_pointcloud_publisher:/home/jaboy/ros2_ws/install/examples_rclpy_minimal_subscriber:/home/jaboy/ros2_ws/install/examples_rclpy_minimal_service:/home/jaboy/ros2_ws/install/examples_rclpy_minimal_publisher:/home/jaboy/ros2_ws/install/examples_rclpy_minimal_client:/home/jaboy/ros2_ws/install/examples_rclpy_minimal_action_server:/home/jaboy/ros2_ws/install/examples_rclpy_minimal_action_client:/home/jaboy/ros2_ws/install/examples_rclpy_guard_conditions:/home/jaboy/ros2_ws/install/examples_rclpy_executors:/opt/ros/humble /usr/bin/cmake --build /home/jaboy/Documents/RBE500_Project/RBE500_Project/build/ros_gz_example_description -- -j16 -l16
[0.674s] DEBUG:colcon.colcon_core.event_handler.log_command:Invoking command in '/home/jaboy/Documents/RBE500_Project/RBE500_Project/build/inverse_kin': CMAKE_PREFIX_PATH=${CMAKE_PREFIX_PATH}:/home/jaboy/Documents/RBE500_Project/RBE500_Project/install/inverse_kinematics:/home/jaboy/Documents/RBE500_Project/RBE500_Project/install/forward_kinematics:/home/jaboy/Documents/RBE500_Project/RBE500_Project/install/control:/home/jaboy/ros2_humble/install/rqt_bag_plugins:/home/jaboy/ros2_humble/install/rqt_bag:/home/jaboy/ros2_humble/install/launch_testing_examples:/home/jaboy/ros2_humble/install/ros2bag:/home/jaboy/ros2_humble/install/tracetools_test:/home/jaboy/ros2_humble/install/tracetools_launch:/home/jaboy/ros2_humble/install/topic_monitor:/home/jaboy/ros2_humble/install/tf2_tools:/home/jaboy/ros2_humble/install/examples_tf2_py:/home/jaboy/ros2_humble/install/tf2_ros_py:/home/jaboy/ros2_humble/install/sros2:/home/jaboy/ros2_humble/install/rqt_topic:/home/jaboy/ros2_humble/install/rqt_srv:/home/jaboy/ros2_humble/install/rqt_shell:/home/jaboy/ros2_humble/install/rqt_service_caller:/home/jaboy/ros2_humble/install/rqt_reconfigure:/home/jaboy/ros2_humble/install/rqt_py_console:/home/jaboy/ros2_humble/install/rqt_publisher:/home/jaboy/ros2_humble/install/rqt_plot:/home/jaboy/ros2_humble/install/rqt_action:/home/jaboy/ros2_humble/install/rqt_msg:/home/jaboy/ros2_humble/install/rqt_console:/home/jaboy/ros2_humble/install/rqt:/home/jaboy/ros2_humble/install/rqt_graph:/home/jaboy/ros2_humble/install/rqt_gui_py:/home/jaboy/ros2_humble/install/rqt_gui:/home/jaboy/ros2_humble/install/ros2trace:/home/jaboy/ros2_humble/install/ros2topic:/home/jaboy/ros2_humble/install/ros2test:/home/jaboy/ros2_humble/install/ros2component:/home/jaboy/ros2_humble/install/ros2param:/home/jaboy/ros2_humble/install/ros2lifecycle:/home/jaboy/ros2_humble/install/ros2service:/home/jaboy/ros2_humble/install/ros2run:/home/jaboy/ros2_humble/install/ros2launch:/home/jaboy/ros2_humble/install/ros2pkg:/home/jaboy/ros2_humble/install/ros2node:/home/jaboy/ros2_humble/install/ros2multicast:/home/jaboy/ros2_humble/install/ros2interface:/home/jaboy/ros2_humble/install/ros2doctor:/home/jaboy/ros2_humble/install/ros2action:/home/jaboy/ros2_humble/install/ros2cli:/home/jaboy/ros2_humble/install/quality_of_service_demo_py:/home/jaboy/ros2_humble/install/lifecycle_py:/home/jaboy/ros2_humble/install/launch_testing_ros:/home/jaboy/ros2_humble/install/launch_ros:/home/jaboy/ros2_humble/install/examples_rclpy_pointcloud_publisher:/home/jaboy/ros2_humble/install/examples_rclpy_minimal_subscriber:/home/jaboy/ros2_humble/install/examples_rclpy_minimal_service:/home/jaboy/ros2_humble/install/examples_rclpy_minimal_publisher:/home/jaboy/ros2_humble/install/examples_rclpy_minimal_client:/home/jaboy/ros2_humble/install/examples_rclpy_minimal_action_server:/home/jaboy/ros2_humble/install/examples_rclpy_minimal_action_client:/home/jaboy/ros2_humble/install/examples_rclpy_guard_conditions:/home/jaboy/ros2_humble/install/examples_rclpy_executors:/home/jaboy/ros2_humble/install/demo_nodes_py:/home/jaboy/ros2_humble/install/camera_info_manager_py:/home/jaboy/ros2_humble/install/action_tutorials_py:/home/jaboy/ros2_humble/install/ament_uncrustify:/home/jaboy/ros2_humble/install/tracetools_trace:/home/jaboy/ros2_humble/install/tracetools_read:/home/jaboy/ros2_humble/install/rclcpp_lifecycle:/home/jaboy/ros2_humble/install/examples_rclcpp_cbg_executor:/home/jaboy/ros2_humble/install/test_tracetools_launch:/home/jaboy/ros2_humble/install/test_launch_ros:/home/jaboy/ros2_humble/install/sensor_msgs_py:/home/jaboy/ros2_humble/install/rpyutils:/home/jaboy/ros2_humble/install/rosidl_runtime_py:/home/jaboy/ros2_humble/install/rosidl_cli:/home/jaboy/ros2_humble/install/launch_pytest:/home/jaboy/ros2_humble/install/launch_testing:/home/jaboy/ros2_humble/install/launch_yaml:/home/jaboy/ros2_humble/install/launch_xml:/home/jaboy/ros2_humble/install/launch:/home/jaboy/ros2_humble/install/osrf_pycommon:/home/jaboy/ros2_humble/install/domain_coordinator:/home/jaboy/ros2_humble/install/ament_xmllint:/home/jaboy/ros2_humble/install/ament_pyflakes:/home/jaboy/ros2_humble/install/ament_pycodestyle:/home/jaboy/ros2_humble/install/ament_pep257:/home/jaboy/ros2_humble/install/ament_pclint:/home/jaboy/ros2_humble/install/ament_package:/home/jaboy/ros2_humble/install/ament_mypy:/home/jaboy/ros2_humble/install/ament_lint_cmake:/home/jaboy/ros2_humble/install/ament_flake8:/home/jaboy/ros2_humble/install/ament_copyright:/home/jaboy/ros2_humble/install/ament_lint:/home/jaboy/ros2_humble/install/ament_index_python:/home/jaboy/ros2_humble/install/ament_cpplint:/home/jaboy/ros2_humble/install/ament_cppcheck:/home/jaboy/ros2_humble/install/ament_clang_tidy:/home/jaboy/ros2_humble/install/ament_clang_format:/home/jaboy/ros2_ws/install/launch_testing_examples:/home/jaboy/ros2_ws/install/examples_rclpy_pointcloud_publisher:/home/jaboy/ros2_ws/install/examples_rclpy_minimal_subscriber:/home/jaboy/ros2_ws/install/examples_rclpy_minimal_service:/home/jaboy/ros2_ws/install/examples_rclpy_minimal_publisher:/home/jaboy/ros2_ws/install/examples_rclpy_minimal_client:/home/jaboy/ros2_ws/install/examples_rclpy_minimal_action_server:/home/jaboy/ros2_ws/install/examples_rclpy_minimal_action_client:/home/jaboy/ros2_ws/install/examples_rclpy_guard_conditions:/home/jaboy/ros2_ws/install/examples_rclpy_executors:/opt/ros/humble /usr/bin/cmake --build /home/jaboy/Documents/RBE500_Project/RBE500_Project/build/inverse_kin -- -j16 -l16
[1.093s] INFO:colcon.colcon_core.task.python.build:Building Python package in '/home/jaboy/Documents/RBE500_Project/RBE500_Project/control'
[1.093s] INFO:colcon.colcon_core.shell:Skip shell extension 'powershell' for command environment: Not usable outside of PowerShell
[1.093s] DEBUG:colcon.colcon_core.shell:Skip shell extension 'dsv' for command environment
[1.120s] DEBUG:colcon.colcon_core.event_handler.log_command:Invoking command in '/home/jaboy/Documents/RBE500_Project/RBE500_Project/build/custom_interfaces': CMAKE_PREFIX_PATH=${CMAKE_PREFIX_PATH}:/home/jaboy/Documents/RBE500_Project/RBE500_Project/install/inverse_kinematics:/home/jaboy/Documents/RBE500_Project/RBE500_Project/install/forward_kinematics:/home/jaboy/Documents/RBE500_Project/RBE500_Project/install/control:/home/jaboy/ros2_humble/install/rqt_bag_plugins:/home/jaboy/ros2_humble/install/rqt_bag:/home/jaboy/ros2_humble/install/launch_testing_examples:/home/jaboy/ros2_humble/install/ros2bag:/home/jaboy/ros2_humble/install/tracetools_test:/home/jaboy/ros2_humble/install/tracetools_launch:/home/jaboy/ros2_humble/install/topic_monitor:/home/jaboy/ros2_humble/install/tf2_tools:/home/jaboy/ros2_humble/install/examples_tf2_py:/home/jaboy/ros2_humble/install/tf2_ros_py:/home/jaboy/ros2_humble/install/sros2:/home/jaboy/ros2_humble/install/rqt_topic:/home/jaboy/ros2_humble/install/rqt_srv:/home/jaboy/ros2_humble/install/rqt_shell:/home/jaboy/ros2_humble/install/rqt_service_caller:/home/jaboy/ros2_humble/install/rqt_reconfigure:/home/jaboy/ros2_humble/install/rqt_py_console:/home/jaboy/ros2_humble/install/rqt_publisher:/home/jaboy/ros2_humble/install/rqt_plot:/home/jaboy/ros2_humble/install/rqt_action:/home/jaboy/ros2_humble/install/rqt_msg:/home/jaboy/ros2_humble/install/rqt_console:/home/jaboy/ros2_humble/install/rqt:/home/jaboy/ros2_humble/install/rqt_graph:/home/jaboy/ros2_humble/install/rqt_gui_py:/home/jaboy/ros2_humble/install/rqt_gui:/home/jaboy/ros2_humble/install/ros2trace:/home/jaboy/ros2_humble/install/ros2topic:/home/jaboy/ros2_humble/install/ros2test:/home/jaboy/ros2_humble/install/ros2component:/home/jaboy/ros2_humble/install/ros2param:/home/jaboy/ros2_humble/install/ros2lifecycle:/home/jaboy/ros2_humble/install/ros2service:/home/jaboy/ros2_humble/install/ros2run:/home/jaboy/ros2_humble/install/ros2launch:/home/jaboy/ros2_humble/install/ros2pkg:/home/jaboy/ros2_humble/install/ros2node:/home/jaboy/ros2_humble/install/ros2multicast:/home/jaboy/ros2_humble/install/ros2interface:/home/jaboy/ros2_humble/install/ros2doctor:/home/jaboy/ros2_humble/install/ros2action:/home/jaboy/ros2_humble/install/ros2cli:/home/jaboy/ros2_humble/install/quality_of_service_demo_py:/home/jaboy/ros2_humble/install/lifecycle_py:/home/jaboy/ros2_humble/install/launch_testing_ros:/home/jaboy/ros2_humble/install/launch_ros:/home/jaboy/ros2_humble/install/examples_rclpy_pointcloud_publisher:/home/jaboy/ros2_humble/install/examples_rclpy_minimal_subscriber:/home/jaboy/ros2_humble/install/examples_rclpy_minimal_service:/home/jaboy/ros2_humble/install/examples_rclpy_minimal_publisher:/home/jaboy/ros2_humble/install/examples_rclpy_minimal_client:/home/jaboy/ros2_humble/install/examples_rclpy_minimal_action_server:/home/jaboy/ros2_humble/install/examples_rclpy_minimal_action_client:/home/jaboy/ros2_humble/install/examples_rclpy_guard_conditions:/home/jaboy/ros2_humble/install/examples_rclpy_executors:/home/jaboy/ros2_humble/install/demo_nodes_py:/home/jaboy/ros2_humble/install/camera_info_manager_py:/home/jaboy/ros2_humble/install/action_tutorials_py:/home/jaboy/ros2_humble/install/ament_uncrustify:/home/jaboy/ros2_humble/install/tracetools_trace:/home/jaboy/ros2_humble/install/tracetools_read:/home/jaboy/ros2_humble/install/rclcpp_lifecycle:/home/jaboy/ros2_humble/install/examples_rclcpp_cbg_executor:/home/jaboy/ros2_humble/install/test_tracetools_launch:/home/jaboy/ros2_humble/install/test_launch_ros:/home/jaboy/ros2_humble/install/sensor_msgs_py:/home/jaboy/ros2_humble/install/rpyutils:/home/jaboy/ros2_humble/install/rosidl_runtime_py:/home/jaboy/ros2_humble/install/rosidl_cli:/home/jaboy/ros2_humble/install/launch_pytest:/home/jaboy/ros2_humble/install/launch_testing:/home/jaboy/ros2_humble/install/launch_yaml:/home/jaboy/ros2_humble/install/launch_xml:/home/jaboy/ros2_humble/install/launch:/home/jaboy/ros2_humble/install/osrf_pycommon:/home/jaboy/ros2_humble/install/domain_coordinator:/home/jaboy/ros2_humble/install/ament_xmllint:/home/jaboy/ros2_humble/install/ament_pyflakes:/home/jaboy/ros2_humble/install/ament_pycodestyle:/home/jaboy/ros2_humble/install/ament_pep257:/home/jaboy/ros2_humble/install/ament_pclint:/home/jaboy/ros2_humble/install/ament_package:/home/jaboy/ros2_humble/install/ament_mypy:/home/jaboy/ros2_humble/install/ament_lint_cmake:/home/jaboy/ros2_humble/install/ament_flake8:/home/jaboy/ros2_humble/install/ament_copyright:/home/jaboy/ros2_humble/install/ament_lint:/home/jaboy/ros2_humble/install/ament_index_python:/home/jaboy/ros2_humble/install/ament_cpplint:/home/jaboy/ros2_humble/install/ament_cppcheck:/home/jaboy/ros2_humble/install/ament_clang_tidy:/home/jaboy/ros2_humble/install/ament_clang_format:/home/jaboy/ros2_ws/install/launch_testing_examples:/home/jaboy/ros2_ws/install/examples_rclpy_pointcloud_publisher:/home/jaboy/ros2_ws/install/examples_rclpy_minimal_subscriber:/home/jaboy/ros2_ws/install/examples_rclpy_minimal_service:/home/jaboy/ros2_ws/install/examples_rclpy_minimal_publisher:/home/jaboy/ros2_ws/install/examples_rclpy_minimal_client:/home/jaboy/ros2_ws/install/examples_rclpy_minimal_action_server:/home/jaboy/ros2_ws/install/examples_rclpy_minimal_action_client:/home/jaboy/ros2_ws/install/examples_rclpy_guard_conditions:/home/jaboy/ros2_ws/install/examples_rclpy_executors:/opt/ros/humble /usr/bin/cmake /home/jaboy/Documents/RBE500_Project/RBE500_Project/custom_interfaces -DCMAKE_INSTALL_PREFIX=/home/jaboy/Documents/RBE500_Project/RBE500_Project/install/custom_interfaces
[1.532s] INFO:colcon.colcon_core.task.python.build:Building Python package in '/home/jaboy/Documents/RBE500_Project/RBE500_Project/forward_kinematics'
[1.533s] INFO:colcon.colcon_core.shell:Skip shell extension 'powershell' for command environment: Not usable outside of PowerShell
[1.533s] DEBUG:colcon.colcon_core.shell:Skip shell extension 'dsv' for command environment
[1.564s] DEBUG:colcon.colcon_core.event_handler.log_command:Invoking command in '/home/jaboy/Documents/RBE500_Project/RBE500_Project/build/ros_gz_example_application': CMAKE_PREFIX_PATH=${CMAKE_PREFIX_PATH}:/home/jaboy/Documents/RBE500_Project/RBE500_Project/install/inverse_kinematics:/home/jaboy/Documents/RBE500_Project/RBE500_Project/install/forward_kinematics:/home/jaboy/Documents/RBE500_Project/RBE500_Project/install/control:/home/jaboy/ros2_humble/install/rqt_bag_plugins:/home/jaboy/ros2_humble/install/rqt_bag:/home/jaboy/ros2_humble/install/launch_testing_examples:/home/jaboy/ros2_humble/install/ros2bag:/home/jaboy/ros2_humble/install/tracetools_test:/home/jaboy/ros2_humble/install/tracetools_launch:/home/jaboy/ros2_humble/install/topic_monitor:/home/jaboy/ros2_humble/install/tf2_tools:/home/jaboy/ros2_humble/install/examples_tf2_py:/home/jaboy/ros2_humble/install/tf2_ros_py:/home/jaboy/ros2_humble/install/sros2:/home/jaboy/ros2_humble/install/rqt_topic:/home/jaboy/ros2_humble/install/rqt_srv:/home/jaboy/ros2_humble/install/rqt_shell:/home/jaboy/ros2_humble/install/rqt_service_caller:/home/jaboy/ros2_humble/install/rqt_reconfigure:/home/jaboy/ros2_humble/install/rqt_py_console:/home/jaboy/ros2_humble/install/rqt_publisher:/home/jaboy/ros2_humble/install/rqt_plot:/home/jaboy/ros2_humble/install/rqt_action:/home/jaboy/ros2_humble/install/rqt_msg:/home/jaboy/ros2_humble/install/rqt_console:/home/jaboy/ros2_humble/install/rqt:/home/jaboy/ros2_humble/install/rqt_graph:/home/jaboy/ros2_humble/install/rqt_gui_py:/home/jaboy/ros2_humble/install/rqt_gui:/home/jaboy/ros2_humble/install/ros2trace:/home/jaboy/ros2_humble/install/ros2topic:/home/jaboy/ros2_humble/install/ros2test:/home/jaboy/ros2_humble/install/ros2component:/home/jaboy/ros2_humble/install/ros2param:/home/jaboy/ros2_humble/install/ros2lifecycle:/home/jaboy/ros2_humble/install/ros2service:/home/jaboy/ros2_humble/install/ros2run:/home/jaboy/ros2_humble/install/ros2launch:/home/jaboy/ros2_humble/install/ros2pkg:/home/jaboy/ros2_humble/install/ros2node:/home/jaboy/ros2_humble/install/ros2multicast:/home/jaboy/ros2_humble/install/ros2interface:/home/jaboy/ros2_humble/install/ros2doctor:/home/jaboy/ros2_humble/install/ros2action:/home/jaboy/ros2_humble/install/ros2cli:/home/jaboy/ros2_humble/install/quality_of_service_demo_py:/home/jaboy/ros2_humble/install/lifecycle_py:/home/jaboy/ros2_humble/install/launch_testing_ros:/home/jaboy/ros2_humble/install/launch_ros:/home/jaboy/ros2_humble/install/examples_rclpy_pointcloud_publisher:/home/jaboy/ros2_humble/install/examples_rclpy_minimal_subscriber:/home/jaboy/ros2_humble/install/examples_rclpy_minimal_service:/home/jaboy/ros2_humble/install/examples_rclpy_minimal_publisher:/home/jaboy/ros2_humble/install/examples_rclpy_minimal_client:/home/jaboy/ros2_humble/install/examples_rclpy_minimal_action_server:/home/jaboy/ros2_humble/install/examples_rclpy_minimal_action_client:/home/jaboy/ros2_humble/install/examples_rclpy_guard_conditions:/home/jaboy/ros2_humble/install/examples_rclpy_executors:/home/jaboy/ros2_humble/install/demo_nodes_py:/home/jaboy/ros2_humble/install/camera_info_manager_py:/home/jaboy/ros2_humble/install/action_tutorials_py:/home/jaboy/ros2_humble/install/ament_uncrustify:/home/jaboy/ros2_humble/install/tracetools_trace:/home/jaboy/ros2_humble/install/tracetools_read:/home/jaboy/ros2_humble/install/rclcpp_lifecycle:/home/jaboy/ros2_humble/install/examples_rclcpp_cbg_executor:/home/jaboy/ros2_humble/install/test_tracetools_launch:/home/jaboy/ros2_humble/install/test_launch_ros:/home/jaboy/ros2_humble/install/sensor_msgs_py:/home/jaboy/ros2_humble/install/rpyutils:/home/jaboy/ros2_humble/install/rosidl_runtime_py:/home/jaboy/ros2_humble/install/rosidl_cli:/home/jaboy/ros2_humble/install/launch_pytest:/home/jaboy/ros2_humble/install/launch_testing:/home/jaboy/ros2_humble/install/launch_yaml:/home/jaboy/ros2_humble/install/launch_xml:/home/jaboy/ros2_humble/install/launch:/home/jaboy/ros2_humble/install/osrf_pycommon:/home/jaboy/ros2_humble/install/domain_coordinator:/home/jaboy/ros2_humble/install/ament_xmllint:/home/jaboy/ros2_humble/install/ament_pyflakes:/home/jaboy/ros2_humble/install/ament_pycodestyle:/home/jaboy/ros2_humble/install/ament_pep257:/home/jaboy/ros2_humble/install/ament_pclint:/home/jaboy/ros2_humble/install/ament_package:/home/jaboy/ros2_humble/install/ament_mypy:/home/jaboy/ros2_humble/install/ament_lint_cmake:/home/jaboy/ros2_humble/install/ament_flake8:/home/jaboy/ros2_humble/install/ament_copyright:/home/jaboy/ros2_humble/install/ament_lint:/home/jaboy/ros2_humble/install/ament_index_python:/home/jaboy/ros2_humble/install/ament_cpplint:/home/jaboy/ros2_humble/install/ament_cppcheck:/home/jaboy/ros2_humble/install/ament_clang_tidy:/home/jaboy/ros2_humble/install/ament_clang_format:/home/jaboy/ros2_ws/install/launch_testing_examples:/home/jaboy/ros2_ws/install/examples_rclpy_pointcloud_publisher:/home/jaboy/ros2_ws/install/examples_rclpy_minimal_subscriber:/home/jaboy/ros2_ws/install/examples_rclpy_minimal_service:/home/jaboy/ros2_ws/install/examples_rclpy_minimal_publisher:/home/jaboy/ros2_ws/install/examples_rclpy_minimal_client:/home/jaboy/ros2_ws/install/examples_rclpy_minimal_action_server:/home/jaboy/ros2_ws/install/examples_rclpy_minimal_action_client:/home/jaboy/ros2_ws/install/examples_rclpy_guard_conditions:/home/jaboy/ros2_ws/install/examples_rclpy_executors:/opt/ros/humble /usr/bin/cmake --build /home/jaboy/Documents/RBE500_Project/RBE500_Project/build/ros_gz_example_application -- -j16 -l16
[1.564s] DEBUG:colcon.colcon_core.event_handler.log_command:Invoked command in '/home/jaboy/Documents/RBE500_Project/RBE500_Project/build/ros_gz_example_description' returned '0': CMAKE_PREFIX_PATH=${CMAKE_PREFIX_PATH}:/home/jaboy/Documents/RBE500_Project/RBE500_Project/install/inverse_kinematics:/home/jaboy/Documents/RBE500_Project/RBE500_Project/install/forward_kinematics:/home/jaboy/Documents/RBE500_Project/RBE500_Project/install/control:/home/jaboy/ros2_humble/install/rqt_bag_plugins:/home/jaboy/ros2_humble/install/rqt_bag:/home/jaboy/ros2_humble/install/launch_testing_examples:/home/jaboy/ros2_humble/install/ros2bag:/home/jaboy/ros2_humble/install/tracetools_test:/home/jaboy/ros2_humble/install/tracetools_launch:/home/jaboy/ros2_humble/install/topic_monitor:/home/jaboy/ros2_humble/install/tf2_tools:/home/jaboy/ros2_humble/install/examples_tf2_py:/home/jaboy/ros2_humble/install/tf2_ros_py:/home/jaboy/ros2_humble/install/sros2:/home/jaboy/ros2_humble/install/rqt_topic:/home/jaboy/ros2_humble/install/rqt_srv:/home/jaboy/ros2_humble/install/rqt_shell:/home/jaboy/ros2_humble/install/rqt_service_caller:/home/jaboy/ros2_humble/install/rqt_reconfigure:/home/jaboy/ros2_humble/install/rqt_py_console:/home/jaboy/ros2_humble/install/rqt_publisher:/home/jaboy/ros2_humble/install/rqt_plot:/home/jaboy/ros2_humble/install/rqt_action:/home/jaboy/ros2_humble/install/rqt_msg:/home/jaboy/ros2_humble/install/rqt_console:/home/jaboy/ros2_humble/install/rqt:/home/jaboy/ros2_humble/install/rqt_graph:/home/jaboy/ros2_humble/install/rqt_gui_py:/home/jaboy/ros2_humble/install/rqt_gui:/home/jaboy/ros2_humble/install/ros2trace:/home/jaboy/ros2_humble/install/ros2topic:/home/jaboy/ros2_humble/install/ros2test:/home/jaboy/ros2_humble/install/ros2component:/home/jaboy/ros2_humble/install/ros2param:/home/jaboy/ros2_humble/install/ros2lifecycle:/home/jaboy/ros2_humble/install/ros2service:/home/jaboy/ros2_humble/install/ros2run:/home/jaboy/ros2_humble/install/ros2launch:/home/jaboy/ros2_humble/install/ros2pkg:/home/jaboy/ros2_humble/install/ros2node:/home/jaboy/ros2_humble/install/ros2multicast:/home/jaboy/ros2_humble/install/ros2interface:/home/jaboy/ros2_humble/install/ros2doctor:/home/jaboy/ros2_humble/install/ros2action:/home/jaboy/ros2_humble/install/ros2cli:/home/jaboy/ros2_humble/install/quality_of_service_demo_py:/home/jaboy/ros2_humble/install/lifecycle_py:/home/jaboy/ros2_humble/install/launch_testing_ros:/home/jaboy/ros2_humble/install/launch_ros:/home/jaboy/ros2_humble/install/examples_rclpy_pointcloud_publisher:/home/jaboy/ros2_humble/install/examples_rclpy_minimal_subscriber:/home/jaboy/ros2_humble/install/examples_rclpy_minimal_service:/home/jaboy/ros2_humble/install/examples_rclpy_minimal_publisher:/home/jaboy/ros2_humble/install/examples_rclpy_minimal_client:/home/jaboy/ros2_humble/install/examples_rclpy_minimal_action_server:/home/jaboy/ros2_humble/install/examples_rclpy_minimal_action_client:/home/jaboy/ros2_humble/install/examples_rclpy_guard_conditions:/home/jaboy/ros2_humble/install/examples_rclpy_executors:/home/jaboy/ros2_humble/install/demo_nodes_py:/home/jaboy/ros2_humble/install/camera_info_manager_py:/home/jaboy/ros2_humble/install/action_tutorials_py:/home/jaboy/ros2_humble/install/ament_uncrustify:/home/jaboy/ros2_humble/install/tracetools_trace:/home/jaboy/ros2_humble/install/tracetools_read:/home/jaboy/ros2_humble/install/rclcpp_lifecycle:/home/jaboy/ros2_humble/install/examples_rclcpp_cbg_executor:/home/jaboy/ros2_humble/install/test_tracetools_launch:/home/jaboy/ros2_humble/install/test_launch_ros:/home/jaboy/ros2_humble/install/sensor_msgs_py:/home/jaboy/ros2_humble/install/rpyutils:/home/jaboy/ros2_humble/install/rosidl_runtime_py:/home/jaboy/ros2_humble/install/rosidl_cli:/home/jaboy/ros2_humble/install/launch_pytest:/home/jaboy/ros2_humble/install/launch_testing:/home/jaboy/ros2_humble/install/launch_yaml:/home/jaboy/ros2_humble/install/launch_xml:/home/jaboy/ros2_humble/install/launch:/home/jaboy/ros2_humble/install/osrf_pycommon:/home/jaboy/ros2_humble/install/domain_coordinator:/home/jaboy/ros2_humble/install/ament_xmllint:/home/jaboy/ros2_humble/install/ament_pyflakes:/home/jaboy/ros2_humble/install/ament_pycodestyle:/home/jaboy/ros2_humble/install/ament_pep257:/home/jaboy/ros2_humble/install/ament_pclint:/home/jaboy/ros2_humble/install/ament_package:/home/jaboy/ros2_humble/install/ament_mypy:/home/jaboy/ros2_humble/install/ament_lint_cmake:/home/jaboy/ros2_humble/install/ament_flake8:/home/jaboy/ros2_humble/install/ament_copyright:/home/jaboy/ros2_humble/install/ament_lint:/home/jaboy/ros2_humble/install/ament_index_python:/home/jaboy/ros2_humble/install/ament_cpplint:/home/jaboy/ros2_humble/install/ament_cppcheck:/home/jaboy/ros2_humble/install/ament_clang_tidy:/home/jaboy/ros2_humble/install/ament_clang_format:/home/jaboy/ros2_ws/install/launch_testing_examples:/home/jaboy/ros2_ws/install/examples_rclpy_pointcloud_publisher:/home/jaboy/ros2_ws/install/examples_rclpy_minimal_subscriber:/home/jaboy/ros2_ws/install/examples_rclpy_minimal_service:/home/jaboy/ros2_ws/install/examples_rclpy_minimal_publisher:/home/jaboy/ros2_ws/install/examples_rclpy_minimal_client:/home/jaboy/ros2_ws/install/examples_rclpy_minimal_action_server:/home/jaboy/ros2_ws/install/examples_rclpy_minimal_action_client:/home/jaboy/ros2_ws/install/examples_rclpy_guard_conditions:/home/jaboy/ros2_ws/install/examples_rclpy_executors:/opt/ros/humble /usr/bin/cmake --build /home/jaboy/Documents/RBE500_Project/RBE500_Project/build/ros_gz_example_description -- -j16 -l16
[1.584s] DEBUG:colcon.colcon_core.event_handler.log_command:Invoking command in '/home/jaboy/Documents/RBE500_Project/RBE500_Project/build/ros_gz_example_description': CMAKE_PREFIX_PATH=${CMAKE_PREFIX_PATH}:/home/jaboy/Documents/RBE500_Project/RBE500_Project/install/inverse_kinematics:/home/jaboy/Documents/RBE500_Project/RBE500_Project/install/forward_kinematics:/home/jaboy/Documents/RBE500_Project/RBE500_Project/install/control:/home/jaboy/ros2_humble/install/rqt_bag_plugins:/home/jaboy/ros2_humble/install/rqt_bag:/home/jaboy/ros2_humble/install/launch_testing_examples:/home/jaboy/ros2_humble/install/ros2bag:/home/jaboy/ros2_humble/install/tracetools_test:/home/jaboy/ros2_humble/install/tracetools_launch:/home/jaboy/ros2_humble/install/topic_monitor:/home/jaboy/ros2_humble/install/tf2_tools:/home/jaboy/ros2_humble/install/examples_tf2_py:/home/jaboy/ros2_humble/install/tf2_ros_py:/home/jaboy/ros2_humble/install/sros2:/home/jaboy/ros2_humble/install/rqt_topic:/home/jaboy/ros2_humble/install/rqt_srv:/home/jaboy/ros2_humble/install/rqt_shell:/home/jaboy/ros2_humble/install/rqt_service_caller:/home/jaboy/ros2_humble/install/rqt_reconfigure:/home/jaboy/ros2_humble/install/rqt_py_console:/home/jaboy/ros2_humble/install/rqt_publisher:/home/jaboy/ros2_humble/install/rqt_plot:/home/jaboy/ros2_humble/install/rqt_action:/home/jaboy/ros2_humble/install/rqt_msg:/home/jaboy/ros2_humble/install/rqt_console:/home/jaboy/ros2_humble/install/rqt:/home/jaboy/ros2_humble/install/rqt_graph:/home/jaboy/ros2_humble/install/rqt_gui_py:/home/jaboy/ros2_humble/install/rqt_gui:/home/jaboy/ros2_humble/install/ros2trace:/home/jaboy/ros2_humble/install/ros2topic:/home/jaboy/ros2_humble/install/ros2test:/home/jaboy/ros2_humble/install/ros2component:/home/jaboy/ros2_humble/install/ros2param:/home/jaboy/ros2_humble/install/ros2lifecycle:/home/jaboy/ros2_humble/install/ros2service:/home/jaboy/ros2_humble/install/ros2run:/home/jaboy/ros2_humble/install/ros2launch:/home/jaboy/ros2_humble/install/ros2pkg:/home/jaboy/ros2_humble/install/ros2node:/home/jaboy/ros2_humble/install/ros2multicast:/home/jaboy/ros2_humble/install/ros2interface:/home/jaboy/ros2_humble/install/ros2doctor:/home/jaboy/ros2_humble/install/ros2action:/home/jaboy/ros2_humble/install/ros2cli:/home/jaboy/ros2_humble/install/quality_of_service_demo_py:/home/jaboy/ros2_humble/install/lifecycle_py:/home/jaboy/ros2_humble/install/launch_testing_ros:/home/jaboy/ros2_humble/install/launch_ros:/home/jaboy/ros2_humble/install/examples_rclpy_pointcloud_publisher:/home/jaboy/ros2_humble/install/examples_rclpy_minimal_subscriber:/home/jaboy/ros2_humble/install/examples_rclpy_minimal_service:/home/jaboy/ros2_humble/install/examples_rclpy_minimal_publisher:/home/jaboy/ros2_humble/install/examples_rclpy_minimal_client:/home/jaboy/ros2_humble/install/examples_rclpy_minimal_action_server:/home/jaboy/ros2_humble/install/examples_rclpy_minimal_action_client:/home/jaboy/ros2_humble/install/examples_rclpy_guard_conditions:/home/jaboy/ros2_humble/install/examples_rclpy_executors:/home/jaboy/ros2_humble/install/demo_nodes_py:/home/jaboy/ros2_humble/install/camera_info_manager_py:/home/jaboy/ros2_humble/install/action_tutorials_py:/home/jaboy/ros2_humble/install/ament_uncrustify:/home/jaboy/ros2_humble/install/tracetools_trace:/home/jaboy/ros2_humble/install/tracetools_read:/home/jaboy/ros2_humble/install/rclcpp_lifecycle:/home/jaboy/ros2_humble/install/examples_rclcpp_cbg_executor:/home/jaboy/ros2_humble/install/test_tracetools_launch:/home/jaboy/ros2_humble/install/test_launch_ros:/home/jaboy/ros2_humble/install/sensor_msgs_py:/home/jaboy/ros2_humble/install/rpyutils:/home/jaboy/ros2_humble/install/rosidl_runtime_py:/home/jaboy/ros2_humble/install/rosidl_cli:/home/jaboy/ros2_humble/install/launch_pytest:/home/jaboy/ros2_humble/install/launch_testing:/home/jaboy/ros2_humble/install/launch_yaml:/home/jaboy/ros2_humble/install/launch_xml:/home/jaboy/ros2_humble/install/launch:/home/jaboy/ros2_humble/install/osrf_pycommon:/home/jaboy/ros2_humble/install/domain_coordinator:/home/jaboy/ros2_humble/install/ament_xmllint:/home/jaboy/ros2_humble/install/ament_pyflakes:/home/jaboy/ros2_humble/install/ament_pycodestyle:/home/jaboy/ros2_humble/install/ament_pep257:/home/jaboy/ros2_humble/install/ament_pclint:/home/jaboy/ros2_humble/install/ament_package:/home/jaboy/ros2_humble/install/ament_mypy:/home/jaboy/ros2_humble/install/ament_lint_cmake:/home/jaboy/ros2_humble/install/ament_flake8:/home/jaboy/ros2_humble/install/ament_copyright:/home/jaboy/ros2_humble/install/ament_lint:/home/jaboy/ros2_humble/install/ament_index_python:/home/jaboy/ros2_humble/install/ament_cpplint:/home/jaboy/ros2_humble/install/ament_cppcheck:/home/jaboy/ros2_humble/install/ament_clang_tidy:/home/jaboy/ros2_humble/install/ament_clang_format:/home/jaboy/ros2_ws/install/launch_testing_examples:/home/jaboy/ros2_ws/install/examples_rclpy_pointcloud_publisher:/home/jaboy/ros2_ws/install/examples_rclpy_minimal_subscriber:/home/jaboy/ros2_ws/install/examples_rclpy_minimal_service:/home/jaboy/ros2_ws/install/examples_rclpy_minimal_publisher:/home/jaboy/ros2_ws/install/examples_rclpy_minimal_client:/home/jaboy/ros2_ws/install/examples_rclpy_minimal_action_server:/home/jaboy/ros2_ws/install/examples_rclpy_minimal_action_client:/home/jaboy/ros2_ws/install/examples_rclpy_guard_conditions:/home/jaboy/ros2_ws/install/examples_rclpy_executors:/opt/ros/humble /usr/bin/cmake --install /home/jaboy/Documents/RBE500_Project/RBE500_Project/build/ros_gz_example_description
[1.584s] DEBUG:colcon.colcon_core.event_handler.log_command:Invoked command in '/home/jaboy/Documents/RBE500_Project/RBE500_Project/build/inverse_kin' returned '0': CMAKE_PREFIX_PATH=${CMAKE_PREFIX_PATH}:/home/jaboy/Documents/RBE500_Project/RBE500_Project/install/inverse_kinematics:/home/jaboy/Documents/RBE500_Project/RBE500_Project/install/forward_kinematics:/home/jaboy/Documents/RBE500_Project/RBE500_Project/install/control:/home/jaboy/ros2_humble/install/rqt_bag_plugins:/home/jaboy/ros2_humble/install/rqt_bag:/home/jaboy/ros2_humble/install/launch_testing_examples:/home/jaboy/ros2_humble/install/ros2bag:/home/jaboy/ros2_humble/install/tracetools_test:/home/jaboy/ros2_humble/install/tracetools_launch:/home/jaboy/ros2_humble/install/topic_monitor:/home/jaboy/ros2_humble/install/tf2_tools:/home/jaboy/ros2_humble/install/examples_tf2_py:/home/jaboy/ros2_humble/install/tf2_ros_py:/home/jaboy/ros2_humble/install/sros2:/home/jaboy/ros2_humble/install/rqt_topic:/home/jaboy/ros2_humble/install/rqt_srv:/home/jaboy/ros2_humble/install/rqt_shell:/home/jaboy/ros2_humble/install/rqt_service_caller:/home/jaboy/ros2_humble/install/rqt_reconfigure:/home/jaboy/ros2_humble/install/rqt_py_console:/home/jaboy/ros2_humble/install/rqt_publisher:/home/jaboy/ros2_humble/install/rqt_plot:/home/jaboy/ros2_humble/install/rqt_action:/home/jaboy/ros2_humble/install/rqt_msg:/home/jaboy/ros2_humble/install/rqt_console:/home/jaboy/ros2_humble/install/rqt:/home/jaboy/ros2_humble/install/rqt_graph:/home/jaboy/ros2_humble/install/rqt_gui_py:/home/jaboy/ros2_humble/install/rqt_gui:/home/jaboy/ros2_humble/install/ros2trace:/home/jaboy/ros2_humble/install/ros2topic:/home/jaboy/ros2_humble/install/ros2test:/home/jaboy/ros2_humble/install/ros2component:/home/jaboy/ros2_humble/install/ros2param:/home/jaboy/ros2_humble/install/ros2lifecycle:/home/jaboy/ros2_humble/install/ros2service:/home/jaboy/ros2_humble/install/ros2run:/home/jaboy/ros2_humble/install/ros2launch:/home/jaboy/ros2_humble/install/ros2pkg:/home/jaboy/ros2_humble/install/ros2node:/home/jaboy/ros2_humble/install/ros2multicast:/home/jaboy/ros2_humble/install/ros2interface:/home/jaboy/ros2_humble/install/ros2doctor:/home/jaboy/ros2_humble/install/ros2action:/home/jaboy/ros2_humble/install/ros2cli:/home/jaboy/ros2_humble/install/quality_of_service_demo_py:/home/jaboy/ros2_humble/install/lifecycle_py:/home/jaboy/ros2_humble/install/launch_testing_ros:/home/jaboy/ros2_humble/install/launch_ros:/home/jaboy/ros2_humble/install/examples_rclpy_pointcloud_publisher:/home/jaboy/ros2_humble/install/examples_rclpy_minimal_subscriber:/home/jaboy/ros2_humble/install/examples_rclpy_minimal_service:/home/jaboy/ros2_humble/install/examples_rclpy_minimal_publisher:/home/jaboy/ros2_humble/install/examples_rclpy_minimal_client:/home/jaboy/ros2_humble/install/examples_rclpy_minimal_action_server:/home/jaboy/ros2_humble/install/examples_rclpy_minimal_action_client:/home/jaboy/ros2_humble/install/examples_rclpy_guard_conditions:/home/jaboy/ros2_humble/install/examples_rclpy_executors:/home/jaboy/ros2_humble/install/demo_nodes_py:/home/jaboy/ros2_humble/install/camera_info_manager_py:/home/jaboy/ros2_humble/install/action_tutorials_py:/home/jaboy/ros2_humble/install/ament_uncrustify:/home/jaboy/ros2_humble/install/tracetools_trace:/home/jaboy/ros2_humble/install/tracetools_read:/home/jaboy/ros2_humble/install/rclcpp_lifecycle:/home/jaboy/ros2_humble/install/examples_rclcpp_cbg_executor:/home/jaboy/ros2_humble/install/test_tracetools_launch:/home/jaboy/ros2_humble/install/test_launch_ros:/home/jaboy/ros2_humble/install/sensor_msgs_py:/home/jaboy/ros2_humble/install/rpyutils:/home/jaboy/ros2_humble/install/rosidl_runtime_py:/home/jaboy/ros2_humble/install/rosidl_cli:/home/jaboy/ros2_humble/install/launch_pytest:/home/jaboy/ros2_humble/install/launch_testing:/home/jaboy/ros2_humble/install/launch_yaml:/home/jaboy/ros2_humble/install/launch_xml:/home/jaboy/ros2_humble/install/launch:/home/jaboy/ros2_humble/install/osrf_pycommon:/home/jaboy/ros2_humble/install/domain_coordinator:/home/jaboy/ros2_humble/install/ament_xmllint:/home/jaboy/ros2_humble/install/ament_pyflakes:/home/jaboy/ros2_humble/install/ament_pycodestyle:/home/jaboy/ros2_humble/install/ament_pep257:/home/jaboy/ros2_humble/install/ament_pclint:/home/jaboy/ros2_humble/install/ament_package:/home/jaboy/ros2_humble/install/ament_mypy:/home/jaboy/ros2_humble/install/ament_lint_cmake:/home/jaboy/ros2_humble/install/ament_flake8:/home/jaboy/ros2_humble/install/ament_copyright:/home/jaboy/ros2_humble/install/ament_lint:/home/jaboy/ros2_humble/install/ament_index_python:/home/jaboy/ros2_humble/install/ament_cpplint:/home/jaboy/ros2_humble/install/ament_cppcheck:/home/jaboy/ros2_humble/install/ament_clang_tidy:/home/jaboy/ros2_humble/install/ament_clang_format:/home/jaboy/ros2_ws/install/launch_testing_examples:/home/jaboy/ros2_ws/install/examples_rclpy_pointcloud_publisher:/home/jaboy/ros2_ws/install/examples_rclpy_minimal_subscriber:/home/jaboy/ros2_ws/install/examples_rclpy_minimal_service:/home/jaboy/ros2_ws/install/examples_rclpy_minimal_publisher:/home/jaboy/ros2_ws/install/examples_rclpy_minimal_client:/home/jaboy/ros2_ws/install/examples_rclpy_minimal_action_server:/home/jaboy/ros2_ws/install/examples_rclpy_minimal_action_client:/home/jaboy/ros2_ws/install/examples_rclpy_guard_conditions:/home/jaboy/ros2_ws/install/examples_rclpy_executors:/opt/ros/humble /usr/bin/cmake --build /home/jaboy/Documents/RBE500_Project/RBE500_Project/build/inverse_kin -- -j16 -l16
[1.585s] DEBUG:colcon.colcon_core.event_handler.log_command:Invoking command in '/home/jaboy/Documents/RBE500_Project/RBE500_Project/build/inverse_kin': CMAKE_PREFIX_PATH=${CMAKE_PREFIX_PATH}:/home/jaboy/Documents/RBE500_Project/RBE500_Project/install/inverse_kinematics:/home/jaboy/Documents/RBE500_Project/RBE500_Project/install/forward_kinematics:/home/jaboy/Documents/RBE500_Project/RBE500_Project/install/control:/home/jaboy/ros2_humble/install/rqt_bag_plugins:/home/jaboy/ros2_humble/install/rqt_bag:/home/jaboy/ros2_humble/install/launch_testing_examples:/home/jaboy/ros2_humble/install/ros2bag:/home/jaboy/ros2_humble/install/tracetools_test:/home/jaboy/ros2_humble/install/tracetools_launch:/home/jaboy/ros2_humble/install/topic_monitor:/home/jaboy/ros2_humble/install/tf2_tools:/home/jaboy/ros2_humble/install/examples_tf2_py:/home/jaboy/ros2_humble/install/tf2_ros_py:/home/jaboy/ros2_humble/install/sros2:/home/jaboy/ros2_humble/install/rqt_topic:/home/jaboy/ros2_humble/install/rqt_srv:/home/jaboy/ros2_humble/install/rqt_shell:/home/jaboy/ros2_humble/install/rqt_service_caller:/home/jaboy/ros2_humble/install/rqt_reconfigure:/home/jaboy/ros2_humble/install/rqt_py_console:/home/jaboy/ros2_humble/install/rqt_publisher:/home/jaboy/ros2_humble/install/rqt_plot:/home/jaboy/ros2_humble/install/rqt_action:/home/jaboy/ros2_humble/install/rqt_msg:/home/jaboy/ros2_humble/install/rqt_console:/home/jaboy/ros2_humble/install/rqt:/home/jaboy/ros2_humble/install/rqt_graph:/home/jaboy/ros2_humble/install/rqt_gui_py:/home/jaboy/ros2_humble/install/rqt_gui:/home/jaboy/ros2_humble/install/ros2trace:/home/jaboy/ros2_humble/install/ros2topic:/home/jaboy/ros2_humble/install/ros2test:/home/jaboy/ros2_humble/install/ros2component:/home/jaboy/ros2_humble/install/ros2param:/home/jaboy/ros2_humble/install/ros2lifecycle:/home/jaboy/ros2_humble/install/ros2service:/home/jaboy/ros2_humble/install/ros2run:/home/jaboy/ros2_humble/install/ros2launch:/home/jaboy/ros2_humble/install/ros2pkg:/home/jaboy/ros2_humble/install/ros2node:/home/jaboy/ros2_humble/install/ros2multicast:/home/jaboy/ros2_humble/install/ros2interface:/home/jaboy/ros2_humble/install/ros2doctor:/home/jaboy/ros2_humble/install/ros2action:/home/jaboy/ros2_humble/install/ros2cli:/home/jaboy/ros2_humble/install/quality_of_service_demo_py:/home/jaboy/ros2_humble/install/lifecycle_py:/home/jaboy/ros2_humble/install/launch_testing_ros:/home/jaboy/ros2_humble/install/launch_ros:/home/jaboy/ros2_humble/install/examples_rclpy_pointcloud_publisher:/home/jaboy/ros2_humble/install/examples_rclpy_minimal_subscriber:/home/jaboy/ros2_humble/install/examples_rclpy_minimal_service:/home/jaboy/ros2_humble/install/examples_rclpy_minimal_publisher:/home/jaboy/ros2_humble/install/examples_rclpy_minimal_client:/home/jaboy/ros2_humble/install/examples_rclpy_minimal_action_server:/home/jaboy/ros2_humble/install/examples_rclpy_minimal_action_client:/home/jaboy/ros2_humble/install/examples_rclpy_guard_conditions:/home/jaboy/ros2_humble/install/examples_rclpy_executors:/home/jaboy/ros2_humble/install/demo_nodes_py:/home/jaboy/ros2_humble/install/camera_info_manager_py:/home/jaboy/ros2_humble/install/action_tutorials_py:/home/jaboy/ros2_humble/install/ament_uncrustify:/home/jaboy/ros2_humble/install/tracetools_trace:/home/jaboy/ros2_humble/install/tracetools_read:/home/jaboy/ros2_humble/install/rclcpp_lifecycle:/home/jaboy/ros2_humble/install/examples_rclcpp_cbg_executor:/home/jaboy/ros2_humble/install/test_tracetools_launch:/home/jaboy/ros2_humble/install/test_launch_ros:/home/jaboy/ros2_humble/install/sensor_msgs_py:/home/jaboy/ros2_humble/install/rpyutils:/home/jaboy/ros2_humble/install/rosidl_runtime_py:/home/jaboy/ros2_humble/install/rosidl_cli:/home/jaboy/ros2_humble/install/launch_pytest:/home/jaboy/ros2_humble/install/launch_testing:/home/jaboy/ros2_humble/install/launch_yaml:/home/jaboy/ros2_humble/install/launch_xml:/home/jaboy/ros2_humble/install/launch:/home/jaboy/ros2_humble/install/osrf_pycommon:/home/jaboy/ros2_humble/install/domain_coordinator:/home/jaboy/ros2_humble/install/ament_xmllint:/home/jaboy/ros2_humble/install/ament_pyflakes:/home/jaboy/ros2_humble/install/ament_pycodestyle:/home/jaboy/ros2_humble/install/ament_pep257:/home/jaboy/ros2_humble/install/ament_pclint:/home/jaboy/ros2_humble/install/ament_package:/home/jaboy/ros2_humble/install/ament_mypy:/home/jaboy/ros2_humble/install/ament_lint_cmake:/home/jaboy/ros2_humble/install/ament_flake8:/home/jaboy/ros2_humble/install/ament_copyright:/home/jaboy/ros2_humble/install/ament_lint:/home/jaboy/ros2_humble/install/ament_index_python:/home/jaboy/ros2_humble/install/ament_cpplint:/home/jaboy/ros2_humble/install/ament_cppcheck:/home/jaboy/ros2_humble/install/ament_clang_tidy:/home/jaboy/ros2_humble/install/ament_clang_format:/home/jaboy/ros2_ws/install/launch_testing_examples:/home/jaboy/ros2_ws/install/examples_rclpy_pointcloud_publisher:/home/jaboy/ros2_ws/install/examples_rclpy_minimal_subscriber:/home/jaboy/ros2_ws/install/examples_rclpy_minimal_service:/home/jaboy/ros2_ws/install/examples_rclpy_minimal_publisher:/home/jaboy/ros2_ws/install/examples_rclpy_minimal_client:/home/jaboy/ros2_ws/install/examples_rclpy_minimal_action_server:/home/jaboy/ros2_ws/install/examples_rclpy_minimal_action_client:/home/jaboy/ros2_ws/install/examples_rclpy_guard_conditions:/home/jaboy/ros2_ws/install/examples_rclpy_executors:/opt/ros/humble /usr/bin/cmake --install /home/jaboy/Documents/RBE500_Project/RBE500_Project/build/inverse_kin
[1.606s] Level 1:colcon.colcon_core.environment:create_environment_scripts_only(ros_gz_example_description)
[1.614s] DEBUG:colcon.colcon_core.event_handler.log_command:Invoked command in '/home/jaboy/Documents/RBE500_Project/RBE500_Project/build/ros_gz_example_description' returned '0': CMAKE_PREFIX_PATH=${CMAKE_PREFIX_PATH}:/home/jaboy/Documents/RBE500_Project/RBE500_Project/install/inverse_kinematics:/home/jaboy/Documents/RBE500_Project/RBE500_Project/install/forward_kinematics:/home/jaboy/Documents/RBE500_Project/RBE500_Project/install/control:/home/jaboy/ros2_humble/install/rqt_bag_plugins:/home/jaboy/ros2_humble/install/rqt_bag:/home/jaboy/ros2_humble/install/launch_testing_examples:/home/jaboy/ros2_humble/install/ros2bag:/home/jaboy/ros2_humble/install/tracetools_test:/home/jaboy/ros2_humble/install/tracetools_launch:/home/jaboy/ros2_humble/install/topic_monitor:/home/jaboy/ros2_humble/install/tf2_tools:/home/jaboy/ros2_humble/install/examples_tf2_py:/home/jaboy/ros2_humble/install/tf2_ros_py:/home/jaboy/ros2_humble/install/sros2:/home/jaboy/ros2_humble/install/rqt_topic:/home/jaboy/ros2_humble/install/rqt_srv:/home/jaboy/ros2_humble/install/rqt_shell:/home/jaboy/ros2_humble/install/rqt_service_caller:/home/jaboy/ros2_humble/install/rqt_reconfigure:/home/jaboy/ros2_humble/install/rqt_py_console:/home/jaboy/ros2_humble/install/rqt_publisher:/home/jaboy/ros2_humble/install/rqt_plot:/home/jaboy/ros2_humble/install/rqt_action:/home/jaboy/ros2_humble/install/rqt_msg:/home/jaboy/ros2_humble/install/rqt_console:/home/jaboy/ros2_humble/install/rqt:/home/jaboy/ros2_humble/install/rqt_graph:/home/jaboy/ros2_humble/install/rqt_gui_py:/home/jaboy/ros2_humble/install/rqt_gui:/home/jaboy/ros2_humble/install/ros2trace:/home/jaboy/ros2_humble/install/ros2topic:/home/jaboy/ros2_humble/install/ros2test:/home/jaboy/ros2_humble/install/ros2component:/home/jaboy/ros2_humble/install/ros2param:/home/jaboy/ros2_humble/install/ros2lifecycle:/home/jaboy/ros2_humble/install/ros2service:/home/jaboy/ros2_humble/install/ros2run:/home/jaboy/ros2_humble/install/ros2launch:/home/jaboy/ros2_humble/install/ros2pkg:/home/jaboy/ros2_humble/install/ros2node:/home/jaboy/ros2_humble/install/ros2multicast:/home/jaboy/ros2_humble/install/ros2interface:/home/jaboy/ros2_humble/install/ros2doctor:/home/jaboy/ros2_humble/install/ros2action:/home/jaboy/ros2_humble/install/ros2cli:/home/jaboy/ros2_humble/install/quality_of_service_demo_py:/home/jaboy/ros2_humble/install/lifecycle_py:/home/jaboy/ros2_humble/install/launch_testing_ros:/home/jaboy/ros2_humble/install/launch_ros:/home/jaboy/ros2_humble/install/examples_rclpy_pointcloud_publisher:/home/jaboy/ros2_humble/install/examples_rclpy_minimal_subscriber:/home/jaboy/ros2_humble/install/examples_rclpy_minimal_service:/home/jaboy/ros2_humble/install/examples_rclpy_minimal_publisher:/home/jaboy/ros2_humble/install/examples_rclpy_minimal_client:/home/jaboy/ros2_humble/install/examples_rclpy_minimal_action_server:/home/jaboy/ros2_humble/install/examples_rclpy_minimal_action_client:/home/jaboy/ros2_humble/install/examples_rclpy_guard_conditions:/home/jaboy/ros2_humble/install/examples_rclpy_executors:/home/jaboy/ros2_humble/install/demo_nodes_py:/home/jaboy/ros2_humble/install/camera_info_manager_py:/home/jaboy/ros2_humble/install/action_tutorials_py:/home/jaboy/ros2_humble/install/ament_uncrustify:/home/jaboy/ros2_humble/install/tracetools_trace:/home/jaboy/ros2_humble/install/tracetools_read:/home/jaboy/ros2_humble/install/rclcpp_lifecycle:/home/jaboy/ros2_humble/install/examples_rclcpp_cbg_executor:/home/jaboy/ros2_humble/install/test_tracetools_launch:/home/jaboy/ros2_humble/install/test_launch_ros:/home/jaboy/ros2_humble/install/sensor_msgs_py:/home/jaboy/ros2_humble/install/rpyutils:/home/jaboy/ros2_humble/install/rosidl_runtime_py:/home/jaboy/ros2_humble/install/rosidl_cli:/home/jaboy/ros2_humble/install/launch_pytest:/home/jaboy/ros2_humble/install/launch_testing:/home/jaboy/ros2_humble/install/launch_yaml:/home/jaboy/ros2_humble/install/launch_xml:/home/jaboy/ros2_humble/install/launch:/home/jaboy/ros2_humble/install/osrf_pycommon:/home/jaboy/ros2_humble/install/domain_coordinator:/home/jaboy/ros2_humble/install/ament_xmllint:/home/jaboy/ros2_humble/install/ament_pyflakes:/home/jaboy/ros2_humble/install/ament_pycodestyle:/home/jaboy/ros2_humble/install/ament_pep257:/home/jaboy/ros2_humble/install/ament_pclint:/home/jaboy/ros2_humble/install/ament_package:/home/jaboy/ros2_humble/install/ament_mypy:/home/jaboy/ros2_humble/install/ament_lint_cmake:/home/jaboy/ros2_humble/install/ament_flake8:/home/jaboy/ros2_humble/install/ament_copyright:/home/jaboy/ros2_humble/install/ament_lint:/home/jaboy/ros2_humble/install/ament_index_python:/home/jaboy/ros2_humble/install/ament_cpplint:/home/jaboy/ros2_humble/install/ament_cppcheck:/home/jaboy/ros2_humble/install/ament_clang_tidy:/home/jaboy/ros2_humble/install/ament_clang_format:/home/jaboy/ros2_ws/install/launch_testing_examples:/home/jaboy/ros2_ws/install/examples_rclpy_pointcloud_publisher:/home/jaboy/ros2_ws/install/examples_rclpy_minimal_subscriber:/home/jaboy/ros2_ws/install/examples_rclpy_minimal_service:/home/jaboy/ros2_ws/install/examples_rclpy_minimal_publisher:/home/jaboy/ros2_ws/install/examples_rclpy_minimal_client:/home/jaboy/ros2_ws/install/examples_rclpy_minimal_action_server:/home/jaboy/ros2_ws/install/examples_rclpy_minimal_action_client:/home/jaboy/ros2_ws/install/examples_rclpy_guard_conditions:/home/jaboy/ros2_ws/install/examples_rclpy_executors:/opt/ros/humble /usr/bin/cmake --install /home/jaboy/Documents/RBE500_Project/RBE500_Project/build/ros_gz_example_description
[1.618s] Level 1:colcon.colcon_core.environment:checking '/home/jaboy/Documents/RBE500_Project/RBE500_Project/install/ros_gz_example_description' for CMake module files
[1.619s] Level 1:colcon.colcon_core.environment:checking '/home/jaboy/Documents/RBE500_Project/RBE500_Project/install/ros_gz_example_description' for CMake config files
[1.621s] Level 1:colcon.colcon_core.shell:create_environment_hook('ros_gz_example_description', 'cmake_prefix_path')
[1.621s] INFO:colcon.colcon_core.shell:Creating environment hook '/home/jaboy/Documents/RBE500_Project/RBE500_Project/install/ros_gz_example_description/share/ros_gz_example_description/hook/cmake_prefix_path.ps1'
[1.622s] INFO:colcon.colcon_core.shell:Creating environment descriptor '/home/jaboy/Documents/RBE500_Project/RBE500_Project/install/ros_gz_example_description/share/ros_gz_example_description/hook/cmake_prefix_path.dsv'
[1.623s] INFO:colcon.colcon_core.shell:Creating environment hook '/home/jaboy/Documents/RBE500_Project/RBE500_Project/install/ros_gz_example_description/share/ros_gz_example_description/hook/cmake_prefix_path.sh'
[1.624s] Level 1:colcon.colcon_core.environment:checking '/home/jaboy/Documents/RBE500_Project/RBE500_Project/install/ros_gz_example_description/bin'
[1.624s] Level 1:colcon.colcon_core.environment:checking '/home/jaboy/Documents/RBE500_Project/RBE500_Project/install/ros_gz_example_description/lib/pkgconfig/ros_gz_example_description.pc'
[1.624s] Level 1:colcon.colcon_core.environment:checking '/home/jaboy/Documents/RBE500_Project/RBE500_Project/install/ros_gz_example_description/lib/python3.10/site-packages'
[1.624s] Level 1:colcon.colcon_core.environment:checking '/home/jaboy/Documents/RBE500_Project/RBE500_Project/install/ros_gz_example_description/bin'
[1.624s] INFO:colcon.colcon_core.shell:Creating package script '/home/jaboy/Documents/RBE500_Project/RBE500_Project/install/ros_gz_example_description/share/ros_gz_example_description/package.ps1'
[1.626s] INFO:colcon.colcon_core.shell:Creating package descriptor '/home/jaboy/Documents/RBE500_Project/RBE500_Project/install/ros_gz_example_description/share/ros_gz_example_description/package.dsv'
[1.627s] INFO:colcon.colcon_core.shell:Creating package script '/home/jaboy/Documents/RBE500_Project/RBE500_Project/install/ros_gz_example_description/share/ros_gz_example_description/package.sh'
[1.630s] INFO:colcon.colcon_core.shell:Creating package script '/home/jaboy/Documents/RBE500_Project/RBE500_Project/install/ros_gz_example_description/share/ros_gz_example_description/package.bash'
[1.632s] INFO:colcon.colcon_core.shell:Creating package script '/home/jaboy/Documents/RBE500_Project/RBE500_Project/install/ros_gz_example_description/share/ros_gz_example_description/package.zsh'
[1.632s] Level 1:colcon.colcon_core.environment:create_file_with_runtime_dependencies(/home/jaboy/Documents/RBE500_Project/RBE500_Project/install/ros_gz_example_description/share/colcon-core/packages/ros_gz_example_description)
[1.633s] Level 1:colcon.colcon_core.environment:create_environment_scripts_only(ros_gz_example_description)
[1.633s] Level 1:colcon.colcon_core.environment:checking '/home/jaboy/Documents/RBE500_Project/RBE500_Project/install/ros_gz_example_description' for CMake module files
[1.634s] Level 1:colcon.colcon_core.environment:checking '/home/jaboy/Documents/RBE500_Project/RBE500_Project/install/ros_gz_example_description' for CMake config files
[1.634s] Level 1:colcon.colcon_core.shell:create_environment_hook('ros_gz_example_description', 'cmake_prefix_path')
[1.635s] INFO:colcon.colcon_core.shell:Creating environment hook '/home/jaboy/Documents/RBE500_Project/RBE500_Project/install/ros_gz_example_description/share/ros_gz_example_description/hook/cmake_prefix_path.ps1'
[1.635s] INFO:colcon.colcon_core.shell:Creating environment descriptor '/home/jaboy/Documents/RBE500_Project/RBE500_Project/install/ros_gz_example_description/share/ros_gz_example_description/hook/cmake_prefix_path.dsv'
[1.635s] INFO:colcon.colcon_core.shell:Creating environment hook '/home/jaboy/Documents/RBE500_Project/RBE500_Project/install/ros_gz_example_description/share/ros_gz_example_description/hook/cmake_prefix_path.sh'
[1.636s] Level 1:colcon.colcon_core.environment:checking '/home/jaboy/Documents/RBE500_Project/RBE500_Project/install/ros_gz_example_description/bin'
[1.636s] Level 1:colcon.colcon_core.environment:checking '/home/jaboy/Documents/RBE500_Project/RBE500_Project/install/ros_gz_example_description/lib/pkgconfig/ros_gz_example_description.pc'
[1.636s] Level 1:colcon.colcon_core.environment:checking '/home/jaboy/Documents/RBE500_Project/RBE500_Project/install/ros_gz_example_description/lib/python3.10/site-packages'
[1.637s] Level 1:colcon.colcon_core.environment:checking '/home/jaboy/Documents/RBE500_Project/RBE500_Project/install/ros_gz_example_description/bin'
[1.637s] INFO:colcon.colcon_core.shell:Creating package script '/home/jaboy/Documents/RBE500_Project/RBE500_Project/install/ros_gz_example_description/share/ros_gz_example_description/package.ps1'
[1.638s] INFO:colcon.colcon_core.shell:Creating package descriptor '/home/jaboy/Documents/RBE500_Project/RBE500_Project/install/ros_gz_example_description/share/ros_gz_example_description/package.dsv'
[1.638s] INFO:colcon.colcon_core.shell:Creating package script '/home/jaboy/Documents/RBE500_Project/RBE500_Project/install/ros_gz_example_description/share/ros_gz_example_description/package.sh'
[1.639s] INFO:colcon.colcon_core.shell:Creating package script '/home/jaboy/Documents/RBE500_Project/RBE500_Project/install/ros_gz_example_description/share/ros_gz_example_description/package.bash'
[1.639s] INFO:colcon.colcon_core.shell:Creating package script '/home/jaboy/Documents/RBE500_Project/RBE500_Project/install/ros_gz_example_description/share/ros_gz_example_description/package.zsh'
[1.640s] Level 1:colcon.colcon_core.environment:create_file_with_runtime_dependencies(/home/jaboy/Documents/RBE500_Project/RBE500_Project/install/ros_gz_example_description/share/colcon-core/packages/ros_gz_example_description)
[1.640s] INFO:colcon.colcon_ros.task.ament_cmake.build:Building ROS package in '/home/jaboy/Documents/RBE500_Project/RBE500_Project/ros_gz_example_gazebo' with build type 'ament_cmake'
[1.640s] INFO:colcon.colcon_cmake.task.cmake.build:Building CMake package in '/home/jaboy/Documents/RBE500_Project/RBE500_Project/ros_gz_example_gazebo'
[1.640s] INFO:colcon.colcon_core.shell:Skip shell extension 'powershell' for command environment: Not usable outside of PowerShell
[1.640s] DEBUG:colcon.colcon_core.shell:Skip shell extension 'dsv' for command environment
[1.667s] DEBUG:colcon.colcon_core.event_handler.log_command:Invoked command in '/home/jaboy/Documents/RBE500_Project/RBE500_Project/build/ros_gz_example_application' returned '0': CMAKE_PREFIX_PATH=${CMAKE_PREFIX_PATH}:/home/jaboy/Documents/RBE500_Project/RBE500_Project/install/inverse_kinematics:/home/jaboy/Documents/RBE500_Project/RBE500_Project/install/forward_kinematics:/home/jaboy/Documents/RBE500_Project/RBE500_Project/install/control:/home/jaboy/ros2_humble/install/rqt_bag_plugins:/home/jaboy/ros2_humble/install/rqt_bag:/home/jaboy/ros2_humble/install/launch_testing_examples:/home/jaboy/ros2_humble/install/ros2bag:/home/jaboy/ros2_humble/install/tracetools_test:/home/jaboy/ros2_humble/install/tracetools_launch:/home/jaboy/ros2_humble/install/topic_monitor:/home/jaboy/ros2_humble/install/tf2_tools:/home/jaboy/ros2_humble/install/examples_tf2_py:/home/jaboy/ros2_humble/install/tf2_ros_py:/home/jaboy/ros2_humble/install/sros2:/home/jaboy/ros2_humble/install/rqt_topic:/home/jaboy/ros2_humble/install/rqt_srv:/home/jaboy/ros2_humble/install/rqt_shell:/home/jaboy/ros2_humble/install/rqt_service_caller:/home/jaboy/ros2_humble/install/rqt_reconfigure:/home/jaboy/ros2_humble/install/rqt_py_console:/home/jaboy/ros2_humble/install/rqt_publisher:/home/jaboy/ros2_humble/install/rqt_plot:/home/jaboy/ros2_humble/install/rqt_action:/home/jaboy/ros2_humble/install/rqt_msg:/home/jaboy/ros2_humble/install/rqt_console:/home/jaboy/ros2_humble/install/rqt:/home/jaboy/ros2_humble/install/rqt_graph:/home/jaboy/ros2_humble/install/rqt_gui_py:/home/jaboy/ros2_humble/install/rqt_gui:/home/jaboy/ros2_humble/install/ros2trace:/home/jaboy/ros2_humble/install/ros2topic:/home/jaboy/ros2_humble/install/ros2test:/home/jaboy/ros2_humble/install/ros2component:/home/jaboy/ros2_humble/install/ros2param:/home/jaboy/ros2_humble/install/ros2lifecycle:/home/jaboy/ros2_humble/install/ros2service:/home/jaboy/ros2_humble/install/ros2run:/home/jaboy/ros2_humble/install/ros2launch:/home/jaboy/ros2_humble/install/ros2pkg:/home/jaboy/ros2_humble/install/ros2node:/home/jaboy/ros2_humble/install/ros2multicast:/home/jaboy/ros2_humble/install/ros2interface:/home/jaboy/ros2_humble/install/ros2doctor:/home/jaboy/ros2_humble/install/ros2action:/home/jaboy/ros2_humble/install/ros2cli:/home/jaboy/ros2_humble/install/quality_of_service_demo_py:/home/jaboy/ros2_humble/install/lifecycle_py:/home/jaboy/ros2_humble/install/launch_testing_ros:/home/jaboy/ros2_humble/install/launch_ros:/home/jaboy/ros2_humble/install/examples_rclpy_pointcloud_publisher:/home/jaboy/ros2_humble/install/examples_rclpy_minimal_subscriber:/home/jaboy/ros2_humble/install/examples_rclpy_minimal_service:/home/jaboy/ros2_humble/install/examples_rclpy_minimal_publisher:/home/jaboy/ros2_humble/install/examples_rclpy_minimal_client:/home/jaboy/ros2_humble/install/examples_rclpy_minimal_action_server:/home/jaboy/ros2_humble/install/examples_rclpy_minimal_action_client:/home/jaboy/ros2_humble/install/examples_rclpy_guard_conditions:/home/jaboy/ros2_humble/install/examples_rclpy_executors:/home/jaboy/ros2_humble/install/demo_nodes_py:/home/jaboy/ros2_humble/install/camera_info_manager_py:/home/jaboy/ros2_humble/install/action_tutorials_py:/home/jaboy/ros2_humble/install/ament_uncrustify:/home/jaboy/ros2_humble/install/tracetools_trace:/home/jaboy/ros2_humble/install/tracetools_read:/home/jaboy/ros2_humble/install/rclcpp_lifecycle:/home/jaboy/ros2_humble/install/examples_rclcpp_cbg_executor:/home/jaboy/ros2_humble/install/test_tracetools_launch:/home/jaboy/ros2_humble/install/test_launch_ros:/home/jaboy/ros2_humble/install/sensor_msgs_py:/home/jaboy/ros2_humble/install/rpyutils:/home/jaboy/ros2_humble/install/rosidl_runtime_py:/home/jaboy/ros2_humble/install/rosidl_cli:/home/jaboy/ros2_humble/install/launch_pytest:/home/jaboy/ros2_humble/install/launch_testing:/home/jaboy/ros2_humble/install/launch_yaml:/home/jaboy/ros2_humble/install/launch_xml:/home/jaboy/ros2_humble/install/launch:/home/jaboy/ros2_humble/install/osrf_pycommon:/home/jaboy/ros2_humble/install/domain_coordinator:/home/jaboy/ros2_humble/install/ament_xmllint:/home/jaboy/ros2_humble/install/ament_pyflakes:/home/jaboy/ros2_humble/install/ament_pycodestyle:/home/jaboy/ros2_humble/install/ament_pep257:/home/jaboy/ros2_humble/install/ament_pclint:/home/jaboy/ros2_humble/install/ament_package:/home/jaboy/ros2_humble/install/ament_mypy:/home/jaboy/ros2_humble/install/ament_lint_cmake:/home/jaboy/ros2_humble/install/ament_flake8:/home/jaboy/ros2_humble/install/ament_copyright:/home/jaboy/ros2_humble/install/ament_lint:/home/jaboy/ros2_humble/install/ament_index_python:/home/jaboy/ros2_humble/install/ament_cpplint:/home/jaboy/ros2_humble/install/ament_cppcheck:/home/jaboy/ros2_humble/install/ament_clang_tidy:/home/jaboy/ros2_humble/install/ament_clang_format:/home/jaboy/ros2_ws/install/launch_testing_examples:/home/jaboy/ros2_ws/install/examples_rclpy_pointcloud_publisher:/home/jaboy/ros2_ws/install/examples_rclpy_minimal_subscriber:/home/jaboy/ros2_ws/install/examples_rclpy_minimal_service:/home/jaboy/ros2_ws/install/examples_rclpy_minimal_publisher:/home/jaboy/ros2_ws/install/examples_rclpy_minimal_client:/home/jaboy/ros2_ws/install/examples_rclpy_minimal_action_server:/home/jaboy/ros2_ws/install/examples_rclpy_minimal_action_client:/home/jaboy/ros2_ws/install/examples_rclpy_guard_conditions:/home/jaboy/ros2_ws/install/examples_rclpy_executors:/opt/ros/humble /usr/bin/cmake --build /home/jaboy/Documents/RBE500_Project/RBE500_Project/build/ros_gz_example_application -- -j16 -l16
[1.668s] DEBUG:colcon.colcon_core.event_handler.log_command:Invoking command in '/home/jaboy/Documents/RBE500_Project/RBE500_Project/build/ros_gz_example_application': CMAKE_PREFIX_PATH=${CMAKE_PREFIX_PATH}:/home/jaboy/Documents/RBE500_Project/RBE500_Project/install/inverse_kinematics:/home/jaboy/Documents/RBE500_Project/RBE500_Project/install/forward_kinematics:/home/jaboy/Documents/RBE500_Project/RBE500_Project/install/control:/home/jaboy/ros2_humble/install/rqt_bag_plugins:/home/jaboy/ros2_humble/install/rqt_bag:/home/jaboy/ros2_humble/install/launch_testing_examples:/home/jaboy/ros2_humble/install/ros2bag:/home/jaboy/ros2_humble/install/tracetools_test:/home/jaboy/ros2_humble/install/tracetools_launch:/home/jaboy/ros2_humble/install/topic_monitor:/home/jaboy/ros2_humble/install/tf2_tools:/home/jaboy/ros2_humble/install/examples_tf2_py:/home/jaboy/ros2_humble/install/tf2_ros_py:/home/jaboy/ros2_humble/install/sros2:/home/jaboy/ros2_humble/install/rqt_topic:/home/jaboy/ros2_humble/install/rqt_srv:/home/jaboy/ros2_humble/install/rqt_shell:/home/jaboy/ros2_humble/install/rqt_service_caller:/home/jaboy/ros2_humble/install/rqt_reconfigure:/home/jaboy/ros2_humble/install/rqt_py_console:/home/jaboy/ros2_humble/install/rqt_publisher:/home/jaboy/ros2_humble/install/rqt_plot:/home/jaboy/ros2_humble/install/rqt_action:/home/jaboy/ros2_humble/install/rqt_msg:/home/jaboy/ros2_humble/install/rqt_console:/home/jaboy/ros2_humble/install/rqt:/home/jaboy/ros2_humble/install/rqt_graph:/home/jaboy/ros2_humble/install/rqt_gui_py:/home/jaboy/ros2_humble/install/rqt_gui:/home/jaboy/ros2_humble/install/ros2trace:/home/jaboy/ros2_humble/install/ros2topic:/home/jaboy/ros2_humble/install/ros2test:/home/jaboy/ros2_humble/install/ros2component:/home/jaboy/ros2_humble/install/ros2param:/home/jaboy/ros2_humble/install/ros2lifecycle:/home/jaboy/ros2_humble/install/ros2service:/home/jaboy/ros2_humble/install/ros2run:/home/jaboy/ros2_humble/install/ros2launch:/home/jaboy/ros2_humble/install/ros2pkg:/home/jaboy/ros2_humble/install/ros2node:/home/jaboy/ros2_humble/install/ros2multicast:/home/jaboy/ros2_humble/install/ros2interface:/home/jaboy/ros2_humble/install/ros2doctor:/home/jaboy/ros2_humble/install/ros2action:/home/jaboy/ros2_humble/install/ros2cli:/home/jaboy/ros2_humble/install/quality_of_service_demo_py:/home/jaboy/ros2_humble/install/lifecycle_py:/home/jaboy/ros2_humble/install/launch_testing_ros:/home/jaboy/ros2_humble/install/launch_ros:/home/jaboy/ros2_humble/install/examples_rclpy_pointcloud_publisher:/home/jaboy/ros2_humble/install/examples_rclpy_minimal_subscriber:/home/jaboy/ros2_humble/install/examples_rclpy_minimal_service:/home/jaboy/ros2_humble/install/examples_rclpy_minimal_publisher:/home/jaboy/ros2_humble/install/examples_rclpy_minimal_client:/home/jaboy/ros2_humble/install/examples_rclpy_minimal_action_server:/home/jaboy/ros2_humble/install/examples_rclpy_minimal_action_client:/home/jaboy/ros2_humble/install/examples_rclpy_guard_conditions:/home/jaboy/ros2_humble/install/examples_rclpy_executors:/home/jaboy/ros2_humble/install/demo_nodes_py:/home/jaboy/ros2_humble/install/camera_info_manager_py:/home/jaboy/ros2_humble/install/action_tutorials_py:/home/jaboy/ros2_humble/install/ament_uncrustify:/home/jaboy/ros2_humble/install/tracetools_trace:/home/jaboy/ros2_humble/install/tracetools_read:/home/jaboy/ros2_humble/install/rclcpp_lifecycle:/home/jaboy/ros2_humble/install/examples_rclcpp_cbg_executor:/home/jaboy/ros2_humble/install/test_tracetools_launch:/home/jaboy/ros2_humble/install/test_launch_ros:/home/jaboy/ros2_humble/install/sensor_msgs_py:/home/jaboy/ros2_humble/install/rpyutils:/home/jaboy/ros2_humble/install/rosidl_runtime_py:/home/jaboy/ros2_humble/install/rosidl_cli:/home/jaboy/ros2_humble/install/launch_pytest:/home/jaboy/ros2_humble/install/launch_testing:/home/jaboy/ros2_humble/install/launch_yaml:/home/jaboy/ros2_humble/install/launch_xml:/home/jaboy/ros2_humble/install/launch:/home/jaboy/ros2_humble/install/osrf_pycommon:/home/jaboy/ros2_humble/install/domain_coordinator:/home/jaboy/ros2_humble/install/ament_xmllint:/home/jaboy/ros2_humble/install/ament_pyflakes:/home/jaboy/ros2_humble/install/ament_pycodestyle:/home/jaboy/ros2_humble/install/ament_pep257:/home/jaboy/ros2_humble/install/ament_pclint:/home/jaboy/ros2_humble/install/ament_package:/home/jaboy/ros2_humble/install/ament_mypy:/home/jaboy/ros2_humble/install/ament_lint_cmake:/home/jaboy/ros2_humble/install/ament_flake8:/home/jaboy/ros2_humble/install/ament_copyright:/home/jaboy/ros2_humble/install/ament_lint:/home/jaboy/ros2_humble/install/ament_index_python:/home/jaboy/ros2_humble/install/ament_cpplint:/home/jaboy/ros2_humble/install/ament_cppcheck:/home/jaboy/ros2_humble/install/ament_clang_tidy:/home/jaboy/ros2_humble/install/ament_clang_format:/home/jaboy/ros2_ws/install/launch_testing_examples:/home/jaboy/ros2_ws/install/examples_rclpy_pointcloud_publisher:/home/jaboy/ros2_ws/install/examples_rclpy_minimal_subscriber:/home/jaboy/ros2_ws/install/examples_rclpy_minimal_service:/home/jaboy/ros2_ws/install/examples_rclpy_minimal_publisher:/home/jaboy/ros2_ws/install/examples_rclpy_minimal_client:/home/jaboy/ros2_ws/install/examples_rclpy_minimal_action_server:/home/jaboy/ros2_ws/install/examples_rclpy_minimal_action_client:/home/jaboy/ros2_ws/install/examples_rclpy_guard_conditions:/home/jaboy/ros2_ws/install/examples_rclpy_executors:/opt/ros/humble /usr/bin/cmake --install /home/jaboy/Documents/RBE500_Project/RBE500_Project/build/ros_gz_example_application
[1.683s] DEBUG:colcon.colcon_core.event_handler.log_command:Invoking command in '/home/jaboy/Documents/RBE500_Project/RBE500_Project/build/ros_gz_example_gazebo': CMAKE_PREFIX_PATH=/home/jaboy/Documents/RBE500_Project/RBE500_Project/install/ros_gz_example_description:/home/jaboy/Documents/RBE500_Project/RBE500_Project/install/ros_gz_example_bringup:/home/jaboy/Documents/RBE500_Project/RBE500_Project/install/ros_gz_example_gazebo:/home/jaboy/Documents/RBE500_Project/RBE500_Project/install/ros_gz_example_application:/home/jaboy/Documents/RBE500_Project/RBE500_Project/install/inverse_kin:/home/jaboy/ros2_humble/install/rosbag2_storage_mcap:/home/jaboy/ros2_humble/install/rosbag2:/home/jaboy/ros2_humble/install/rosbag2_compression_zstd:/home/jaboy/ros2_humble/install/mcap_vendor:/home/jaboy/ros2_humble/install/zstd_vendor:/home/jaboy/ros2_humble/install/rviz_visual_testing_framework:/home/jaboy/ros2_humble/install/rviz2:/home/jaboy/ros2_humble/install/rviz_default_plugins:/home/jaboy/ros2_humble/install/rviz_common:/home/jaboy/ros2_humble/install/rosbag2_py:/home/jaboy/ros2_humble/install/rosbag2_transport:/home/jaboy/ros2_humble/install/rosbag2_storage_default_plugins:/home/jaboy/ros2_humble/install/rosbag2_performance_benchmarking:/home/jaboy/ros2_humble/install/rosbag2_compression:/home/jaboy/ros2_humble/install/rosbag2_cpp:/home/jaboy/ros2_humble/install/rosbag2_storage:/home/jaboy/ros2_humble/install/image_common:/home/jaboy/ros2_humble/install/camera_info_manager:/home/jaboy/ros2_humble/install/camera_calibration_parsers:/home/jaboy/ros2_humble/install/yaml_cpp_vendor:/home/jaboy/ros2_humble/install/interactive_markers:/home/jaboy/ros2_humble/install/common_interfaces:/home/jaboy/ros2_humble/install/visualization_msgs:/home/jaboy/ros2_humble/install/dummy_robot_bringup:/home/jaboy/ros2_humble/install/robot_state_publisher:/home/jaboy/ros2_humble/install/kdl_parser:/home/jaboy/ros2_humble/install/urdf:/home/jaboy/ros2_humble/install/urdfdom:/home/jaboy/ros2_humble/install/urdf_parser_plugin:/home/jaboy/ros2_humble/install/urdfdom_headers:/home/jaboy/ros2_humble/install/turtlesim:/home/jaboy/ros2_humble/install/geometry2:/home/jaboy/ros2_humble/install/tf2_sensor_msgs:/home/jaboy/ros2_humble/install/test_tf2:/home/jaboy/ros2_humble/install/tf2_kdl:/home/jaboy/ros2_humble/install/tf2_geometry_msgs:/home/jaboy/ros2_humble/install/tf2_eigen:/home/jaboy/ros2_humble/install/tf2_bullet:/home/jaboy/ros2_humble/install/tf2_ros:/home/jaboy/ros2_humble/install/tf2_py:/home/jaboy/ros2_humble/install/tf2_msgs:/home/jaboy/ros2_humble/install/test_msgs:/home/jaboy/ros2_humble/install/sros2_cmake:/home/jaboy/ros2_humble/install/ros2cli_common_extensions:/home/jaboy/ros2_humble/install/rqt_py_common:/home/jaboy/ros2_humble/install/rosbag2_storage_mcap_testdata:/home/jaboy/ros2_humble/install/ros_testing:/home/jaboy/ros2_humble/install/ros2cli_test_interfaces:/home/jaboy/ros2_humble/install/quality_of_service_demo_cpp:/home/jaboy/ros2_humble/install/image_transport:/home/jaboy/ros2_humble/install/message_filters:/home/jaboy/ros2_humble/install/demo_nodes_cpp:/home/jaboy/ros2_humble/install/composition:/home/jaboy/ros2_humble/install/laser_geometry:/home/jaboy/ros2_humble/install/rclpy:/home/jaboy/ros2_humble/install/examples_rclcpp_minimal_action_server:/home/jaboy/ros2_humble/install/examples_rclcpp_minimal_action_client:/home/jaboy/ros2_humble/install/action_tutorials_cpp:/home/jaboy/ros2_humble/install/rclcpp_action:/home/jaboy/ros2_humble/install/rcl_action:/home/jaboy/ros2_humble/install/examples_rclcpp_wait_set:/home/jaboy/ros2_humble/install/examples_rclcpp_minimal_service:/home/jaboy/ros2_humble/install/examples_rclcpp_minimal_client:/home/jaboy/ros2_humble/install/examples_rclcpp_async_client:/home/jaboy/ros2_humble/install/example_interfaces:/home/jaboy/ros2_humble/install/action_tutorials_interfaces:/home/jaboy/ros2_humble/install/action_msgs:/home/jaboy/ros2_humble/install/unique_identifier_msgs:/home/jaboy/ros2_humble/install/ament_lint_common:/home/jaboy/ros2_humble/install/ament_cmake_uncrustify:/home/jaboy/ros2_humble/install/uncrustify_vendor:/home/jaboy/ros2_humble/install/trajectory_msgs:/home/jaboy/ros2_humble/install/topic_statistics_demo:/home/jaboy/ros2_humble/install/pendulum_control:/home/jaboy/ros2_humble/install/tlsf_cpp:/home/jaboy/ros2_humble/install/test_tracetools:/home/jaboy/ros2_humble/install/rqt_gui_cpp:/home/jaboy/ros2_humble/install/rosbag2_test_common:/home/jaboy/ros2_humble/install/ros2lifecycle_test_fixtures:/home/jaboy/ros2_humble/install/lifecycle:/home/jaboy/ros2_humble/install/logging_demo:/home/jaboy/ros2_humble/install/image_tools:/home/jaboy/ros2_humble/install/examples_rclcpp_minimal_subscriber:/home/jaboy/ros2_humble/install/examples_rclcpp_minimal_composition:/home/jaboy/ros2_humble/install/demo_nodes_cpp_native:/home/jaboy/ros2_humble/install/rclcpp_components:/home/jaboy/ros2_humble/install/intra_process_demo:/home/jaboy/ros2_humble/install/examples_rclcpp_multithreaded_executor:/home/jaboy/ros2_humble/install/examples_rclcpp_minimal_timer:/home/jaboy/ros2_humble/install/examples_rclcpp_minimal_publisher:/home/jaboy/ros2_humble/install/dummy_sensors:/home/jaboy/ros2_humble/install/dummy_map_server:/home/jaboy/ros2_humble/install/rclcpp:/home/jaboy/ros2_humble/install/rcl_lifecycle:/home/jaboy/ros2_humble/install/libstatistics_collector:/home/jaboy/ros2_humble/install/rcl:/home/jaboy/ros2_humble/install/rmw_implementation:/home/jaboy/ros2_humble/install/rmw_fastrtps_dynamic_cpp:/home/jaboy/ros2_humble/install/rmw_fastrtps_cpp:/home/jaboy/ros2_humble/install/rmw_fastrtps_shared_cpp:/home/jaboy/ros2_humble/install/rmw_cyclonedds_cpp:/home/jaboy/ros2_humble/install/tracetools:/home/jaboy/ros2_humble/install/tlsf:/home/jaboy/ros2_humble/install/tinyxml_vendor:/home/jaboy/ros2_humble/install/qt_gui_core:/home/jaboy/ros2_humble/install/qt_gui_cpp:/home/jaboy/ros2_humble/install/pluginlib:/home/jaboy/ros2_humble/install/tinyxml2_vendor:/home/jaboy/ros2_humble/install/tf2_eigen_kdl:/home/jaboy/ros2_humble/install/tf2:/home/jaboy/ros2_humble/install/test_security:/home/jaboy/ros2_humble/install/test_rmw_implementation:/home/jaboy/ros2_humble/install/test_rclcpp:/home/jaboy/ros2_humble/install/test_quality_of_service:/home/jaboy/ros2_humble/install/test_launch_testing:/home/jaboy/ros2_humble/install/test_interface_files:/home/jaboy/ros2_humble/install/test_communication:/home/jaboy/ros2_humble/install/test_cli_remapping:/home/jaboy/ros2_humble/install/test_cli:/home/jaboy/ros2_humble/install/qt_gui_app:/home/jaboy/ros2_humble/install/qt_gui:/home/jaboy/ros2_humble/install/tango_icons_vendor:/home/jaboy/ros2_humble/install/stereo_msgs:/home/jaboy/ros2_humble/install/std_srvs:/home/jaboy/ros2_humble/install/shape_msgs:/home/jaboy/ros2_humble/install/map_msgs:/home/jaboy/ros2_humble/install/sensor_msgs:/home/jaboy/ros2_humble/install/nav_msgs:/home/jaboy/ros2_humble/install/diagnostic_msgs:/home/jaboy/ros2_humble/install/geometry_msgs:/home/jaboy/ros2_humble/install/actionlib_msgs:/home/jaboy/ros2_humble/install/std_msgs:/home/jaboy/ros2_humble/install/statistics_msgs:/home/jaboy/ros2_humble/install/sqlite3_vendor:/home/jaboy/ros2_humble/install/rcl_logging_spdlog:/home/jaboy/ros2_humble/install/spdlog_vendor:/home/jaboy/ros2_humble/install/shared_queues_vendor:/home/jaboy/ros2_humble/install/rviz_rendering_tests:/home/jaboy/ros2_humble/install/rviz_rendering:/home/jaboy/ros2_humble/install/rviz_ogre_vendor:/home/jaboy/ros2_humble/install/rviz_assimp_vendor:/home/jaboy/ros2_humble/install/rttest:/home/jaboy/ros2_humble/install/rmw_connextddsmicro:/home/jaboy/ros2_humble/install/rmw_connextdds:/home/jaboy/ros2_humble/install/rmw_connextdds_common:/home/jaboy/ros2_humble/install/rti_connext_dds_cmake_module:/home/jaboy/ros2_humble/install/rosgraph_msgs:/home/jaboy/ros2_humble/install/rosbag2_interfaces:/home/jaboy/ros2_humble/install/rmw_dds_common:/home/jaboy/ros2_humble/install/composition_interfaces:/home/jaboy/ros2_humble/install/rcl_interfaces:/home/jaboy/ros2_humble/install/pendulum_msgs:/home/jaboy/ros2_humble/install/lifecycle_msgs:/home/jaboy/ros2_humble/install/builtin_interfaces:/home/jaboy/ros2_humble/install/rosidl_default_runtime:/home/jaboy/ros2_humble/install/rosidl_default_generators:/home/jaboy/ros2_humble/install/rosidl_generator_py:/home/jaboy/ros2_humble/install/rosidl_typesupport_introspection_tests:/home/jaboy/ros2_humble/install/rosidl_typesupport_cpp:/home/jaboy/ros2_humble/install/rosidl_typesupport_introspection_cpp:/home/jaboy/ros2_humble/install/rosidl_typesupport_c:/home/jaboy/ros2_humble/install/rosidl_typesupport_introspection_c:/home/jaboy/ros2_humble/install/rosidl_typesupport_fastrtps_c:/home/jaboy/ros2_humble/install/rosidl_typesupport_fastrtps_cpp:/home/jaboy/ros2_humble/install/rosidl_generator_cpp:/home/jaboy/ros2_humble/install/rosidl_runtime_cpp:/home/jaboy/ros2_humble/install/rcl_yaml_param_parser:/home/jaboy/ros2_humble/install/rmw:/home/jaboy/ros2_humble/install/rosidl_runtime_c:/home/jaboy/ros2_humble/install/rosidl_generator_c:/home/jaboy/ros2_humble/install/rosidl_typesupport_interface:/home/jaboy/ros2_humble/install/rosidl_generator_dds_idl:/home/jaboy/ros2_humble/install/rosidl_cmake:/home/jaboy/ros2_humble/install/rosidl_parser:/home/jaboy/ros2_humble/install/rosidl_adapter:/home/jaboy/ros2_humble/install/rosbag2_tests:/home/jaboy/ros2_humble/install/ros_environment:/home/jaboy/ros2_humble/install/rmw_implementation_cmake:/home/jaboy/ros2_humble/install/resource_retriever:/home/jaboy/ros2_humble/install/class_loader:/home/jaboy/ros2_humble/install/rcpputils:/home/jaboy/ros2_humble/install/rcl_logging_noop:/home/jaboy/ros2_humble/install/rcl_logging_interface:/home/jaboy/ros2_humble/install/rcutils:/home/jaboy/ros2_humble/install/qt_gui_py_common:/home/jaboy/ros2_humble/install/qt_dotgraph:/home/jaboy/ros2_humble/install/python_qt_binding:/home/jaboy/ros2_humble/install/python_orocos_kdl_vendor:/home/jaboy/ros2_humble/install/launch_testing_ament_cmake:/home/jaboy/ros2_humble/install/python_cmake_module:/home/jaboy/ros2_humble/install/pybind11_vendor:/home/jaboy/ros2_humble/install/performance_test_fixture:/home/jaboy/ros2_humble/install/osrf_testing_tools_cpp:/home/jaboy/ros2_humble/install/orocos_kdl_vendor:/home/jaboy/ros2_humble/install/mimick_vendor:/home/jaboy/ros2_humble/install/libyaml_vendor:/home/jaboy/ros2_humble/install/libcurl_vendor:/home/jaboy/ros2_humble/install/keyboard_handler:/home/jaboy/ros2_humble/install/iceoryx_introspection:/home/jaboy/ros2_humble/install/cyclonedds:/home/jaboy/ros2_humble/install/iceoryx_posh:/home/jaboy/ros2_humble/install/iceoryx_hoofs:/home/jaboy/ros2_humble/install/iceoryx_binding_c:/home/jaboy/ros2_humble/install/ament_cmake_ros:/home/jaboy/ros2_humble/install/ament_cmake_auto:/home/jaboy/ros2_humble/install/ament_cmake_gmock:/home/jaboy/ros2_humble/install/gmock_vendor:/home/jaboy/ros2_humble/install/ament_cmake_gtest:/home/jaboy/ros2_humble/install/gtest_vendor:/home/jaboy/ros2_humble/install/ament_cmake_google_benchmark:/home/jaboy/ros2_humble/install/google_benchmark_vendor:/home/jaboy/ros2_humble/install/fastrtps:/home/jaboy/ros2_humble/install/foonathan_memory_vendor:/home/jaboy/ros2_humble/install/fastrtps_cmake_module:/home/jaboy/ros2_humble/install/fastcdr:/home/jaboy/ros2_humble/install/eigen3_cmake_module:/home/jaboy/ros2_humble/install/console_bridge_vendor:/home/jaboy/ros2_humble/install/ament_cmake_xmllint:/home/jaboy/ros2_humble/install/ament_cmake_pyflakes:/home/jaboy/ros2_humble/install/ament_cmake_pycodestyle:/home/jaboy/ros2_humble/install/ament_cmake_pep257:/home/jaboy/ros2_humble/install/ament_cmake_pclint:/home/jaboy/ros2_humble/install/ament_lint_auto:/home/jaboy/ros2_humble/install/ament_cmake:/home/jaboy/ros2_humble/install/ament_cmake_version:/home/jaboy/ros2_humble/install/ament_cmake_vendor_package:/home/jaboy/ros2_humble/install/ament_cmake_pytest:/home/jaboy/ros2_humble/install/ament_cmake_nose:/home/jaboy/ros2_humble/install/ament_cmake_mypy:/home/jaboy/ros2_humble/install/ament_cmake_lint_cmake:/home/jaboy/ros2_humble/install/ament_cmake_flake8:/home/jaboy/ros2_humble/install/ament_cmake_cpplint:/home/jaboy/ros2_humble/install/ament_cmake_cppcheck:/home/jaboy/ros2_humble/install/ament_cmake_copyright:/home/jaboy/ros2_humble/install/ament_cmake_clang_tidy:/home/jaboy/ros2_humble/install/ament_cmake_clang_format:/home/jaboy/ros2_humble/install/ament_cmake_test:/home/jaboy/ros2_humble/install/ament_cmake_target_dependencies:/home/jaboy/ros2_humble/install/ament_cmake_python:/home/jaboy/ros2_humble/install/ament_cmake_export_dependencies:/home/jaboy/ros2_humble/install/ament_cmake_libraries:/home/jaboy/ros2_humble/install/ament_cmake_include_directories:/home/jaboy/ros2_humble/install/ament_cmake_gen_version_h:/home/jaboy/ros2_humble/install/ament_cmake_export_targets:/home/jaboy/ros2_humble/install/ament_cmake_export_link_flags:/home/jaboy/ros2_humble/install/ament_cmake_export_interfaces:/home/jaboy/ros2_humble/install/ament_cmake_export_libraries:/home/jaboy/ros2_humble/install/ament_cmake_export_include_directories:/home/jaboy/ros2_humble/install/ament_cmake_export_definitions:/home/jaboy/ros2_humble/install/ament_cmake_core:/home/jaboy/ros2_humble/install/ament_index_cpp:/home/jaboy/ros2_ws/install/quat_to_euler:/home/jaboy/ros2_ws/install/hw3-kinematics:/home/jaboy/ros2_ws/install/examples_rclcpp_wait_set:/home/jaboy/ros2_ws/install/examples_rclcpp_multithreaded_executor:/home/jaboy/ros2_ws/install/examples_rclcpp_minimal_timer:/home/jaboy/ros2_ws/install/examples_rclcpp_minimal_subscriber:/home/jaboy/ros2_ws/install/examples_rclcpp_minimal_service:/home/jaboy/ros2_ws/install/examples_rclcpp_minimal_publisher:/home/jaboy/ros2_ws/install/examples_rclcpp_minimal_composition:/home/jaboy/ros2_ws/install/examples_rclcpp_minimal_client:/home/jaboy/ros2_ws/install/examples_rclcpp_minimal_action_server:/home/jaboy/ros2_ws/install/examples_rclcpp_minimal_action_client:/home/jaboy/ros2_ws/install/examples_rclcpp_cbg_executor:/home/jaboy/ros2_ws/install/examples_rclcpp_async_client:/home/jaboy/Documents/RBE500_Project/RBE500_Project/install/inverse_kinematics:/home/jaboy/Documents/RBE500_Project/RBE500_Project/install/forward_kinematics:/home/jaboy/Documents/RBE500_Project/RBE500_Project/install/control:/home/jaboy/ros2_humble/install/rqt_bag_plugins:/home/jaboy/ros2_humble/install/rqt_bag:/home/jaboy/ros2_humble/install/launch_testing_examples:/home/jaboy/ros2_humble/install/ros2bag:/home/jaboy/ros2_humble/install/tracetools_test:/home/jaboy/ros2_humble/install/tracetools_launch:/home/jaboy/ros2_humble/install/topic_monitor:/home/jaboy/ros2_humble/install/tf2_tools:/home/jaboy/ros2_humble/install/examples_tf2_py:/home/jaboy/ros2_humble/install/tf2_ros_py:/home/jaboy/ros2_humble/install/sros2:/home/jaboy/ros2_humble/install/rqt_topic:/home/jaboy/ros2_humble/install/rqt_srv:/home/jaboy/ros2_humble/install/rqt_shell:/home/jaboy/ros2_humble/install/rqt_service_caller:/home/jaboy/ros2_humble/install/rqt_reconfigure:/home/jaboy/ros2_humble/install/rqt_py_console:/home/jaboy/ros2_humble/install/rqt_publisher:/home/jaboy/ros2_humble/install/rqt_plot:/home/jaboy/ros2_humble/install/rqt_action:/home/jaboy/ros2_humble/install/rqt_msg:/home/jaboy/ros2_humble/install/rqt_console:/home/jaboy/ros2_humble/install/rqt:/home/jaboy/ros2_humble/install/rqt_graph:/home/jaboy/ros2_humble/install/rqt_gui_py:/home/jaboy/ros2_humble/install/rqt_gui:/home/jaboy/ros2_humble/install/ros2trace:/home/jaboy/ros2_humble/install/ros2topic:/home/jaboy/ros2_humble/install/ros2test:/home/jaboy/ros2_humble/install/ros2component:/home/jaboy/ros2_humble/install/ros2param:/home/jaboy/ros2_humble/install/ros2lifecycle:/home/jaboy/ros2_humble/install/ros2service:/home/jaboy/ros2_humble/install/ros2run:/home/jaboy/ros2_humble/install/ros2launch:/home/jaboy/ros2_humble/install/ros2pkg:/home/jaboy/ros2_humble/install/ros2node:/home/jaboy/ros2_humble/install/ros2multicast:/home/jaboy/ros2_humble/install/ros2interface:/home/jaboy/ros2_humble/install/ros2doctor:/home/jaboy/ros2_humble/install/ros2action:/home/jaboy/ros2_humble/install/ros2cli:/home/jaboy/ros2_humble/install/quality_of_service_demo_py:/home/jaboy/ros2_humble/install/lifecycle_py:/home/jaboy/ros2_humble/install/launch_testing_ros:/home/jaboy/ros2_humble/install/launch_ros:/home/jaboy/ros2_humble/install/examples_rclpy_pointcloud_publisher:/home/jaboy/ros2_humble/install/examples_rclpy_minimal_subscriber:/home/jaboy/ros2_humble/install/examples_rclpy_minimal_service:/home/jaboy/ros2_humble/install/examples_rclpy_minimal_publisher:/home/jaboy/ros2_humble/install/examples_rclpy_minimal_client:/home/jaboy/ros2_humble/install/examples_rclpy_minimal_action_server:/home/jaboy/ros2_humble/install/examples_rclpy_minimal_action_client:/home/jaboy/ros2_humble/install/examples_rclpy_guard_conditions:/home/jaboy/ros2_humble/install/examples_rclpy_executors:/home/jaboy/ros2_humble/install/demo_nodes_py:/home/jaboy/ros2_humble/install/camera_info_manager_py:/home/jaboy/ros2_humble/install/action_tutorials_py:/home/jaboy/ros2_humble/install/ament_uncrustify:/home/jaboy/ros2_humble/install/tracetools_trace:/home/jaboy/ros2_humble/install/tracetools_read:/home/jaboy/ros2_humble/install/rclcpp_lifecycle:/home/jaboy/ros2_humble/install/examples_rclcpp_cbg_executor:/home/jaboy/ros2_humble/install/test_tracetools_launch:/home/jaboy/ros2_humble/install/test_launch_ros:/home/jaboy/ros2_humble/install/sensor_msgs_py:/home/jaboy/ros2_humble/install/rpyutils:/home/jaboy/ros2_humble/install/rosidl_runtime_py:/home/jaboy/ros2_humble/install/rosidl_cli:/home/jaboy/ros2_humble/install/launch_pytest:/home/jaboy/ros2_humble/install/launch_testing:/home/jaboy/ros2_humble/install/launch_yaml:/home/jaboy/ros2_humble/install/launch_xml:/home/jaboy/ros2_humble/install/launch:/home/jaboy/ros2_humble/install/osrf_pycommon:/home/jaboy/ros2_humble/install/domain_coordinator:/home/jaboy/ros2_humble/install/ament_xmllint:/home/jaboy/ros2_humble/install/ament_pyflakes:/home/jaboy/ros2_humble/install/ament_pycodestyle:/home/jaboy/ros2_humble/install/ament_pep257:/home/jaboy/ros2_humble/install/ament_pclint:/home/jaboy/ros2_humble/install/ament_package:/home/jaboy/ros2_humble/install/ament_mypy:/home/jaboy/ros2_humble/install/ament_lint_cmake:/home/jaboy/ros2_humble/install/ament_flake8:/home/jaboy/ros2_humble/install/ament_copyright:/home/jaboy/ros2_humble/install/ament_lint:/home/jaboy/ros2_humble/install/ament_index_python:/home/jaboy/ros2_humble/install/ament_cpplint:/home/jaboy/ros2_humble/install/ament_cppcheck:/home/jaboy/ros2_humble/install/ament_clang_tidy:/home/jaboy/ros2_humble/install/ament_clang_format:/home/jaboy/ros2_ws/install/launch_testing_examples:/home/jaboy/ros2_ws/install/examples_rclpy_pointcloud_publisher:/home/jaboy/ros2_ws/install/examples_rclpy_minimal_subscriber:/home/jaboy/ros2_ws/install/examples_rclpy_minimal_service:/home/jaboy/ros2_ws/install/examples_rclpy_minimal_publisher:/home/jaboy/ros2_ws/install/examples_rclpy_minimal_client:/home/jaboy/ros2_ws/install/examples_rclpy_minimal_action_server:/home/jaboy/ros2_ws/install/examples_rclpy_minimal_action_client:/home/jaboy/ros2_ws/install/examples_rclpy_guard_conditions:/home/jaboy/ros2_ws/install/examples_rclpy_executors:/opt/ros/humble IGN_GAZEBO_RESOURCE_PATH=/home/jaboy/Documents/RBE500_Project/RBE500_Project/install/ros_gz_example_description/share/ros_gz_example_description/models:${IGN_GAZEBO_RESOURCE_PATH} /usr/bin/cmake --build /home/jaboy/Documents/RBE500_Project/RBE500_Project/build/ros_gz_example_gazebo -- -j16 -l16
[1.691s] Level 1:colcon.colcon_core.environment:create_environment_scripts_only(ros_gz_example_application)
[1.691s] Level 1:colcon.colcon_core.environment:checking '/home/jaboy/Documents/RBE500_Project/RBE500_Project/install/ros_gz_example_application' for CMake module files
[1.692s] DEBUG:colcon.colcon_core.event_handler.log_command:Invoked command in '/home/jaboy/Documents/RBE500_Project/RBE500_Project/build/ros_gz_example_application' returned '0': CMAKE_PREFIX_PATH=${CMAKE_PREFIX_PATH}:/home/jaboy/Documents/RBE500_Project/RBE500_Project/install/inverse_kinematics:/home/jaboy/Documents/RBE500_Project/RBE500_Project/install/forward_kinematics:/home/jaboy/Documents/RBE500_Project/RBE500_Project/install/control:/home/jaboy/ros2_humble/install/rqt_bag_plugins:/home/jaboy/ros2_humble/install/rqt_bag:/home/jaboy/ros2_humble/install/launch_testing_examples:/home/jaboy/ros2_humble/install/ros2bag:/home/jaboy/ros2_humble/install/tracetools_test:/home/jaboy/ros2_humble/install/tracetools_launch:/home/jaboy/ros2_humble/install/topic_monitor:/home/jaboy/ros2_humble/install/tf2_tools:/home/jaboy/ros2_humble/install/examples_tf2_py:/home/jaboy/ros2_humble/install/tf2_ros_py:/home/jaboy/ros2_humble/install/sros2:/home/jaboy/ros2_humble/install/rqt_topic:/home/jaboy/ros2_humble/install/rqt_srv:/home/jaboy/ros2_humble/install/rqt_shell:/home/jaboy/ros2_humble/install/rqt_service_caller:/home/jaboy/ros2_humble/install/rqt_reconfigure:/home/jaboy/ros2_humble/install/rqt_py_console:/home/jaboy/ros2_humble/install/rqt_publisher:/home/jaboy/ros2_humble/install/rqt_plot:/home/jaboy/ros2_humble/install/rqt_action:/home/jaboy/ros2_humble/install/rqt_msg:/home/jaboy/ros2_humble/install/rqt_console:/home/jaboy/ros2_humble/install/rqt:/home/jaboy/ros2_humble/install/rqt_graph:/home/jaboy/ros2_humble/install/rqt_gui_py:/home/jaboy/ros2_humble/install/rqt_gui:/home/jaboy/ros2_humble/install/ros2trace:/home/jaboy/ros2_humble/install/ros2topic:/home/jaboy/ros2_humble/install/ros2test:/home/jaboy/ros2_humble/install/ros2component:/home/jaboy/ros2_humble/install/ros2param:/home/jaboy/ros2_humble/install/ros2lifecycle:/home/jaboy/ros2_humble/install/ros2service:/home/jaboy/ros2_humble/install/ros2run:/home/jaboy/ros2_humble/install/ros2launch:/home/jaboy/ros2_humble/install/ros2pkg:/home/jaboy/ros2_humble/install/ros2node:/home/jaboy/ros2_humble/install/ros2multicast:/home/jaboy/ros2_humble/install/ros2interface:/home/jaboy/ros2_humble/install/ros2doctor:/home/jaboy/ros2_humble/install/ros2action:/home/jaboy/ros2_humble/install/ros2cli:/home/jaboy/ros2_humble/install/quality_of_service_demo_py:/home/jaboy/ros2_humble/install/lifecycle_py:/home/jaboy/ros2_humble/install/launch_testing_ros:/home/jaboy/ros2_humble/install/launch_ros:/home/jaboy/ros2_humble/install/examples_rclpy_pointcloud_publisher:/home/jaboy/ros2_humble/install/examples_rclpy_minimal_subscriber:/home/jaboy/ros2_humble/install/examples_rclpy_minimal_service:/home/jaboy/ros2_humble/install/examples_rclpy_minimal_publisher:/home/jaboy/ros2_humble/install/examples_rclpy_minimal_client:/home/jaboy/ros2_humble/install/examples_rclpy_minimal_action_server:/home/jaboy/ros2_humble/install/examples_rclpy_minimal_action_client:/home/jaboy/ros2_humble/install/examples_rclpy_guard_conditions:/home/jaboy/ros2_humble/install/examples_rclpy_executors:/home/jaboy/ros2_humble/install/demo_nodes_py:/home/jaboy/ros2_humble/install/camera_info_manager_py:/home/jaboy/ros2_humble/install/action_tutorials_py:/home/jaboy/ros2_humble/install/ament_uncrustify:/home/jaboy/ros2_humble/install/tracetools_trace:/home/jaboy/ros2_humble/install/tracetools_read:/home/jaboy/ros2_humble/install/rclcpp_lifecycle:/home/jaboy/ros2_humble/install/examples_rclcpp_cbg_executor:/home/jaboy/ros2_humble/install/test_tracetools_launch:/home/jaboy/ros2_humble/install/test_launch_ros:/home/jaboy/ros2_humble/install/sensor_msgs_py:/home/jaboy/ros2_humble/install/rpyutils:/home/jaboy/ros2_humble/install/rosidl_runtime_py:/home/jaboy/ros2_humble/install/rosidl_cli:/home/jaboy/ros2_humble/install/launch_pytest:/home/jaboy/ros2_humble/install/launch_testing:/home/jaboy/ros2_humble/install/launch_yaml:/home/jaboy/ros2_humble/install/launch_xml:/home/jaboy/ros2_humble/install/launch:/home/jaboy/ros2_humble/install/osrf_pycommon:/home/jaboy/ros2_humble/install/domain_coordinator:/home/jaboy/ros2_humble/install/ament_xmllint:/home/jaboy/ros2_humble/install/ament_pyflakes:/home/jaboy/ros2_humble/install/ament_pycodestyle:/home/jaboy/ros2_humble/install/ament_pep257:/home/jaboy/ros2_humble/install/ament_pclint:/home/jaboy/ros2_humble/install/ament_package:/home/jaboy/ros2_humble/install/ament_mypy:/home/jaboy/ros2_humble/install/ament_lint_cmake:/home/jaboy/ros2_humble/install/ament_flake8:/home/jaboy/ros2_humble/install/ament_copyright:/home/jaboy/ros2_humble/install/ament_lint:/home/jaboy/ros2_humble/install/ament_index_python:/home/jaboy/ros2_humble/install/ament_cpplint:/home/jaboy/ros2_humble/install/ament_cppcheck:/home/jaboy/ros2_humble/install/ament_clang_tidy:/home/jaboy/ros2_humble/install/ament_clang_format:/home/jaboy/ros2_ws/install/launch_testing_examples:/home/jaboy/ros2_ws/install/examples_rclpy_pointcloud_publisher:/home/jaboy/ros2_ws/install/examples_rclpy_minimal_subscriber:/home/jaboy/ros2_ws/install/examples_rclpy_minimal_service:/home/jaboy/ros2_ws/install/examples_rclpy_minimal_publisher:/home/jaboy/ros2_ws/install/examples_rclpy_minimal_client:/home/jaboy/ros2_ws/install/examples_rclpy_minimal_action_server:/home/jaboy/ros2_ws/install/examples_rclpy_minimal_action_client:/home/jaboy/ros2_ws/install/examples_rclpy_guard_conditions:/home/jaboy/ros2_ws/install/examples_rclpy_executors:/opt/ros/humble /usr/bin/cmake --install /home/jaboy/Documents/RBE500_Project/RBE500_Project/build/ros_gz_example_application
[1.692s] Level 1:colcon.colcon_core.environment:checking '/home/jaboy/Documents/RBE500_Project/RBE500_Project/install/ros_gz_example_application' for CMake config files
[1.692s] Level 1:colcon.colcon_core.shell:create_environment_hook('ros_gz_example_application', 'cmake_prefix_path')
[1.693s] INFO:colcon.colcon_core.shell:Creating environment hook '/home/jaboy/Documents/RBE500_Project/RBE500_Project/install/ros_gz_example_application/share/ros_gz_example_application/hook/cmake_prefix_path.ps1'
[1.693s] INFO:colcon.colcon_core.shell:Creating environment descriptor '/home/jaboy/Documents/RBE500_Project/RBE500_Project/install/ros_gz_example_application/share/ros_gz_example_application/hook/cmake_prefix_path.dsv'
[1.693s] INFO:colcon.colcon_core.shell:Creating environment hook '/home/jaboy/Documents/RBE500_Project/RBE500_Project/install/ros_gz_example_application/share/ros_gz_example_application/hook/cmake_prefix_path.sh'
[1.694s] Level 1:colcon.colcon_core.environment:checking '/home/jaboy/Documents/RBE500_Project/RBE500_Project/install/ros_gz_example_application/bin'
[1.694s] Level 1:colcon.colcon_core.environment:checking '/home/jaboy/Documents/RBE500_Project/RBE500_Project/install/ros_gz_example_application/lib/pkgconfig/ros_gz_example_application.pc'
[1.694s] Level 1:colcon.colcon_core.environment:checking '/home/jaboy/Documents/RBE500_Project/RBE500_Project/install/ros_gz_example_application/lib/python3.10/site-packages'
[1.694s] Level 1:colcon.colcon_core.environment:checking '/home/jaboy/Documents/RBE500_Project/RBE500_Project/install/ros_gz_example_application/bin'
[1.694s] INFO:colcon.colcon_core.shell:Creating package script '/home/jaboy/Documents/RBE500_Project/RBE500_Project/install/ros_gz_example_application/share/ros_gz_example_application/package.ps1'
[1.695s] INFO:colcon.colcon_core.shell:Creating package descriptor '/home/jaboy/Documents/RBE500_Project/RBE500_Project/install/ros_gz_example_application/share/ros_gz_example_application/package.dsv'
[1.695s] INFO:colcon.colcon_core.shell:Creating package script '/home/jaboy/Documents/RBE500_Project/RBE500_Project/install/ros_gz_example_application/share/ros_gz_example_application/package.sh'
[1.696s] INFO:colcon.colcon_core.shell:Creating package script '/home/jaboy/Documents/RBE500_Project/RBE500_Project/install/ros_gz_example_application/share/ros_gz_example_application/package.bash'
[1.696s] INFO:colcon.colcon_core.shell:Creating package script '/home/jaboy/Documents/RBE500_Project/RBE500_Project/install/ros_gz_example_application/share/ros_gz_example_application/package.zsh'
[1.696s] Level 1:colcon.colcon_core.environment:create_file_with_runtime_dependencies(/home/jaboy/Documents/RBE500_Project/RBE500_Project/install/ros_gz_example_application/share/colcon-core/packages/ros_gz_example_application)
[1.697s] Level 1:colcon.colcon_core.environment:create_environment_scripts_only(ros_gz_example_application)
[1.697s] Level 1:colcon.colcon_core.environment:checking '/home/jaboy/Documents/RBE500_Project/RBE500_Project/install/ros_gz_example_application' for CMake module files
[1.697s] Level 1:colcon.colcon_core.environment:checking '/home/jaboy/Documents/RBE500_Project/RBE500_Project/install/ros_gz_example_application' for CMake config files
[1.698s] Level 1:colcon.colcon_core.shell:create_environment_hook('ros_gz_example_application', 'cmake_prefix_path')
[1.698s] INFO:colcon.colcon_core.shell:Creating environment hook '/home/jaboy/Documents/RBE500_Project/RBE500_Project/install/ros_gz_example_application/share/ros_gz_example_application/hook/cmake_prefix_path.ps1'
[1.698s] INFO:colcon.colcon_core.shell:Creating environment descriptor '/home/jaboy/Documents/RBE500_Project/RBE500_Project/install/ros_gz_example_application/share/ros_gz_example_application/hook/cmake_prefix_path.dsv'
[1.698s] INFO:colcon.colcon_core.shell:Creating environment hook '/home/jaboy/Documents/RBE500_Project/RBE500_Project/install/ros_gz_example_application/share/ros_gz_example_application/hook/cmake_prefix_path.sh'
[1.699s] Level 1:colcon.colcon_core.environment:checking '/home/jaboy/Documents/RBE500_Project/RBE500_Project/install/ros_gz_example_application/bin'
[1.699s] Level 1:colcon.colcon_core.environment:checking '/home/jaboy/Documents/RBE500_Project/RBE500_Project/install/ros_gz_example_application/lib/pkgconfig/ros_gz_example_application.pc'
[1.699s] Level 1:colcon.colcon_core.environment:checking '/home/jaboy/Documents/RBE500_Project/RBE500_Project/install/ros_gz_example_application/lib/python3.10/site-packages'
[1.699s] Level 1:colcon.colcon_core.environment:checking '/home/jaboy/Documents/RBE500_Project/RBE500_Project/install/ros_gz_example_application/bin'
[1.699s] INFO:colcon.colcon_core.shell:Creating package script '/home/jaboy/Documents/RBE500_Project/RBE500_Project/install/ros_gz_example_application/share/ros_gz_example_application/package.ps1'
[1.700s] INFO:colcon.colcon_core.shell:Creating package descriptor '/home/jaboy/Documents/RBE500_Project/RBE500_Project/install/ros_gz_example_application/share/ros_gz_example_application/package.dsv'
[1.700s] INFO:colcon.colcon_core.shell:Creating package script '/home/jaboy/Documents/RBE500_Project/RBE500_Project/install/ros_gz_example_application/share/ros_gz_example_application/package.sh'
[1.701s] INFO:colcon.colcon_core.shell:Creating package script '/home/jaboy/Documents/RBE500_Project/RBE500_Project/install/ros_gz_example_application/share/ros_gz_example_application/package.bash'
[1.701s] INFO:colcon.colcon_core.shell:Creating package script '/home/jaboy/Documents/RBE500_Project/RBE500_Project/install/ros_gz_example_application/share/ros_gz_example_application/package.zsh'
[1.701s] Level 1:colcon.colcon_core.environment:create_file_with_runtime_dependencies(/home/jaboy/Documents/RBE500_Project/RBE500_Project/install/ros_gz_example_application/share/colcon-core/packages/ros_gz_example_application)
[1.752s] Level 1:colcon.colcon_core.environment:create_environment_scripts_only(inverse_kin)
[1.752s] Level 1:colcon.colcon_core.environment:checking '/home/jaboy/Documents/RBE500_Project/RBE500_Project/install/inverse_kin' for CMake module files
[1.753s] DEBUG:colcon.colcon_core.event_handler.log_command:Invoked command in '/home/jaboy/Documents/RBE500_Project/RBE500_Project/build/inverse_kin' returned '0': CMAKE_PREFIX_PATH=${CMAKE_PREFIX_PATH}:/home/jaboy/Documents/RBE500_Project/RBE500_Project/install/inverse_kinematics:/home/jaboy/Documents/RBE500_Project/RBE500_Project/install/forward_kinematics:/home/jaboy/Documents/RBE500_Project/RBE500_Project/install/control:/home/jaboy/ros2_humble/install/rqt_bag_plugins:/home/jaboy/ros2_humble/install/rqt_bag:/home/jaboy/ros2_humble/install/launch_testing_examples:/home/jaboy/ros2_humble/install/ros2bag:/home/jaboy/ros2_humble/install/tracetools_test:/home/jaboy/ros2_humble/install/tracetools_launch:/home/jaboy/ros2_humble/install/topic_monitor:/home/jaboy/ros2_humble/install/tf2_tools:/home/jaboy/ros2_humble/install/examples_tf2_py:/home/jaboy/ros2_humble/install/tf2_ros_py:/home/jaboy/ros2_humble/install/sros2:/home/jaboy/ros2_humble/install/rqt_topic:/home/jaboy/ros2_humble/install/rqt_srv:/home/jaboy/ros2_humble/install/rqt_shell:/home/jaboy/ros2_humble/install/rqt_service_caller:/home/jaboy/ros2_humble/install/rqt_reconfigure:/home/jaboy/ros2_humble/install/rqt_py_console:/home/jaboy/ros2_humble/install/rqt_publisher:/home/jaboy/ros2_humble/install/rqt_plot:/home/jaboy/ros2_humble/install/rqt_action:/home/jaboy/ros2_humble/install/rqt_msg:/home/jaboy/ros2_humble/install/rqt_console:/home/jaboy/ros2_humble/install/rqt:/home/jaboy/ros2_humble/install/rqt_graph:/home/jaboy/ros2_humble/install/rqt_gui_py:/home/jaboy/ros2_humble/install/rqt_gui:/home/jaboy/ros2_humble/install/ros2trace:/home/jaboy/ros2_humble/install/ros2topic:/home/jaboy/ros2_humble/install/ros2test:/home/jaboy/ros2_humble/install/ros2component:/home/jaboy/ros2_humble/install/ros2param:/home/jaboy/ros2_humble/install/ros2lifecycle:/home/jaboy/ros2_humble/install/ros2service:/home/jaboy/ros2_humble/install/ros2run:/home/jaboy/ros2_humble/install/ros2launch:/home/jaboy/ros2_humble/install/ros2pkg:/home/jaboy/ros2_humble/install/ros2node:/home/jaboy/ros2_humble/install/ros2multicast:/home/jaboy/ros2_humble/install/ros2interface:/home/jaboy/ros2_humble/install/ros2doctor:/home/jaboy/ros2_humble/install/ros2action:/home/jaboy/ros2_humble/install/ros2cli:/home/jaboy/ros2_humble/install/quality_of_service_demo_py:/home/jaboy/ros2_humble/install/lifecycle_py:/home/jaboy/ros2_humble/install/launch_testing_ros:/home/jaboy/ros2_humble/install/launch_ros:/home/jaboy/ros2_humble/install/examples_rclpy_pointcloud_publisher:/home/jaboy/ros2_humble/install/examples_rclpy_minimal_subscriber:/home/jaboy/ros2_humble/install/examples_rclpy_minimal_service:/home/jaboy/ros2_humble/install/examples_rclpy_minimal_publisher:/home/jaboy/ros2_humble/install/examples_rclpy_minimal_client:/home/jaboy/ros2_humble/install/examples_rclpy_minimal_action_server:/home/jaboy/ros2_humble/install/examples_rclpy_minimal_action_client:/home/jaboy/ros2_humble/install/examples_rclpy_guard_conditions:/home/jaboy/ros2_humble/install/examples_rclpy_executors:/home/jaboy/ros2_humble/install/demo_nodes_py:/home/jaboy/ros2_humble/install/camera_info_manager_py:/home/jaboy/ros2_humble/install/action_tutorials_py:/home/jaboy/ros2_humble/install/ament_uncrustify:/home/jaboy/ros2_humble/install/tracetools_trace:/home/jaboy/ros2_humble/install/tracetools_read:/home/jaboy/ros2_humble/install/rclcpp_lifecycle:/home/jaboy/ros2_humble/install/examples_rclcpp_cbg_executor:/home/jaboy/ros2_humble/install/test_tracetools_launch:/home/jaboy/ros2_humble/install/test_launch_ros:/home/jaboy/ros2_humble/install/sensor_msgs_py:/home/jaboy/ros2_humble/install/rpyutils:/home/jaboy/ros2_humble/install/rosidl_runtime_py:/home/jaboy/ros2_humble/install/rosidl_cli:/home/jaboy/ros2_humble/install/launch_pytest:/home/jaboy/ros2_humble/install/launch_testing:/home/jaboy/ros2_humble/install/launch_yaml:/home/jaboy/ros2_humble/install/launch_xml:/home/jaboy/ros2_humble/install/launch:/home/jaboy/ros2_humble/install/osrf_pycommon:/home/jaboy/ros2_humble/install/domain_coordinator:/home/jaboy/ros2_humble/install/ament_xmllint:/home/jaboy/ros2_humble/install/ament_pyflakes:/home/jaboy/ros2_humble/install/ament_pycodestyle:/home/jaboy/ros2_humble/install/ament_pep257:/home/jaboy/ros2_humble/install/ament_pclint:/home/jaboy/ros2_humble/install/ament_package:/home/jaboy/ros2_humble/install/ament_mypy:/home/jaboy/ros2_humble/install/ament_lint_cmake:/home/jaboy/ros2_humble/install/ament_flake8:/home/jaboy/ros2_humble/install/ament_copyright:/home/jaboy/ros2_humble/install/ament_lint:/home/jaboy/ros2_humble/install/ament_index_python:/home/jaboy/ros2_humble/install/ament_cpplint:/home/jaboy/ros2_humble/install/ament_cppcheck:/home/jaboy/ros2_humble/install/ament_clang_tidy:/home/jaboy/ros2_humble/install/ament_clang_format:/home/jaboy/ros2_ws/install/launch_testing_examples:/home/jaboy/ros2_ws/install/examples_rclpy_pointcloud_publisher:/home/jaboy/ros2_ws/install/examples_rclpy_minimal_subscriber:/home/jaboy/ros2_ws/install/examples_rclpy_minimal_service:/home/jaboy/ros2_ws/install/examples_rclpy_minimal_publisher:/home/jaboy/ros2_ws/install/examples_rclpy_minimal_client:/home/jaboy/ros2_ws/install/examples_rclpy_minimal_action_server:/home/jaboy/ros2_ws/install/examples_rclpy_minimal_action_client:/home/jaboy/ros2_ws/install/examples_rclpy_guard_conditions:/home/jaboy/ros2_ws/install/examples_rclpy_executors:/opt/ros/humble /usr/bin/cmake --install /home/jaboy/Documents/RBE500_Project/RBE500_Project/build/inverse_kin
[1.753s] Level 1:colcon.colcon_core.environment:checking '/home/jaboy/Documents/RBE500_Project/RBE500_Project/install/inverse_kin' for CMake config files
[1.754s] Level 1:colcon.colcon_core.shell:create_environment_hook('inverse_kin', 'cmake_prefix_path')
[1.754s] INFO:colcon.colcon_core.shell:Creating environment hook '/home/jaboy/Documents/RBE500_Project/RBE500_Project/install/inverse_kin/share/inverse_kin/hook/cmake_prefix_path.ps1'
[1.755s] INFO:colcon.colcon_core.shell:Creating environment descriptor '/home/jaboy/Documents/RBE500_Project/RBE500_Project/install/inverse_kin/share/inverse_kin/hook/cmake_prefix_path.dsv'
[1.755s] INFO:colcon.colcon_core.shell:Creating environment hook '/home/jaboy/Documents/RBE500_Project/RBE500_Project/install/inverse_kin/share/inverse_kin/hook/cmake_prefix_path.sh'
[1.756s] Level 1:colcon.colcon_core.environment:checking '/home/jaboy/Documents/RBE500_Project/RBE500_Project/install/inverse_kin/lib'
[1.756s] Level 1:colcon.colcon_core.shell:create_environment_hook('inverse_kin', 'ld_library_path_lib')
[1.756s] INFO:colcon.colcon_core.shell:Creating environment hook '/home/jaboy/Documents/RBE500_Project/RBE500_Project/install/inverse_kin/share/inverse_kin/hook/ld_library_path_lib.ps1'
[1.757s] INFO:colcon.colcon_core.shell:Creating environment descriptor '/home/jaboy/Documents/RBE500_Project/RBE500_Project/install/inverse_kin/share/inverse_kin/hook/ld_library_path_lib.dsv'
[1.757s] INFO:colcon.colcon_core.shell:Creating environment hook '/home/jaboy/Documents/RBE500_Project/RBE500_Project/install/inverse_kin/share/inverse_kin/hook/ld_library_path_lib.sh'
[1.757s] Level 1:colcon.colcon_core.environment:checking '/home/jaboy/Documents/RBE500_Project/RBE500_Project/install/inverse_kin/bin'
[1.757s] Level 1:colcon.colcon_core.environment:checking '/home/jaboy/Documents/RBE500_Project/RBE500_Project/install/inverse_kin/lib/pkgconfig/inverse_kin.pc'
[1.758s] Level 1:colcon.colcon_core.environment:checking '/home/jaboy/Documents/RBE500_Project/RBE500_Project/install/inverse_kin/lib/python3.10/site-packages'
[1.758s] Level 1:colcon.colcon_core.environment:checking '/home/jaboy/Documents/RBE500_Project/RBE500_Project/install/inverse_kin/bin'
[1.758s] INFO:colcon.colcon_core.shell:Creating package script '/home/jaboy/Documents/RBE500_Project/RBE500_Project/install/inverse_kin/share/inverse_kin/package.ps1'
[1.758s] INFO:colcon.colcon_core.shell:Creating package descriptor '/home/jaboy/Documents/RBE500_Project/RBE500_Project/install/inverse_kin/share/inverse_kin/package.dsv'
[1.759s] INFO:colcon.colcon_core.shell:Creating package script '/home/jaboy/Documents/RBE500_Project/RBE500_Project/install/inverse_kin/share/inverse_kin/package.sh'
[1.759s] INFO:colcon.colcon_core.shell:Creating package script '/home/jaboy/Documents/RBE500_Project/RBE500_Project/install/inverse_kin/share/inverse_kin/package.bash'
[1.759s] INFO:colcon.colcon_core.shell:Creating package script '/home/jaboy/Documents/RBE500_Project/RBE500_Project/install/inverse_kin/share/inverse_kin/package.zsh'
[1.760s] Level 1:colcon.colcon_core.environment:create_file_with_runtime_dependencies(/home/jaboy/Documents/RBE500_Project/RBE500_Project/install/inverse_kin/share/colcon-core/packages/inverse_kin)
[1.760s] Level 1:colcon.colcon_core.environment:create_environment_scripts_only(inverse_kin)
[1.761s] Level 1:colcon.colcon_core.environment:checking '/home/jaboy/Documents/RBE500_Project/RBE500_Project/install/inverse_kin' for CMake module files
[1.761s] Level 1:colcon.colcon_core.environment:checking '/home/jaboy/Documents/RBE500_Project/RBE500_Project/install/inverse_kin' for CMake config files
[1.762s] Level 1:colcon.colcon_core.shell:create_environment_hook('inverse_kin', 'cmake_prefix_path')
[1.762s] INFO:colcon.colcon_core.shell:Creating environment hook '/home/jaboy/Documents/RBE500_Project/RBE500_Project/install/inverse_kin/share/inverse_kin/hook/cmake_prefix_path.ps1'
[1.762s] INFO:colcon.colcon_core.shell:Creating environment descriptor '/home/jaboy/Documents/RBE500_Project/RBE500_Project/install/inverse_kin/share/inverse_kin/hook/cmake_prefix_path.dsv'
[1.763s] INFO:colcon.colcon_core.shell:Creating environment hook '/home/jaboy/Documents/RBE500_Project/RBE500_Project/install/inverse_kin/share/inverse_kin/hook/cmake_prefix_path.sh'
[1.763s] Level 1:colcon.colcon_core.environment:checking '/home/jaboy/Documents/RBE500_Project/RBE500_Project/install/inverse_kin/lib'
[1.763s] Level 1:colcon.colcon_core.shell:create_environment_hook('inverse_kin', 'ld_library_path_lib')
[1.764s] INFO:colcon.colcon_core.shell:Creating environment hook '/home/jaboy/Documents/RBE500_Project/RBE500_Project/install/inverse_kin/share/inverse_kin/hook/ld_library_path_lib.ps1'
[1.764s] INFO:colcon.colcon_core.shell:Creating environment descriptor '/home/jaboy/Documents/RBE500_Project/RBE500_Project/install/inverse_kin/share/inverse_kin/hook/ld_library_path_lib.dsv'
[1.764s] INFO:colcon.colcon_core.shell:Creating environment hook '/home/jaboy/Documents/RBE500_Project/RBE500_Project/install/inverse_kin/share/inverse_kin/hook/ld_library_path_lib.sh'
[1.765s] Level 1:colcon.colcon_core.environment:checking '/home/jaboy/Documents/RBE500_Project/RBE500_Project/install/inverse_kin/bin'
[1.765s] Level 1:colcon.colcon_core.environment:checking '/home/jaboy/Documents/RBE500_Project/RBE500_Project/install/inverse_kin/lib/pkgconfig/inverse_kin.pc'
[1.765s] Level 1:colcon.colcon_core.environment:checking '/home/jaboy/Documents/RBE500_Project/RBE500_Project/install/inverse_kin/lib/python3.10/site-packages'
[1.765s] Level 1:colcon.colcon_core.environment:checking '/home/jaboy/Documents/RBE500_Project/RBE500_Project/install/inverse_kin/bin'
[1.766s] INFO:colcon.colcon_core.shell:Creating package script '/home/jaboy/Documents/RBE500_Project/RBE500_Project/install/inverse_kin/share/inverse_kin/package.ps1'
[1.766s] INFO:colcon.colcon_core.shell:Creating package descriptor '/home/jaboy/Documents/RBE500_Project/RBE500_Project/install/inverse_kin/share/inverse_kin/package.dsv'
[1.767s] INFO:colcon.colcon_core.shell:Creating package script '/home/jaboy/Documents/RBE500_Project/RBE500_Project/install/inverse_kin/share/inverse_kin/package.sh'
[1.768s] INFO:colcon.colcon_core.shell:Creating package script '/home/jaboy/Documents/RBE500_Project/RBE500_Project/install/inverse_kin/share/inverse_kin/package.bash'
[1.768s] INFO:colcon.colcon_core.shell:Creating package script '/home/jaboy/Documents/RBE500_Project/RBE500_Project/install/inverse_kin/share/inverse_kin/package.zsh'
[1.768s] Level 1:colcon.colcon_core.environment:create_file_with_runtime_dependencies(/home/jaboy/Documents/RBE500_Project/RBE500_Project/install/inverse_kin/share/colcon-core/packages/inverse_kin)
[1.769s] INFO:colcon.colcon_ros.task.ament_python.build:Building ROS package in '/home/jaboy/Documents/RBE500_Project/RBE500_Project/inverse_kinematics' with build type 'ament_python'
[1.769s] Level 1:colcon.colcon_core.shell:create_environment_hook('inverse_kinematics', 'ament_prefix_path')
[1.769s] INFO:colcon.colcon_core.shell:Creating environment hook '/home/jaboy/Documents/RBE500_Project/RBE500_Project/install/inverse_kinematics/share/inverse_kinematics/hook/ament_prefix_path.ps1'
[1.770s] INFO:colcon.colcon_core.shell:Creating environment descriptor '/home/jaboy/Documents/RBE500_Project/RBE500_Project/install/inverse_kinematics/share/inverse_kinematics/hook/ament_prefix_path.dsv'
[1.771s] INFO:colcon.colcon_core.shell:Creating environment hook '/home/jaboy/Documents/RBE500_Project/RBE500_Project/install/inverse_kinematics/share/inverse_kinematics/hook/ament_prefix_path.sh'
[1.771s] INFO:colcon.colcon_core.shell:Skip shell extension 'powershell' for command environment: Not usable outside of PowerShell
[1.771s] DEBUG:colcon.colcon_core.shell:Skip shell extension 'dsv' for command environment
[2.252s] INFO:colcon.colcon_core.task.python.build:Building Python package in '/home/jaboy/Documents/RBE500_Project/RBE500_Project/inverse_kinematics'
[2.252s] INFO:colcon.colcon_core.shell:Skip shell extension 'powershell' for command environment: Not usable outside of PowerShell
[2.252s] DEBUG:colcon.colcon_core.shell:Skip shell extension 'dsv' for command environment
[2.279s] DEBUG:colcon.colcon_core.event_handler.log_command:Invoking command in '/home/jaboy/Documents/RBE500_Project/RBE500_Project/forward_kinematics': PYTHONPATH=/home/jaboy/Documents/RBE500_Project/RBE500_Project/build/forward_kinematics/prefix_override:/usr/lib/python3/dist-packages/colcon_core/task/python/colcon_distutils_commands:/home/jaboy/Documents/RBE500_Project/RBE500_Project/install/forward_kinematics/lib/python3.10/site-packages:${PYTHONPATH} /usr/bin/python3 -W ignore:setup.py install is deprecated -W ignore:easy_install command is deprecated setup.py egg_info --egg-base ../build/forward_kinematics build --build-base /home/jaboy/Documents/RBE500_Project/RBE500_Project/build/forward_kinematics/build install --record /home/jaboy/Documents/RBE500_Project/RBE500_Project/build/forward_kinematics/install.log --single-version-externally-managed install_data
[2.280s] DEBUG:colcon.colcon_core.event_handler.log_command:Invoking command in '/home/jaboy/Documents/RBE500_Project/RBE500_Project/control': PYTHONPATH=/home/jaboy/Documents/RBE500_Project/RBE500_Project/build/control/prefix_override:/usr/lib/python3/dist-packages/colcon_core/task/python/colcon_distutils_commands:/home/jaboy/Documents/RBE500_Project/RBE500_Project/install/control/lib/python3.10/site-packages:${PYTHONPATH} /usr/bin/python3 -W ignore:setup.py install is deprecated -W ignore:easy_install command is deprecated setup.py egg_info --egg-base ../build/control build --build-base /home/jaboy/Documents/RBE500_Project/RBE500_Project/build/control/build install --record /home/jaboy/Documents/RBE500_Project/RBE500_Project/build/control/install.log --single-version-externally-managed install_data
[2.282s] DEBUG:colcon.colcon_core.event_handler.log_command:Invoked command in '/home/jaboy/Documents/RBE500_Project/RBE500_Project/build/custom_interfaces' returned '1': CMAKE_PREFIX_PATH=${CMAKE_PREFIX_PATH}:/home/jaboy/Documents/RBE500_Project/RBE500_Project/install/inverse_kinematics:/home/jaboy/Documents/RBE500_Project/RBE500_Project/install/forward_kinematics:/home/jaboy/Documents/RBE500_Project/RBE500_Project/install/control:/home/jaboy/ros2_humble/install/rqt_bag_plugins:/home/jaboy/ros2_humble/install/rqt_bag:/home/jaboy/ros2_humble/install/launch_testing_examples:/home/jaboy/ros2_humble/install/ros2bag:/home/jaboy/ros2_humble/install/tracetools_test:/home/jaboy/ros2_humble/install/tracetools_launch:/home/jaboy/ros2_humble/install/topic_monitor:/home/jaboy/ros2_humble/install/tf2_tools:/home/jaboy/ros2_humble/install/examples_tf2_py:/home/jaboy/ros2_humble/install/tf2_ros_py:/home/jaboy/ros2_humble/install/sros2:/home/jaboy/ros2_humble/install/rqt_topic:/home/jaboy/ros2_humble/install/rqt_srv:/home/jaboy/ros2_humble/install/rqt_shell:/home/jaboy/ros2_humble/install/rqt_service_caller:/home/jaboy/ros2_humble/install/rqt_reconfigure:/home/jaboy/ros2_humble/install/rqt_py_console:/home/jaboy/ros2_humble/install/rqt_publisher:/home/jaboy/ros2_humble/install/rqt_plot:/home/jaboy/ros2_humble/install/rqt_action:/home/jaboy/ros2_humble/install/rqt_msg:/home/jaboy/ros2_humble/install/rqt_console:/home/jaboy/ros2_humble/install/rqt:/home/jaboy/ros2_humble/install/rqt_graph:/home/jaboy/ros2_humble/install/rqt_gui_py:/home/jaboy/ros2_humble/install/rqt_gui:/home/jaboy/ros2_humble/install/ros2trace:/home/jaboy/ros2_humble/install/ros2topic:/home/jaboy/ros2_humble/install/ros2test:/home/jaboy/ros2_humble/install/ros2component:/home/jaboy/ros2_humble/install/ros2param:/home/jaboy/ros2_humble/install/ros2lifecycle:/home/jaboy/ros2_humble/install/ros2service:/home/jaboy/ros2_humble/install/ros2run:/home/jaboy/ros2_humble/install/ros2launch:/home/jaboy/ros2_humble/install/ros2pkg:/home/jaboy/ros2_humble/install/ros2node:/home/jaboy/ros2_humble/install/ros2multicast:/home/jaboy/ros2_humble/install/ros2interface:/home/jaboy/ros2_humble/install/ros2doctor:/home/jaboy/ros2_humble/install/ros2action:/home/jaboy/ros2_humble/install/ros2cli:/home/jaboy/ros2_humble/install/quality_of_service_demo_py:/home/jaboy/ros2_humble/install/lifecycle_py:/home/jaboy/ros2_humble/install/launch_testing_ros:/home/jaboy/ros2_humble/install/launch_ros:/home/jaboy/ros2_humble/install/examples_rclpy_pointcloud_publisher:/home/jaboy/ros2_humble/install/examples_rclpy_minimal_subscriber:/home/jaboy/ros2_humble/install/examples_rclpy_minimal_service:/home/jaboy/ros2_humble/install/examples_rclpy_minimal_publisher:/home/jaboy/ros2_humble/install/examples_rclpy_minimal_client:/home/jaboy/ros2_humble/install/examples_rclpy_minimal_action_server:/home/jaboy/ros2_humble/install/examples_rclpy_minimal_action_client:/home/jaboy/ros2_humble/install/examples_rclpy_guard_conditions:/home/jaboy/ros2_humble/install/examples_rclpy_executors:/home/jaboy/ros2_humble/install/demo_nodes_py:/home/jaboy/ros2_humble/install/camera_info_manager_py:/home/jaboy/ros2_humble/install/action_tutorials_py:/home/jaboy/ros2_humble/install/ament_uncrustify:/home/jaboy/ros2_humble/install/tracetools_trace:/home/jaboy/ros2_humble/install/tracetools_read:/home/jaboy/ros2_humble/install/rclcpp_lifecycle:/home/jaboy/ros2_humble/install/examples_rclcpp_cbg_executor:/home/jaboy/ros2_humble/install/test_tracetools_launch:/home/jaboy/ros2_humble/install/test_launch_ros:/home/jaboy/ros2_humble/install/sensor_msgs_py:/home/jaboy/ros2_humble/install/rpyutils:/home/jaboy/ros2_humble/install/rosidl_runtime_py:/home/jaboy/ros2_humble/install/rosidl_cli:/home/jaboy/ros2_humble/install/launch_pytest:/home/jaboy/ros2_humble/install/launch_testing:/home/jaboy/ros2_humble/install/launch_yaml:/home/jaboy/ros2_humble/install/launch_xml:/home/jaboy/ros2_humble/install/launch:/home/jaboy/ros2_humble/install/osrf_pycommon:/home/jaboy/ros2_humble/install/domain_coordinator:/home/jaboy/ros2_humble/install/ament_xmllint:/home/jaboy/ros2_humble/install/ament_pyflakes:/home/jaboy/ros2_humble/install/ament_pycodestyle:/home/jaboy/ros2_humble/install/ament_pep257:/home/jaboy/ros2_humble/install/ament_pclint:/home/jaboy/ros2_humble/install/ament_package:/home/jaboy/ros2_humble/install/ament_mypy:/home/jaboy/ros2_humble/install/ament_lint_cmake:/home/jaboy/ros2_humble/install/ament_flake8:/home/jaboy/ros2_humble/install/ament_copyright:/home/jaboy/ros2_humble/install/ament_lint:/home/jaboy/ros2_humble/install/ament_index_python:/home/jaboy/ros2_humble/install/ament_cpplint:/home/jaboy/ros2_humble/install/ament_cppcheck:/home/jaboy/ros2_humble/install/ament_clang_tidy:/home/jaboy/ros2_humble/install/ament_clang_format:/home/jaboy/ros2_ws/install/launch_testing_examples:/home/jaboy/ros2_ws/install/examples_rclpy_pointcloud_publisher:/home/jaboy/ros2_ws/install/examples_rclpy_minimal_subscriber:/home/jaboy/ros2_ws/install/examples_rclpy_minimal_service:/home/jaboy/ros2_ws/install/examples_rclpy_minimal_publisher:/home/jaboy/ros2_ws/install/examples_rclpy_minimal_client:/home/jaboy/ros2_ws/install/examples_rclpy_minimal_action_server:/home/jaboy/ros2_ws/install/examples_rclpy_minimal_action_client:/home/jaboy/ros2_ws/install/examples_rclpy_guard_conditions:/home/jaboy/ros2_ws/install/examples_rclpy_executors:/opt/ros/humble /usr/bin/cmake /home/jaboy/Documents/RBE500_Project/RBE500_Project/custom_interfaces -DCMAKE_INSTALL_PREFIX=/home/jaboy/Documents/RBE500_Project/RBE500_Project/install/custom_interfaces
[2.282s] DEBUG:colcon.colcon_core.event_handler.log_command:Invoked command in '/home/jaboy/Documents/RBE500_Project/RBE500_Project/build/ros_gz_example_gazebo' returned '0': CMAKE_PREFIX_PATH=/home/jaboy/Documents/RBE500_Project/RBE500_Project/install/ros_gz_example_description:/home/jaboy/Documents/RBE500_Project/RBE500_Project/install/ros_gz_example_bringup:/home/jaboy/Documents/RBE500_Project/RBE500_Project/install/ros_gz_example_gazebo:/home/jaboy/Documents/RBE500_Project/RBE500_Project/install/ros_gz_example_application:/home/jaboy/Documents/RBE500_Project/RBE500_Project/install/inverse_kin:/home/jaboy/ros2_humble/install/rosbag2_storage_mcap:/home/jaboy/ros2_humble/install/rosbag2:/home/jaboy/ros2_humble/install/rosbag2_compression_zstd:/home/jaboy/ros2_humble/install/mcap_vendor:/home/jaboy/ros2_humble/install/zstd_vendor:/home/jaboy/ros2_humble/install/rviz_visual_testing_framework:/home/jaboy/ros2_humble/install/rviz2:/home/jaboy/ros2_humble/install/rviz_default_plugins:/home/jaboy/ros2_humble/install/rviz_common:/home/jaboy/ros2_humble/install/rosbag2_py:/home/jaboy/ros2_humble/install/rosbag2_transport:/home/jaboy/ros2_humble/install/rosbag2_storage_default_plugins:/home/jaboy/ros2_humble/install/rosbag2_performance_benchmarking:/home/jaboy/ros2_humble/install/rosbag2_compression:/home/jaboy/ros2_humble/install/rosbag2_cpp:/home/jaboy/ros2_humble/install/rosbag2_storage:/home/jaboy/ros2_humble/install/image_common:/home/jaboy/ros2_humble/install/camera_info_manager:/home/jaboy/ros2_humble/install/camera_calibration_parsers:/home/jaboy/ros2_humble/install/yaml_cpp_vendor:/home/jaboy/ros2_humble/install/interactive_markers:/home/jaboy/ros2_humble/install/common_interfaces:/home/jaboy/ros2_humble/install/visualization_msgs:/home/jaboy/ros2_humble/install/dummy_robot_bringup:/home/jaboy/ros2_humble/install/robot_state_publisher:/home/jaboy/ros2_humble/install/kdl_parser:/home/jaboy/ros2_humble/install/urdf:/home/jaboy/ros2_humble/install/urdfdom:/home/jaboy/ros2_humble/install/urdf_parser_plugin:/home/jaboy/ros2_humble/install/urdfdom_headers:/home/jaboy/ros2_humble/install/turtlesim:/home/jaboy/ros2_humble/install/geometry2:/home/jaboy/ros2_humble/install/tf2_sensor_msgs:/home/jaboy/ros2_humble/install/test_tf2:/home/jaboy/ros2_humble/install/tf2_kdl:/home/jaboy/ros2_humble/install/tf2_geometry_msgs:/home/jaboy/ros2_humble/install/tf2_eigen:/home/jaboy/ros2_humble/install/tf2_bullet:/home/jaboy/ros2_humble/install/tf2_ros:/home/jaboy/ros2_humble/install/tf2_py:/home/jaboy/ros2_humble/install/tf2_msgs:/home/jaboy/ros2_humble/install/test_msgs:/home/jaboy/ros2_humble/install/sros2_cmake:/home/jaboy/ros2_humble/install/ros2cli_common_extensions:/home/jaboy/ros2_humble/install/rqt_py_common:/home/jaboy/ros2_humble/install/rosbag2_storage_mcap_testdata:/home/jaboy/ros2_humble/install/ros_testing:/home/jaboy/ros2_humble/install/ros2cli_test_interfaces:/home/jaboy/ros2_humble/install/quality_of_service_demo_cpp:/home/jaboy/ros2_humble/install/image_transport:/home/jaboy/ros2_humble/install/message_filters:/home/jaboy/ros2_humble/install/demo_nodes_cpp:/home/jaboy/ros2_humble/install/composition:/home/jaboy/ros2_humble/install/laser_geometry:/home/jaboy/ros2_humble/install/rclpy:/home/jaboy/ros2_humble/install/examples_rclcpp_minimal_action_server:/home/jaboy/ros2_humble/install/examples_rclcpp_minimal_action_client:/home/jaboy/ros2_humble/install/action_tutorials_cpp:/home/jaboy/ros2_humble/install/rclcpp_action:/home/jaboy/ros2_humble/install/rcl_action:/home/jaboy/ros2_humble/install/examples_rclcpp_wait_set:/home/jaboy/ros2_humble/install/examples_rclcpp_minimal_service:/home/jaboy/ros2_humble/install/examples_rclcpp_minimal_client:/home/jaboy/ros2_humble/install/examples_rclcpp_async_client:/home/jaboy/ros2_humble/install/example_interfaces:/home/jaboy/ros2_humble/install/action_tutorials_interfaces:/home/jaboy/ros2_humble/install/action_msgs:/home/jaboy/ros2_humble/install/unique_identifier_msgs:/home/jaboy/ros2_humble/install/ament_lint_common:/home/jaboy/ros2_humble/install/ament_cmake_uncrustify:/home/jaboy/ros2_humble/install/uncrustify_vendor:/home/jaboy/ros2_humble/install/trajectory_msgs:/home/jaboy/ros2_humble/install/topic_statistics_demo:/home/jaboy/ros2_humble/install/pendulum_control:/home/jaboy/ros2_humble/install/tlsf_cpp:/home/jaboy/ros2_humble/install/test_tracetools:/home/jaboy/ros2_humble/install/rqt_gui_cpp:/home/jaboy/ros2_humble/install/rosbag2_test_common:/home/jaboy/ros2_humble/install/ros2lifecycle_test_fixtures:/home/jaboy/ros2_humble/install/lifecycle:/home/jaboy/ros2_humble/install/logging_demo:/home/jaboy/ros2_humble/install/image_tools:/home/jaboy/ros2_humble/install/examples_rclcpp_minimal_subscriber:/home/jaboy/ros2_humble/install/examples_rclcpp_minimal_composition:/home/jaboy/ros2_humble/install/demo_nodes_cpp_native:/home/jaboy/ros2_humble/install/rclcpp_components:/home/jaboy/ros2_humble/install/intra_process_demo:/home/jaboy/ros2_humble/install/examples_rclcpp_multithreaded_executor:/home/jaboy/ros2_humble/install/examples_rclcpp_minimal_timer:/home/jaboy/ros2_humble/install/examples_rclcpp_minimal_publisher:/home/jaboy/ros2_humble/install/dummy_sensors:/home/jaboy/ros2_humble/install/dummy_map_server:/home/jaboy/ros2_humble/install/rclcpp:/home/jaboy/ros2_humble/install/rcl_lifecycle:/home/jaboy/ros2_humble/install/libstatistics_collector:/home/jaboy/ros2_humble/install/rcl:/home/jaboy/ros2_humble/install/rmw_implementation:/home/jaboy/ros2_humble/install/rmw_fastrtps_dynamic_cpp:/home/jaboy/ros2_humble/install/rmw_fastrtps_cpp:/home/jaboy/ros2_humble/install/rmw_fastrtps_shared_cpp:/home/jaboy/ros2_humble/install/rmw_cyclonedds_cpp:/home/jaboy/ros2_humble/install/tracetools:/home/jaboy/ros2_humble/install/tlsf:/home/jaboy/ros2_humble/install/tinyxml_vendor:/home/jaboy/ros2_humble/install/qt_gui_core:/home/jaboy/ros2_humble/install/qt_gui_cpp:/home/jaboy/ros2_humble/install/pluginlib:/home/jaboy/ros2_humble/install/tinyxml2_vendor:/home/jaboy/ros2_humble/install/tf2_eigen_kdl:/home/jaboy/ros2_humble/install/tf2:/home/jaboy/ros2_humble/install/test_security:/home/jaboy/ros2_humble/install/test_rmw_implementation:/home/jaboy/ros2_humble/install/test_rclcpp:/home/jaboy/ros2_humble/install/test_quality_of_service:/home/jaboy/ros2_humble/install/test_launch_testing:/home/jaboy/ros2_humble/install/test_interface_files:/home/jaboy/ros2_humble/install/test_communication:/home/jaboy/ros2_humble/install/test_cli_remapping:/home/jaboy/ros2_humble/install/test_cli:/home/jaboy/ros2_humble/install/qt_gui_app:/home/jaboy/ros2_humble/install/qt_gui:/home/jaboy/ros2_humble/install/tango_icons_vendor:/home/jaboy/ros2_humble/install/stereo_msgs:/home/jaboy/ros2_humble/install/std_srvs:/home/jaboy/ros2_humble/install/shape_msgs:/home/jaboy/ros2_humble/install/map_msgs:/home/jaboy/ros2_humble/install/sensor_msgs:/home/jaboy/ros2_humble/install/nav_msgs:/home/jaboy/ros2_humble/install/diagnostic_msgs:/home/jaboy/ros2_humble/install/geometry_msgs:/home/jaboy/ros2_humble/install/actionlib_msgs:/home/jaboy/ros2_humble/install/std_msgs:/home/jaboy/ros2_humble/install/statistics_msgs:/home/jaboy/ros2_humble/install/sqlite3_vendor:/home/jaboy/ros2_humble/install/rcl_logging_spdlog:/home/jaboy/ros2_humble/install/spdlog_vendor:/home/jaboy/ros2_humble/install/shared_queues_vendor:/home/jaboy/ros2_humble/install/rviz_rendering_tests:/home/jaboy/ros2_humble/install/rviz_rendering:/home/jaboy/ros2_humble/install/rviz_ogre_vendor:/home/jaboy/ros2_humble/install/rviz_assimp_vendor:/home/jaboy/ros2_humble/install/rttest:/home/jaboy/ros2_humble/install/rmw_connextddsmicro:/home/jaboy/ros2_humble/install/rmw_connextdds:/home/jaboy/ros2_humble/install/rmw_connextdds_common:/home/jaboy/ros2_humble/install/rti_connext_dds_cmake_module:/home/jaboy/ros2_humble/install/rosgraph_msgs:/home/jaboy/ros2_humble/install/rosbag2_interfaces:/home/jaboy/ros2_humble/install/rmw_dds_common:/home/jaboy/ros2_humble/install/composition_interfaces:/home/jaboy/ros2_humble/install/rcl_interfaces:/home/jaboy/ros2_humble/install/pendulum_msgs:/home/jaboy/ros2_humble/install/lifecycle_msgs:/home/jaboy/ros2_humble/install/builtin_interfaces:/home/jaboy/ros2_humble/install/rosidl_default_runtime:/home/jaboy/ros2_humble/install/rosidl_default_generators:/home/jaboy/ros2_humble/install/rosidl_generator_py:/home/jaboy/ros2_humble/install/rosidl_typesupport_introspection_tests:/home/jaboy/ros2_humble/install/rosidl_typesupport_cpp:/home/jaboy/ros2_humble/install/rosidl_typesupport_introspection_cpp:/home/jaboy/ros2_humble/install/rosidl_typesupport_c:/home/jaboy/ros2_humble/install/rosidl_typesupport_introspection_c:/home/jaboy/ros2_humble/install/rosidl_typesupport_fastrtps_c:/home/jaboy/ros2_humble/install/rosidl_typesupport_fastrtps_cpp:/home/jaboy/ros2_humble/install/rosidl_generator_cpp:/home/jaboy/ros2_humble/install/rosidl_runtime_cpp:/home/jaboy/ros2_humble/install/rcl_yaml_param_parser:/home/jaboy/ros2_humble/install/rmw:/home/jaboy/ros2_humble/install/rosidl_runtime_c:/home/jaboy/ros2_humble/install/rosidl_generator_c:/home/jaboy/ros2_humble/install/rosidl_typesupport_interface:/home/jaboy/ros2_humble/install/rosidl_generator_dds_idl:/home/jaboy/ros2_humble/install/rosidl_cmake:/home/jaboy/ros2_humble/install/rosidl_parser:/home/jaboy/ros2_humble/install/rosidl_adapter:/home/jaboy/ros2_humble/install/rosbag2_tests:/home/jaboy/ros2_humble/install/ros_environment:/home/jaboy/ros2_humble/install/rmw_implementation_cmake:/home/jaboy/ros2_humble/install/resource_retriever:/home/jaboy/ros2_humble/install/class_loader:/home/jaboy/ros2_humble/install/rcpputils:/home/jaboy/ros2_humble/install/rcl_logging_noop:/home/jaboy/ros2_humble/install/rcl_logging_interface:/home/jaboy/ros2_humble/install/rcutils:/home/jaboy/ros2_humble/install/qt_gui_py_common:/home/jaboy/ros2_humble/install/qt_dotgraph:/home/jaboy/ros2_humble/install/python_qt_binding:/home/jaboy/ros2_humble/install/python_orocos_kdl_vendor:/home/jaboy/ros2_humble/install/launch_testing_ament_cmake:/home/jaboy/ros2_humble/install/python_cmake_module:/home/jaboy/ros2_humble/install/pybind11_vendor:/home/jaboy/ros2_humble/install/performance_test_fixture:/home/jaboy/ros2_humble/install/osrf_testing_tools_cpp:/home/jaboy/ros2_humble/install/orocos_kdl_vendor:/home/jaboy/ros2_humble/install/mimick_vendor:/home/jaboy/ros2_humble/install/libyaml_vendor:/home/jaboy/ros2_humble/install/libcurl_vendor:/home/jaboy/ros2_humble/install/keyboard_handler:/home/jaboy/ros2_humble/install/iceoryx_introspection:/home/jaboy/ros2_humble/install/cyclonedds:/home/jaboy/ros2_humble/install/iceoryx_posh:/home/jaboy/ros2_humble/install/iceoryx_hoofs:/home/jaboy/ros2_humble/install/iceoryx_binding_c:/home/jaboy/ros2_humble/install/ament_cmake_ros:/home/jaboy/ros2_humble/install/ament_cmake_auto:/home/jaboy/ros2_humble/install/ament_cmake_gmock:/home/jaboy/ros2_humble/install/gmock_vendor:/home/jaboy/ros2_humble/install/ament_cmake_gtest:/home/jaboy/ros2_humble/install/gtest_vendor:/home/jaboy/ros2_humble/install/ament_cmake_google_benchmark:/home/jaboy/ros2_humble/install/google_benchmark_vendor:/home/jaboy/ros2_humble/install/fastrtps:/home/jaboy/ros2_humble/install/foonathan_memory_vendor:/home/jaboy/ros2_humble/install/fastrtps_cmake_module:/home/jaboy/ros2_humble/install/fastcdr:/home/jaboy/ros2_humble/install/eigen3_cmake_module:/home/jaboy/ros2_humble/install/console_bridge_vendor:/home/jaboy/ros2_humble/install/ament_cmake_xmllint:/home/jaboy/ros2_humble/install/ament_cmake_pyflakes:/home/jaboy/ros2_humble/install/ament_cmake_pycodestyle:/home/jaboy/ros2_humble/install/ament_cmake_pep257:/home/jaboy/ros2_humble/install/ament_cmake_pclint:/home/jaboy/ros2_humble/install/ament_lint_auto:/home/jaboy/ros2_humble/install/ament_cmake:/home/jaboy/ros2_humble/install/ament_cmake_version:/home/jaboy/ros2_humble/install/ament_cmake_vendor_package:/home/jaboy/ros2_humble/install/ament_cmake_pytest:/home/jaboy/ros2_humble/install/ament_cmake_nose:/home/jaboy/ros2_humble/install/ament_cmake_mypy:/home/jaboy/ros2_humble/install/ament_cmake_lint_cmake:/home/jaboy/ros2_humble/install/ament_cmake_flake8:/home/jaboy/ros2_humble/install/ament_cmake_cpplint:/home/jaboy/ros2_humble/install/ament_cmake_cppcheck:/home/jaboy/ros2_humble/install/ament_cmake_copyright:/home/jaboy/ros2_humble/install/ament_cmake_clang_tidy:/home/jaboy/ros2_humble/install/ament_cmake_clang_format:/home/jaboy/ros2_humble/install/ament_cmake_test:/home/jaboy/ros2_humble/install/ament_cmake_target_dependencies:/home/jaboy/ros2_humble/install/ament_cmake_python:/home/jaboy/ros2_humble/install/ament_cmake_export_dependencies:/home/jaboy/ros2_humble/install/ament_cmake_libraries:/home/jaboy/ros2_humble/install/ament_cmake_include_directories:/home/jaboy/ros2_humble/install/ament_cmake_gen_version_h:/home/jaboy/ros2_humble/install/ament_cmake_export_targets:/home/jaboy/ros2_humble/install/ament_cmake_export_link_flags:/home/jaboy/ros2_humble/install/ament_cmake_export_interfaces:/home/jaboy/ros2_humble/install/ament_cmake_export_libraries:/home/jaboy/ros2_humble/install/ament_cmake_export_include_directories:/home/jaboy/ros2_humble/install/ament_cmake_export_definitions:/home/jaboy/ros2_humble/install/ament_cmake_core:/home/jaboy/ros2_humble/install/ament_index_cpp:/home/jaboy/ros2_ws/install/quat_to_euler:/home/jaboy/ros2_ws/install/hw3-kinematics:/home/jaboy/ros2_ws/install/examples_rclcpp_wait_set:/home/jaboy/ros2_ws/install/examples_rclcpp_multithreaded_executor:/home/jaboy/ros2_ws/install/examples_rclcpp_minimal_timer:/home/jaboy/ros2_ws/install/examples_rclcpp_minimal_subscriber:/home/jaboy/ros2_ws/install/examples_rclcpp_minimal_service:/home/jaboy/ros2_ws/install/examples_rclcpp_minimal_publisher:/home/jaboy/ros2_ws/install/examples_rclcpp_minimal_composition:/home/jaboy/ros2_ws/install/examples_rclcpp_minimal_client:/home/jaboy/ros2_ws/install/examples_rclcpp_minimal_action_server:/home/jaboy/ros2_ws/install/examples_rclcpp_minimal_action_client:/home/jaboy/ros2_ws/install/examples_rclcpp_cbg_executor:/home/jaboy/ros2_ws/install/examples_rclcpp_async_client:/home/jaboy/Documents/RBE500_Project/RBE500_Project/install/inverse_kinematics:/home/jaboy/Documents/RBE500_Project/RBE500_Project/install/forward_kinematics:/home/jaboy/Documents/RBE500_Project/RBE500_Project/install/control:/home/jaboy/ros2_humble/install/rqt_bag_plugins:/home/jaboy/ros2_humble/install/rqt_bag:/home/jaboy/ros2_humble/install/launch_testing_examples:/home/jaboy/ros2_humble/install/ros2bag:/home/jaboy/ros2_humble/install/tracetools_test:/home/jaboy/ros2_humble/install/tracetools_launch:/home/jaboy/ros2_humble/install/topic_monitor:/home/jaboy/ros2_humble/install/tf2_tools:/home/jaboy/ros2_humble/install/examples_tf2_py:/home/jaboy/ros2_humble/install/tf2_ros_py:/home/jaboy/ros2_humble/install/sros2:/home/jaboy/ros2_humble/install/rqt_topic:/home/jaboy/ros2_humble/install/rqt_srv:/home/jaboy/ros2_humble/install/rqt_shell:/home/jaboy/ros2_humble/install/rqt_service_caller:/home/jaboy/ros2_humble/install/rqt_reconfigure:/home/jaboy/ros2_humble/install/rqt_py_console:/home/jaboy/ros2_humble/install/rqt_publisher:/home/jaboy/ros2_humble/install/rqt_plot:/home/jaboy/ros2_humble/install/rqt_action:/home/jaboy/ros2_humble/install/rqt_msg:/home/jaboy/ros2_humble/install/rqt_console:/home/jaboy/ros2_humble/install/rqt:/home/jaboy/ros2_humble/install/rqt_graph:/home/jaboy/ros2_humble/install/rqt_gui_py:/home/jaboy/ros2_humble/install/rqt_gui:/home/jaboy/ros2_humble/install/ros2trace:/home/jaboy/ros2_humble/install/ros2topic:/home/jaboy/ros2_humble/install/ros2test:/home/jaboy/ros2_humble/install/ros2component:/home/jaboy/ros2_humble/install/ros2param:/home/jaboy/ros2_humble/install/ros2lifecycle:/home/jaboy/ros2_humble/install/ros2service:/home/jaboy/ros2_humble/install/ros2run:/home/jaboy/ros2_humble/install/ros2launch:/home/jaboy/ros2_humble/install/ros2pkg:/home/jaboy/ros2_humble/install/ros2node:/home/jaboy/ros2_humble/install/ros2multicast:/home/jaboy/ros2_humble/install/ros2interface:/home/jaboy/ros2_humble/install/ros2doctor:/home/jaboy/ros2_humble/install/ros2action:/home/jaboy/ros2_humble/install/ros2cli:/home/jaboy/ros2_humble/install/quality_of_service_demo_py:/home/jaboy/ros2_humble/install/lifecycle_py:/home/jaboy/ros2_humble/install/launch_testing_ros:/home/jaboy/ros2_humble/install/launch_ros:/home/jaboy/ros2_humble/install/examples_rclpy_pointcloud_publisher:/home/jaboy/ros2_humble/install/examples_rclpy_minimal_subscriber:/home/jaboy/ros2_humble/install/examples_rclpy_minimal_service:/home/jaboy/ros2_humble/install/examples_rclpy_minimal_publisher:/home/jaboy/ros2_humble/install/examples_rclpy_minimal_client:/home/jaboy/ros2_humble/install/examples_rclpy_minimal_action_server:/home/jaboy/ros2_humble/install/examples_rclpy_minimal_action_client:/home/jaboy/ros2_humble/install/examples_rclpy_guard_conditions:/home/jaboy/ros2_humble/install/examples_rclpy_executors:/home/jaboy/ros2_humble/install/demo_nodes_py:/home/jaboy/ros2_humble/install/camera_info_manager_py:/home/jaboy/ros2_humble/install/action_tutorials_py:/home/jaboy/ros2_humble/install/ament_uncrustify:/home/jaboy/ros2_humble/install/tracetools_trace:/home/jaboy/ros2_humble/install/tracetools_read:/home/jaboy/ros2_humble/install/rclcpp_lifecycle:/home/jaboy/ros2_humble/install/examples_rclcpp_cbg_executor:/home/jaboy/ros2_humble/install/test_tracetools_launch:/home/jaboy/ros2_humble/install/test_launch_ros:/home/jaboy/ros2_humble/install/sensor_msgs_py:/home/jaboy/ros2_humble/install/rpyutils:/home/jaboy/ros2_humble/install/rosidl_runtime_py:/home/jaboy/ros2_humble/install/rosidl_cli:/home/jaboy/ros2_humble/install/launch_pytest:/home/jaboy/ros2_humble/install/launch_testing:/home/jaboy/ros2_humble/install/launch_yaml:/home/jaboy/ros2_humble/install/launch_xml:/home/jaboy/ros2_humble/install/launch:/home/jaboy/ros2_humble/install/osrf_pycommon:/home/jaboy/ros2_humble/install/domain_coordinator:/home/jaboy/ros2_humble/install/ament_xmllint:/home/jaboy/ros2_humble/install/ament_pyflakes:/home/jaboy/ros2_humble/install/ament_pycodestyle:/home/jaboy/ros2_humble/install/ament_pep257:/home/jaboy/ros2_humble/install/ament_pclint:/home/jaboy/ros2_humble/install/ament_package:/home/jaboy/ros2_humble/install/ament_mypy:/home/jaboy/ros2_humble/install/ament_lint_cmake:/home/jaboy/ros2_humble/install/ament_flake8:/home/jaboy/ros2_humble/install/ament_copyright:/home/jaboy/ros2_humble/install/ament_lint:/home/jaboy/ros2_humble/install/ament_index_python:/home/jaboy/ros2_humble/install/ament_cpplint:/home/jaboy/ros2_humble/install/ament_cppcheck:/home/jaboy/ros2_humble/install/ament_clang_tidy:/home/jaboy/ros2_humble/install/ament_clang_format:/home/jaboy/ros2_ws/install/launch_testing_examples:/home/jaboy/ros2_ws/install/examples_rclpy_pointcloud_publisher:/home/jaboy/ros2_ws/install/examples_rclpy_minimal_subscriber:/home/jaboy/ros2_ws/install/examples_rclpy_minimal_service:/home/jaboy/ros2_ws/install/examples_rclpy_minimal_publisher:/home/jaboy/ros2_ws/install/examples_rclpy_minimal_client:/home/jaboy/ros2_ws/install/examples_rclpy_minimal_action_server:/home/jaboy/ros2_ws/install/examples_rclpy_minimal_action_client:/home/jaboy/ros2_ws/install/examples_rclpy_guard_conditions:/home/jaboy/ros2_ws/install/examples_rclpy_executors:/opt/ros/humble IGN_GAZEBO_RESOURCE_PATH=/home/jaboy/Documents/RBE500_Project/RBE500_Project/install/ros_gz_example_description/share/ros_gz_example_description/models:${IGN_GAZEBO_RESOURCE_PATH} /usr/bin/cmake --build /home/jaboy/Documents/RBE500_Project/RBE500_Project/build/ros_gz_example_gazebo -- -j16 -l16
[2.283s] DEBUG:colcon.colcon_core.event_handler.log_command:Invoking command in '/home/jaboy/Documents/RBE500_Project/RBE500_Project/build/ros_gz_example_gazebo': CMAKE_PREFIX_PATH=/home/jaboy/Documents/RBE500_Project/RBE500_Project/install/ros_gz_example_description:/home/jaboy/Documents/RBE500_Project/RBE500_Project/install/ros_gz_example_bringup:/home/jaboy/Documents/RBE500_Project/RBE500_Project/install/ros_gz_example_gazebo:/home/jaboy/Documents/RBE500_Project/RBE500_Project/install/ros_gz_example_application:/home/jaboy/Documents/RBE500_Project/RBE500_Project/install/inverse_kin:/home/jaboy/ros2_humble/install/rosbag2_storage_mcap:/home/jaboy/ros2_humble/install/rosbag2:/home/jaboy/ros2_humble/install/rosbag2_compression_zstd:/home/jaboy/ros2_humble/install/mcap_vendor:/home/jaboy/ros2_humble/install/zstd_vendor:/home/jaboy/ros2_humble/install/rviz_visual_testing_framework:/home/jaboy/ros2_humble/install/rviz2:/home/jaboy/ros2_humble/install/rviz_default_plugins:/home/jaboy/ros2_humble/install/rviz_common:/home/jaboy/ros2_humble/install/rosbag2_py:/home/jaboy/ros2_humble/install/rosbag2_transport:/home/jaboy/ros2_humble/install/rosbag2_storage_default_plugins:/home/jaboy/ros2_humble/install/rosbag2_performance_benchmarking:/home/jaboy/ros2_humble/install/rosbag2_compression:/home/jaboy/ros2_humble/install/rosbag2_cpp:/home/jaboy/ros2_humble/install/rosbag2_storage:/home/jaboy/ros2_humble/install/image_common:/home/jaboy/ros2_humble/install/camera_info_manager:/home/jaboy/ros2_humble/install/camera_calibration_parsers:/home/jaboy/ros2_humble/install/yaml_cpp_vendor:/home/jaboy/ros2_humble/install/interactive_markers:/home/jaboy/ros2_humble/install/common_interfaces:/home/jaboy/ros2_humble/install/visualization_msgs:/home/jaboy/ros2_humble/install/dummy_robot_bringup:/home/jaboy/ros2_humble/install/robot_state_publisher:/home/jaboy/ros2_humble/install/kdl_parser:/home/jaboy/ros2_humble/install/urdf:/home/jaboy/ros2_humble/install/urdfdom:/home/jaboy/ros2_humble/install/urdf_parser_plugin:/home/jaboy/ros2_humble/install/urdfdom_headers:/home/jaboy/ros2_humble/install/turtlesim:/home/jaboy/ros2_humble/install/geometry2:/home/jaboy/ros2_humble/install/tf2_sensor_msgs:/home/jaboy/ros2_humble/install/test_tf2:/home/jaboy/ros2_humble/install/tf2_kdl:/home/jaboy/ros2_humble/install/tf2_geometry_msgs:/home/jaboy/ros2_humble/install/tf2_eigen:/home/jaboy/ros2_humble/install/tf2_bullet:/home/jaboy/ros2_humble/install/tf2_ros:/home/jaboy/ros2_humble/install/tf2_py:/home/jaboy/ros2_humble/install/tf2_msgs:/home/jaboy/ros2_humble/install/test_msgs:/home/jaboy/ros2_humble/install/sros2_cmake:/home/jaboy/ros2_humble/install/ros2cli_common_extensions:/home/jaboy/ros2_humble/install/rqt_py_common:/home/jaboy/ros2_humble/install/rosbag2_storage_mcap_testdata:/home/jaboy/ros2_humble/install/ros_testing:/home/jaboy/ros2_humble/install/ros2cli_test_interfaces:/home/jaboy/ros2_humble/install/quality_of_service_demo_cpp:/home/jaboy/ros2_humble/install/image_transport:/home/jaboy/ros2_humble/install/message_filters:/home/jaboy/ros2_humble/install/demo_nodes_cpp:/home/jaboy/ros2_humble/install/composition:/home/jaboy/ros2_humble/install/laser_geometry:/home/jaboy/ros2_humble/install/rclpy:/home/jaboy/ros2_humble/install/examples_rclcpp_minimal_action_server:/home/jaboy/ros2_humble/install/examples_rclcpp_minimal_action_client:/home/jaboy/ros2_humble/install/action_tutorials_cpp:/home/jaboy/ros2_humble/install/rclcpp_action:/home/jaboy/ros2_humble/install/rcl_action:/home/jaboy/ros2_humble/install/examples_rclcpp_wait_set:/home/jaboy/ros2_humble/install/examples_rclcpp_minimal_service:/home/jaboy/ros2_humble/install/examples_rclcpp_minimal_client:/home/jaboy/ros2_humble/install/examples_rclcpp_async_client:/home/jaboy/ros2_humble/install/example_interfaces:/home/jaboy/ros2_humble/install/action_tutorials_interfaces:/home/jaboy/ros2_humble/install/action_msgs:/home/jaboy/ros2_humble/install/unique_identifier_msgs:/home/jaboy/ros2_humble/install/ament_lint_common:/home/jaboy/ros2_humble/install/ament_cmake_uncrustify:/home/jaboy/ros2_humble/install/uncrustify_vendor:/home/jaboy/ros2_humble/install/trajectory_msgs:/home/jaboy/ros2_humble/install/topic_statistics_demo:/home/jaboy/ros2_humble/install/pendulum_control:/home/jaboy/ros2_humble/install/tlsf_cpp:/home/jaboy/ros2_humble/install/test_tracetools:/home/jaboy/ros2_humble/install/rqt_gui_cpp:/home/jaboy/ros2_humble/install/rosbag2_test_common:/home/jaboy/ros2_humble/install/ros2lifecycle_test_fixtures:/home/jaboy/ros2_humble/install/lifecycle:/home/jaboy/ros2_humble/install/logging_demo:/home/jaboy/ros2_humble/install/image_tools:/home/jaboy/ros2_humble/install/examples_rclcpp_minimal_subscriber:/home/jaboy/ros2_humble/install/examples_rclcpp_minimal_composition:/home/jaboy/ros2_humble/install/demo_nodes_cpp_native:/home/jaboy/ros2_humble/install/rclcpp_components:/home/jaboy/ros2_humble/install/intra_process_demo:/home/jaboy/ros2_humble/install/examples_rclcpp_multithreaded_executor:/home/jaboy/ros2_humble/install/examples_rclcpp_minimal_timer:/home/jaboy/ros2_humble/install/examples_rclcpp_minimal_publisher:/home/jaboy/ros2_humble/install/dummy_sensors:/home/jaboy/ros2_humble/install/dummy_map_server:/home/jaboy/ros2_humble/install/rclcpp:/home/jaboy/ros2_humble/install/rcl_lifecycle:/home/jaboy/ros2_humble/install/libstatistics_collector:/home/jaboy/ros2_humble/install/rcl:/home/jaboy/ros2_humble/install/rmw_implementation:/home/jaboy/ros2_humble/install/rmw_fastrtps_dynamic_cpp:/home/jaboy/ros2_humble/install/rmw_fastrtps_cpp:/home/jaboy/ros2_humble/install/rmw_fastrtps_shared_cpp:/home/jaboy/ros2_humble/install/rmw_cyclonedds_cpp:/home/jaboy/ros2_humble/install/tracetools:/home/jaboy/ros2_humble/install/tlsf:/home/jaboy/ros2_humble/install/tinyxml_vendor:/home/jaboy/ros2_humble/install/qt_gui_core:/home/jaboy/ros2_humble/install/qt_gui_cpp:/home/jaboy/ros2_humble/install/pluginlib:/home/jaboy/ros2_humble/install/tinyxml2_vendor:/home/jaboy/ros2_humble/install/tf2_eigen_kdl:/home/jaboy/ros2_humble/install/tf2:/home/jaboy/ros2_humble/install/test_security:/home/jaboy/ros2_humble/install/test_rmw_implementation:/home/jaboy/ros2_humble/install/test_rclcpp:/home/jaboy/ros2_humble/install/test_quality_of_service:/home/jaboy/ros2_humble/install/test_launch_testing:/home/jaboy/ros2_humble/install/test_interface_files:/home/jaboy/ros2_humble/install/test_communication:/home/jaboy/ros2_humble/install/test_cli_remapping:/home/jaboy/ros2_humble/install/test_cli:/home/jaboy/ros2_humble/install/qt_gui_app:/home/jaboy/ros2_humble/install/qt_gui:/home/jaboy/ros2_humble/install/tango_icons_vendor:/home/jaboy/ros2_humble/install/stereo_msgs:/home/jaboy/ros2_humble/install/std_srvs:/home/jaboy/ros2_humble/install/shape_msgs:/home/jaboy/ros2_humble/install/map_msgs:/home/jaboy/ros2_humble/install/sensor_msgs:/home/jaboy/ros2_humble/install/nav_msgs:/home/jaboy/ros2_humble/install/diagnostic_msgs:/home/jaboy/ros2_humble/install/geometry_msgs:/home/jaboy/ros2_humble/install/actionlib_msgs:/home/jaboy/ros2_humble/install/std_msgs:/home/jaboy/ros2_humble/install/statistics_msgs:/home/jaboy/ros2_humble/install/sqlite3_vendor:/home/jaboy/ros2_humble/install/rcl_logging_spdlog:/home/jaboy/ros2_humble/install/spdlog_vendor:/home/jaboy/ros2_humble/install/shared_queues_vendor:/home/jaboy/ros2_humble/install/rviz_rendering_tests:/home/jaboy/ros2_humble/install/rviz_rendering:/home/jaboy/ros2_humble/install/rviz_ogre_vendor:/home/jaboy/ros2_humble/install/rviz_assimp_vendor:/home/jaboy/ros2_humble/install/rttest:/home/jaboy/ros2_humble/install/rmw_connextddsmicro:/home/jaboy/ros2_humble/install/rmw_connextdds:/home/jaboy/ros2_humble/install/rmw_connextdds_common:/home/jaboy/ros2_humble/install/rti_connext_dds_cmake_module:/home/jaboy/ros2_humble/install/rosgraph_msgs:/home/jaboy/ros2_humble/install/rosbag2_interfaces:/home/jaboy/ros2_humble/install/rmw_dds_common:/home/jaboy/ros2_humble/install/composition_interfaces:/home/jaboy/ros2_humble/install/rcl_interfaces:/home/jaboy/ros2_humble/install/pendulum_msgs:/home/jaboy/ros2_humble/install/lifecycle_msgs:/home/jaboy/ros2_humble/install/builtin_interfaces:/home/jaboy/ros2_humble/install/rosidl_default_runtime:/home/jaboy/ros2_humble/install/rosidl_default_generators:/home/jaboy/ros2_humble/install/rosidl_generator_py:/home/jaboy/ros2_humble/install/rosidl_typesupport_introspection_tests:/home/jaboy/ros2_humble/install/rosidl_typesupport_cpp:/home/jaboy/ros2_humble/install/rosidl_typesupport_introspection_cpp:/home/jaboy/ros2_humble/install/rosidl_typesupport_c:/home/jaboy/ros2_humble/install/rosidl_typesupport_introspection_c:/home/jaboy/ros2_humble/install/rosidl_typesupport_fastrtps_c:/home/jaboy/ros2_humble/install/rosidl_typesupport_fastrtps_cpp:/home/jaboy/ros2_humble/install/rosidl_generator_cpp:/home/jaboy/ros2_humble/install/rosidl_runtime_cpp:/home/jaboy/ros2_humble/install/rcl_yaml_param_parser:/home/jaboy/ros2_humble/install/rmw:/home/jaboy/ros2_humble/install/rosidl_runtime_c:/home/jaboy/ros2_humble/install/rosidl_generator_c:/home/jaboy/ros2_humble/install/rosidl_typesupport_interface:/home/jaboy/ros2_humble/install/rosidl_generator_dds_idl:/home/jaboy/ros2_humble/install/rosidl_cmake:/home/jaboy/ros2_humble/install/rosidl_parser:/home/jaboy/ros2_humble/install/rosidl_adapter:/home/jaboy/ros2_humble/install/rosbag2_tests:/home/jaboy/ros2_humble/install/ros_environment:/home/jaboy/ros2_humble/install/rmw_implementation_cmake:/home/jaboy/ros2_humble/install/resource_retriever:/home/jaboy/ros2_humble/install/class_loader:/home/jaboy/ros2_humble/install/rcpputils:/home/jaboy/ros2_humble/install/rcl_logging_noop:/home/jaboy/ros2_humble/install/rcl_logging_interface:/home/jaboy/ros2_humble/install/rcutils:/home/jaboy/ros2_humble/install/qt_gui_py_common:/home/jaboy/ros2_humble/install/qt_dotgraph:/home/jaboy/ros2_humble/install/python_qt_binding:/home/jaboy/ros2_humble/install/python_orocos_kdl_vendor:/home/jaboy/ros2_humble/install/launch_testing_ament_cmake:/home/jaboy/ros2_humble/install/python_cmake_module:/home/jaboy/ros2_humble/install/pybind11_vendor:/home/jaboy/ros2_humble/install/performance_test_fixture:/home/jaboy/ros2_humble/install/osrf_testing_tools_cpp:/home/jaboy/ros2_humble/install/orocos_kdl_vendor:/home/jaboy/ros2_humble/install/mimick_vendor:/home/jaboy/ros2_humble/install/libyaml_vendor:/home/jaboy/ros2_humble/install/libcurl_vendor:/home/jaboy/ros2_humble/install/keyboard_handler:/home/jaboy/ros2_humble/install/iceoryx_introspection:/home/jaboy/ros2_humble/install/cyclonedds:/home/jaboy/ros2_humble/install/iceoryx_posh:/home/jaboy/ros2_humble/install/iceoryx_hoofs:/home/jaboy/ros2_humble/install/iceoryx_binding_c:/home/jaboy/ros2_humble/install/ament_cmake_ros:/home/jaboy/ros2_humble/install/ament_cmake_auto:/home/jaboy/ros2_humble/install/ament_cmake_gmock:/home/jaboy/ros2_humble/install/gmock_vendor:/home/jaboy/ros2_humble/install/ament_cmake_gtest:/home/jaboy/ros2_humble/install/gtest_vendor:/home/jaboy/ros2_humble/install/ament_cmake_google_benchmark:/home/jaboy/ros2_humble/install/google_benchmark_vendor:/home/jaboy/ros2_humble/install/fastrtps:/home/jaboy/ros2_humble/install/foonathan_memory_vendor:/home/jaboy/ros2_humble/install/fastrtps_cmake_module:/home/jaboy/ros2_humble/install/fastcdr:/home/jaboy/ros2_humble/install/eigen3_cmake_module:/home/jaboy/ros2_humble/install/console_bridge_vendor:/home/jaboy/ros2_humble/install/ament_cmake_xmllint:/home/jaboy/ros2_humble/install/ament_cmake_pyflakes:/home/jaboy/ros2_humble/install/ament_cmake_pycodestyle:/home/jaboy/ros2_humble/install/ament_cmake_pep257:/home/jaboy/ros2_humble/install/ament_cmake_pclint:/home/jaboy/ros2_humble/install/ament_lint_auto:/home/jaboy/ros2_humble/install/ament_cmake:/home/jaboy/ros2_humble/install/ament_cmake_version:/home/jaboy/ros2_humble/install/ament_cmake_vendor_package:/home/jaboy/ros2_humble/install/ament_cmake_pytest:/home/jaboy/ros2_humble/install/ament_cmake_nose:/home/jaboy/ros2_humble/install/ament_cmake_mypy:/home/jaboy/ros2_humble/install/ament_cmake_lint_cmake:/home/jaboy/ros2_humble/install/ament_cmake_flake8:/home/jaboy/ros2_humble/install/ament_cmake_cpplint:/home/jaboy/ros2_humble/install/ament_cmake_cppcheck:/home/jaboy/ros2_humble/install/ament_cmake_copyright:/home/jaboy/ros2_humble/install/ament_cmake_clang_tidy:/home/jaboy/ros2_humble/install/ament_cmake_clang_format:/home/jaboy/ros2_humble/install/ament_cmake_test:/home/jaboy/ros2_humble/install/ament_cmake_target_dependencies:/home/jaboy/ros2_humble/install/ament_cmake_python:/home/jaboy/ros2_humble/install/ament_cmake_export_dependencies:/home/jaboy/ros2_humble/install/ament_cmake_libraries:/home/jaboy/ros2_humble/install/ament_cmake_include_directories:/home/jaboy/ros2_humble/install/ament_cmake_gen_version_h:/home/jaboy/ros2_humble/install/ament_cmake_export_targets:/home/jaboy/ros2_humble/install/ament_cmake_export_link_flags:/home/jaboy/ros2_humble/install/ament_cmake_export_interfaces:/home/jaboy/ros2_humble/install/ament_cmake_export_libraries:/home/jaboy/ros2_humble/install/ament_cmake_export_include_directories:/home/jaboy/ros2_humble/install/ament_cmake_export_definitions:/home/jaboy/ros2_humble/install/ament_cmake_core:/home/jaboy/ros2_humble/install/ament_index_cpp:/home/jaboy/ros2_ws/install/quat_to_euler:/home/jaboy/ros2_ws/install/hw3-kinematics:/home/jaboy/ros2_ws/install/examples_rclcpp_wait_set:/home/jaboy/ros2_ws/install/examples_rclcpp_multithreaded_executor:/home/jaboy/ros2_ws/install/examples_rclcpp_minimal_timer:/home/jaboy/ros2_ws/install/examples_rclcpp_minimal_subscriber:/home/jaboy/ros2_ws/install/examples_rclcpp_minimal_service:/home/jaboy/ros2_ws/install/examples_rclcpp_minimal_publisher:/home/jaboy/ros2_ws/install/examples_rclcpp_minimal_composition:/home/jaboy/ros2_ws/install/examples_rclcpp_minimal_client:/home/jaboy/ros2_ws/install/examples_rclcpp_minimal_action_server:/home/jaboy/ros2_ws/install/examples_rclcpp_minimal_action_client:/home/jaboy/ros2_ws/install/examples_rclcpp_cbg_executor:/home/jaboy/ros2_ws/install/examples_rclcpp_async_client:/home/jaboy/Documents/RBE500_Project/RBE500_Project/install/inverse_kinematics:/home/jaboy/Documents/RBE500_Project/RBE500_Project/install/forward_kinematics:/home/jaboy/Documents/RBE500_Project/RBE500_Project/install/control:/home/jaboy/ros2_humble/install/rqt_bag_plugins:/home/jaboy/ros2_humble/install/rqt_bag:/home/jaboy/ros2_humble/install/launch_testing_examples:/home/jaboy/ros2_humble/install/ros2bag:/home/jaboy/ros2_humble/install/tracetools_test:/home/jaboy/ros2_humble/install/tracetools_launch:/home/jaboy/ros2_humble/install/topic_monitor:/home/jaboy/ros2_humble/install/tf2_tools:/home/jaboy/ros2_humble/install/examples_tf2_py:/home/jaboy/ros2_humble/install/tf2_ros_py:/home/jaboy/ros2_humble/install/sros2:/home/jaboy/ros2_humble/install/rqt_topic:/home/jaboy/ros2_humble/install/rqt_srv:/home/jaboy/ros2_humble/install/rqt_shell:/home/jaboy/ros2_humble/install/rqt_service_caller:/home/jaboy/ros2_humble/install/rqt_reconfigure:/home/jaboy/ros2_humble/install/rqt_py_console:/home/jaboy/ros2_humble/install/rqt_publisher:/home/jaboy/ros2_humble/install/rqt_plot:/home/jaboy/ros2_humble/install/rqt_action:/home/jaboy/ros2_humble/install/rqt_msg:/home/jaboy/ros2_humble/install/rqt_console:/home/jaboy/ros2_humble/install/rqt:/home/jaboy/ros2_humble/install/rqt_graph:/home/jaboy/ros2_humble/install/rqt_gui_py:/home/jaboy/ros2_humble/install/rqt_gui:/home/jaboy/ros2_humble/install/ros2trace:/home/jaboy/ros2_humble/install/ros2topic:/home/jaboy/ros2_humble/install/ros2test:/home/jaboy/ros2_humble/install/ros2component:/home/jaboy/ros2_humble/install/ros2param:/home/jaboy/ros2_humble/install/ros2lifecycle:/home/jaboy/ros2_humble/install/ros2service:/home/jaboy/ros2_humble/install/ros2run:/home/jaboy/ros2_humble/install/ros2launch:/home/jaboy/ros2_humble/install/ros2pkg:/home/jaboy/ros2_humble/install/ros2node:/home/jaboy/ros2_humble/install/ros2multicast:/home/jaboy/ros2_humble/install/ros2interface:/home/jaboy/ros2_humble/install/ros2doctor:/home/jaboy/ros2_humble/install/ros2action:/home/jaboy/ros2_humble/install/ros2cli:/home/jaboy/ros2_humble/install/quality_of_service_demo_py:/home/jaboy/ros2_humble/install/lifecycle_py:/home/jaboy/ros2_humble/install/launch_testing_ros:/home/jaboy/ros2_humble/install/launch_ros:/home/jaboy/ros2_humble/install/examples_rclpy_pointcloud_publisher:/home/jaboy/ros2_humble/install/examples_rclpy_minimal_subscriber:/home/jaboy/ros2_humble/install/examples_rclpy_minimal_service:/home/jaboy/ros2_humble/install/examples_rclpy_minimal_publisher:/home/jaboy/ros2_humble/install/examples_rclpy_minimal_client:/home/jaboy/ros2_humble/install/examples_rclpy_minimal_action_server:/home/jaboy/ros2_humble/install/examples_rclpy_minimal_action_client:/home/jaboy/ros2_humble/install/examples_rclpy_guard_conditions:/home/jaboy/ros2_humble/install/examples_rclpy_executors:/home/jaboy/ros2_humble/install/demo_nodes_py:/home/jaboy/ros2_humble/install/camera_info_manager_py:/home/jaboy/ros2_humble/install/action_tutorials_py:/home/jaboy/ros2_humble/install/ament_uncrustify:/home/jaboy/ros2_humble/install/tracetools_trace:/home/jaboy/ros2_humble/install/tracetools_read:/home/jaboy/ros2_humble/install/rclcpp_lifecycle:/home/jaboy/ros2_humble/install/examples_rclcpp_cbg_executor:/home/jaboy/ros2_humble/install/test_tracetools_launch:/home/jaboy/ros2_humble/install/test_launch_ros:/home/jaboy/ros2_humble/install/sensor_msgs_py:/home/jaboy/ros2_humble/install/rpyutils:/home/jaboy/ros2_humble/install/rosidl_runtime_py:/home/jaboy/ros2_humble/install/rosidl_cli:/home/jaboy/ros2_humble/install/launch_pytest:/home/jaboy/ros2_humble/install/launch_testing:/home/jaboy/ros2_humble/install/launch_yaml:/home/jaboy/ros2_humble/install/launch_xml:/home/jaboy/ros2_humble/install/launch:/home/jaboy/ros2_humble/install/osrf_pycommon:/home/jaboy/ros2_humble/install/domain_coordinator:/home/jaboy/ros2_humble/install/ament_xmllint:/home/jaboy/ros2_humble/install/ament_pyflakes:/home/jaboy/ros2_humble/install/ament_pycodestyle:/home/jaboy/ros2_humble/install/ament_pep257:/home/jaboy/ros2_humble/install/ament_pclint:/home/jaboy/ros2_humble/install/ament_package:/home/jaboy/ros2_humble/install/ament_mypy:/home/jaboy/ros2_humble/install/ament_lint_cmake:/home/jaboy/ros2_humble/install/ament_flake8:/home/jaboy/ros2_humble/install/ament_copyright:/home/jaboy/ros2_humble/install/ament_lint:/home/jaboy/ros2_humble/install/ament_index_python:/home/jaboy/ros2_humble/install/ament_cpplint:/home/jaboy/ros2_humble/install/ament_cppcheck:/home/jaboy/ros2_humble/install/ament_clang_tidy:/home/jaboy/ros2_humble/install/ament_clang_format:/home/jaboy/ros2_ws/install/launch_testing_examples:/home/jaboy/ros2_ws/install/examples_rclpy_pointcloud_publisher:/home/jaboy/ros2_ws/install/examples_rclpy_minimal_subscriber:/home/jaboy/ros2_ws/install/examples_rclpy_minimal_service:/home/jaboy/ros2_ws/install/examples_rclpy_minimal_publisher:/home/jaboy/ros2_ws/install/examples_rclpy_minimal_client:/home/jaboy/ros2_ws/install/examples_rclpy_minimal_action_server:/home/jaboy/ros2_ws/install/examples_rclpy_minimal_action_client:/home/jaboy/ros2_ws/install/examples_rclpy_guard_conditions:/home/jaboy/ros2_ws/install/examples_rclpy_executors:/opt/ros/humble IGN_GAZEBO_RESOURCE_PATH=/home/jaboy/Documents/RBE500_Project/RBE500_Project/install/ros_gz_example_description/share/ros_gz_example_description/models:${IGN_GAZEBO_RESOURCE_PATH} /usr/bin/cmake --install /home/jaboy/Documents/RBE500_Project/RBE500_Project/build/ros_gz_example_gazebo
[2.301s] Level 1:colcon.colcon_core.environment:create_environment_scripts_only(ros_gz_example_gazebo)
[2.301s] Level 1:colcon.colcon_core.environment:checking '/home/jaboy/Documents/RBE500_Project/RBE500_Project/install/ros_gz_example_gazebo' for CMake module files
[2.302s] DEBUG:colcon.colcon_core.event_handler.log_command:Invoked command in '/home/jaboy/Documents/RBE500_Project/RBE500_Project/build/ros_gz_example_gazebo' returned '0': CMAKE_PREFIX_PATH=/home/jaboy/Documents/RBE500_Project/RBE500_Project/install/ros_gz_example_description:/home/jaboy/Documents/RBE500_Project/RBE500_Project/install/ros_gz_example_bringup:/home/jaboy/Documents/RBE500_Project/RBE500_Project/install/ros_gz_example_gazebo:/home/jaboy/Documents/RBE500_Project/RBE500_Project/install/ros_gz_example_application:/home/jaboy/Documents/RBE500_Project/RBE500_Project/install/inverse_kin:/home/jaboy/ros2_humble/install/rosbag2_storage_mcap:/home/jaboy/ros2_humble/install/rosbag2:/home/jaboy/ros2_humble/install/rosbag2_compression_zstd:/home/jaboy/ros2_humble/install/mcap_vendor:/home/jaboy/ros2_humble/install/zstd_vendor:/home/jaboy/ros2_humble/install/rviz_visual_testing_framework:/home/jaboy/ros2_humble/install/rviz2:/home/jaboy/ros2_humble/install/rviz_default_plugins:/home/jaboy/ros2_humble/install/rviz_common:/home/jaboy/ros2_humble/install/rosbag2_py:/home/jaboy/ros2_humble/install/rosbag2_transport:/home/jaboy/ros2_humble/install/rosbag2_storage_default_plugins:/home/jaboy/ros2_humble/install/rosbag2_performance_benchmarking:/home/jaboy/ros2_humble/install/rosbag2_compression:/home/jaboy/ros2_humble/install/rosbag2_cpp:/home/jaboy/ros2_humble/install/rosbag2_storage:/home/jaboy/ros2_humble/install/image_common:/home/jaboy/ros2_humble/install/camera_info_manager:/home/jaboy/ros2_humble/install/camera_calibration_parsers:/home/jaboy/ros2_humble/install/yaml_cpp_vendor:/home/jaboy/ros2_humble/install/interactive_markers:/home/jaboy/ros2_humble/install/common_interfaces:/home/jaboy/ros2_humble/install/visualization_msgs:/home/jaboy/ros2_humble/install/dummy_robot_bringup:/home/jaboy/ros2_humble/install/robot_state_publisher:/home/jaboy/ros2_humble/install/kdl_parser:/home/jaboy/ros2_humble/install/urdf:/home/jaboy/ros2_humble/install/urdfdom:/home/jaboy/ros2_humble/install/urdf_parser_plugin:/home/jaboy/ros2_humble/install/urdfdom_headers:/home/jaboy/ros2_humble/install/turtlesim:/home/jaboy/ros2_humble/install/geometry2:/home/jaboy/ros2_humble/install/tf2_sensor_msgs:/home/jaboy/ros2_humble/install/test_tf2:/home/jaboy/ros2_humble/install/tf2_kdl:/home/jaboy/ros2_humble/install/tf2_geometry_msgs:/home/jaboy/ros2_humble/install/tf2_eigen:/home/jaboy/ros2_humble/install/tf2_bullet:/home/jaboy/ros2_humble/install/tf2_ros:/home/jaboy/ros2_humble/install/tf2_py:/home/jaboy/ros2_humble/install/tf2_msgs:/home/jaboy/ros2_humble/install/test_msgs:/home/jaboy/ros2_humble/install/sros2_cmake:/home/jaboy/ros2_humble/install/ros2cli_common_extensions:/home/jaboy/ros2_humble/install/rqt_py_common:/home/jaboy/ros2_humble/install/rosbag2_storage_mcap_testdata:/home/jaboy/ros2_humble/install/ros_testing:/home/jaboy/ros2_humble/install/ros2cli_test_interfaces:/home/jaboy/ros2_humble/install/quality_of_service_demo_cpp:/home/jaboy/ros2_humble/install/image_transport:/home/jaboy/ros2_humble/install/message_filters:/home/jaboy/ros2_humble/install/demo_nodes_cpp:/home/jaboy/ros2_humble/install/composition:/home/jaboy/ros2_humble/install/laser_geometry:/home/jaboy/ros2_humble/install/rclpy:/home/jaboy/ros2_humble/install/examples_rclcpp_minimal_action_server:/home/jaboy/ros2_humble/install/examples_rclcpp_minimal_action_client:/home/jaboy/ros2_humble/install/action_tutorials_cpp:/home/jaboy/ros2_humble/install/rclcpp_action:/home/jaboy/ros2_humble/install/rcl_action:/home/jaboy/ros2_humble/install/examples_rclcpp_wait_set:/home/jaboy/ros2_humble/install/examples_rclcpp_minimal_service:/home/jaboy/ros2_humble/install/examples_rclcpp_minimal_client:/home/jaboy/ros2_humble/install/examples_rclcpp_async_client:/home/jaboy/ros2_humble/install/example_interfaces:/home/jaboy/ros2_humble/install/action_tutorials_interfaces:/home/jaboy/ros2_humble/install/action_msgs:/home/jaboy/ros2_humble/install/unique_identifier_msgs:/home/jaboy/ros2_humble/install/ament_lint_common:/home/jaboy/ros2_humble/install/ament_cmake_uncrustify:/home/jaboy/ros2_humble/install/uncrustify_vendor:/home/jaboy/ros2_humble/install/trajectory_msgs:/home/jaboy/ros2_humble/install/topic_statistics_demo:/home/jaboy/ros2_humble/install/pendulum_control:/home/jaboy/ros2_humble/install/tlsf_cpp:/home/jaboy/ros2_humble/install/test_tracetools:/home/jaboy/ros2_humble/install/rqt_gui_cpp:/home/jaboy/ros2_humble/install/rosbag2_test_common:/home/jaboy/ros2_humble/install/ros2lifecycle_test_fixtures:/home/jaboy/ros2_humble/install/lifecycle:/home/jaboy/ros2_humble/install/logging_demo:/home/jaboy/ros2_humble/install/image_tools:/home/jaboy/ros2_humble/install/examples_rclcpp_minimal_subscriber:/home/jaboy/ros2_humble/install/examples_rclcpp_minimal_composition:/home/jaboy/ros2_humble/install/demo_nodes_cpp_native:/home/jaboy/ros2_humble/install/rclcpp_components:/home/jaboy/ros2_humble/install/intra_process_demo:/home/jaboy/ros2_humble/install/examples_rclcpp_multithreaded_executor:/home/jaboy/ros2_humble/install/examples_rclcpp_minimal_timer:/home/jaboy/ros2_humble/install/examples_rclcpp_minimal_publisher:/home/jaboy/ros2_humble/install/dummy_sensors:/home/jaboy/ros2_humble/install/dummy_map_server:/home/jaboy/ros2_humble/install/rclcpp:/home/jaboy/ros2_humble/install/rcl_lifecycle:/home/jaboy/ros2_humble/install/libstatistics_collector:/home/jaboy/ros2_humble/install/rcl:/home/jaboy/ros2_humble/install/rmw_implementation:/home/jaboy/ros2_humble/install/rmw_fastrtps_dynamic_cpp:/home/jaboy/ros2_humble/install/rmw_fastrtps_cpp:/home/jaboy/ros2_humble/install/rmw_fastrtps_shared_cpp:/home/jaboy/ros2_humble/install/rmw_cyclonedds_cpp:/home/jaboy/ros2_humble/install/tracetools:/home/jaboy/ros2_humble/install/tlsf:/home/jaboy/ros2_humble/install/tinyxml_vendor:/home/jaboy/ros2_humble/install/qt_gui_core:/home/jaboy/ros2_humble/install/qt_gui_cpp:/home/jaboy/ros2_humble/install/pluginlib:/home/jaboy/ros2_humble/install/tinyxml2_vendor:/home/jaboy/ros2_humble/install/tf2_eigen_kdl:/home/jaboy/ros2_humble/install/tf2:/home/jaboy/ros2_humble/install/test_security:/home/jaboy/ros2_humble/install/test_rmw_implementation:/home/jaboy/ros2_humble/install/test_rclcpp:/home/jaboy/ros2_humble/install/test_quality_of_service:/home/jaboy/ros2_humble/install/test_launch_testing:/home/jaboy/ros2_humble/install/test_interface_files:/home/jaboy/ros2_humble/install/test_communication:/home/jaboy/ros2_humble/install/test_cli_remapping:/home/jaboy/ros2_humble/install/test_cli:/home/jaboy/ros2_humble/install/qt_gui_app:/home/jaboy/ros2_humble/install/qt_gui:/home/jaboy/ros2_humble/install/tango_icons_vendor:/home/jaboy/ros2_humble/install/stereo_msgs:/home/jaboy/ros2_humble/install/std_srvs:/home/jaboy/ros2_humble/install/shape_msgs:/home/jaboy/ros2_humble/install/map_msgs:/home/jaboy/ros2_humble/install/sensor_msgs:/home/jaboy/ros2_humble/install/nav_msgs:/home/jaboy/ros2_humble/install/diagnostic_msgs:/home/jaboy/ros2_humble/install/geometry_msgs:/home/jaboy/ros2_humble/install/actionlib_msgs:/home/jaboy/ros2_humble/install/std_msgs:/home/jaboy/ros2_humble/install/statistics_msgs:/home/jaboy/ros2_humble/install/sqlite3_vendor:/home/jaboy/ros2_humble/install/rcl_logging_spdlog:/home/jaboy/ros2_humble/install/spdlog_vendor:/home/jaboy/ros2_humble/install/shared_queues_vendor:/home/jaboy/ros2_humble/install/rviz_rendering_tests:/home/jaboy/ros2_humble/install/rviz_rendering:/home/jaboy/ros2_humble/install/rviz_ogre_vendor:/home/jaboy/ros2_humble/install/rviz_assimp_vendor:/home/jaboy/ros2_humble/install/rttest:/home/jaboy/ros2_humble/install/rmw_connextddsmicro:/home/jaboy/ros2_humble/install/rmw_connextdds:/home/jaboy/ros2_humble/install/rmw_connextdds_common:/home/jaboy/ros2_humble/install/rti_connext_dds_cmake_module:/home/jaboy/ros2_humble/install/rosgraph_msgs:/home/jaboy/ros2_humble/install/rosbag2_interfaces:/home/jaboy/ros2_humble/install/rmw_dds_common:/home/jaboy/ros2_humble/install/composition_interfaces:/home/jaboy/ros2_humble/install/rcl_interfaces:/home/jaboy/ros2_humble/install/pendulum_msgs:/home/jaboy/ros2_humble/install/lifecycle_msgs:/home/jaboy/ros2_humble/install/builtin_interfaces:/home/jaboy/ros2_humble/install/rosidl_default_runtime:/home/jaboy/ros2_humble/install/rosidl_default_generators:/home/jaboy/ros2_humble/install/rosidl_generator_py:/home/jaboy/ros2_humble/install/rosidl_typesupport_introspection_tests:/home/jaboy/ros2_humble/install/rosidl_typesupport_cpp:/home/jaboy/ros2_humble/install/rosidl_typesupport_introspection_cpp:/home/jaboy/ros2_humble/install/rosidl_typesupport_c:/home/jaboy/ros2_humble/install/rosidl_typesupport_introspection_c:/home/jaboy/ros2_humble/install/rosidl_typesupport_fastrtps_c:/home/jaboy/ros2_humble/install/rosidl_typesupport_fastrtps_cpp:/home/jaboy/ros2_humble/install/rosidl_generator_cpp:/home/jaboy/ros2_humble/install/rosidl_runtime_cpp:/home/jaboy/ros2_humble/install/rcl_yaml_param_parser:/home/jaboy/ros2_humble/install/rmw:/home/jaboy/ros2_humble/install/rosidl_runtime_c:/home/jaboy/ros2_humble/install/rosidl_generator_c:/home/jaboy/ros2_humble/install/rosidl_typesupport_interface:/home/jaboy/ros2_humble/install/rosidl_generator_dds_idl:/home/jaboy/ros2_humble/install/rosidl_cmake:/home/jaboy/ros2_humble/install/rosidl_parser:/home/jaboy/ros2_humble/install/rosidl_adapter:/home/jaboy/ros2_humble/install/rosbag2_tests:/home/jaboy/ros2_humble/install/ros_environment:/home/jaboy/ros2_humble/install/rmw_implementation_cmake:/home/jaboy/ros2_humble/install/resource_retriever:/home/jaboy/ros2_humble/install/class_loader:/home/jaboy/ros2_humble/install/rcpputils:/home/jaboy/ros2_humble/install/rcl_logging_noop:/home/jaboy/ros2_humble/install/rcl_logging_interface:/home/jaboy/ros2_humble/install/rcutils:/home/jaboy/ros2_humble/install/qt_gui_py_common:/home/jaboy/ros2_humble/install/qt_dotgraph:/home/jaboy/ros2_humble/install/python_qt_binding:/home/jaboy/ros2_humble/install/python_orocos_kdl_vendor:/home/jaboy/ros2_humble/install/launch_testing_ament_cmake:/home/jaboy/ros2_humble/install/python_cmake_module:/home/jaboy/ros2_humble/install/pybind11_vendor:/home/jaboy/ros2_humble/install/performance_test_fixture:/home/jaboy/ros2_humble/install/osrf_testing_tools_cpp:/home/jaboy/ros2_humble/install/orocos_kdl_vendor:/home/jaboy/ros2_humble/install/mimick_vendor:/home/jaboy/ros2_humble/install/libyaml_vendor:/home/jaboy/ros2_humble/install/libcurl_vendor:/home/jaboy/ros2_humble/install/keyboard_handler:/home/jaboy/ros2_humble/install/iceoryx_introspection:/home/jaboy/ros2_humble/install/cyclonedds:/home/jaboy/ros2_humble/install/iceoryx_posh:/home/jaboy/ros2_humble/install/iceoryx_hoofs:/home/jaboy/ros2_humble/install/iceoryx_binding_c:/home/jaboy/ros2_humble/install/ament_cmake_ros:/home/jaboy/ros2_humble/install/ament_cmake_auto:/home/jaboy/ros2_humble/install/ament_cmake_gmock:/home/jaboy/ros2_humble/install/gmock_vendor:/home/jaboy/ros2_humble/install/ament_cmake_gtest:/home/jaboy/ros2_humble/install/gtest_vendor:/home/jaboy/ros2_humble/install/ament_cmake_google_benchmark:/home/jaboy/ros2_humble/install/google_benchmark_vendor:/home/jaboy/ros2_humble/install/fastrtps:/home/jaboy/ros2_humble/install/foonathan_memory_vendor:/home/jaboy/ros2_humble/install/fastrtps_cmake_module:/home/jaboy/ros2_humble/install/fastcdr:/home/jaboy/ros2_humble/install/eigen3_cmake_module:/home/jaboy/ros2_humble/install/console_bridge_vendor:/home/jaboy/ros2_humble/install/ament_cmake_xmllint:/home/jaboy/ros2_humble/install/ament_cmake_pyflakes:/home/jaboy/ros2_humble/install/ament_cmake_pycodestyle:/home/jaboy/ros2_humble/install/ament_cmake_pep257:/home/jaboy/ros2_humble/install/ament_cmake_pclint:/home/jaboy/ros2_humble/install/ament_lint_auto:/home/jaboy/ros2_humble/install/ament_cmake:/home/jaboy/ros2_humble/install/ament_cmake_version:/home/jaboy/ros2_humble/install/ament_cmake_vendor_package:/home/jaboy/ros2_humble/install/ament_cmake_pytest:/home/jaboy/ros2_humble/install/ament_cmake_nose:/home/jaboy/ros2_humble/install/ament_cmake_mypy:/home/jaboy/ros2_humble/install/ament_cmake_lint_cmake:/home/jaboy/ros2_humble/install/ament_cmake_flake8:/home/jaboy/ros2_humble/install/ament_cmake_cpplint:/home/jaboy/ros2_humble/install/ament_cmake_cppcheck:/home/jaboy/ros2_humble/install/ament_cmake_copyright:/home/jaboy/ros2_humble/install/ament_cmake_clang_tidy:/home/jaboy/ros2_humble/install/ament_cmake_clang_format:/home/jaboy/ros2_humble/install/ament_cmake_test:/home/jaboy/ros2_humble/install/ament_cmake_target_dependencies:/home/jaboy/ros2_humble/install/ament_cmake_python:/home/jaboy/ros2_humble/install/ament_cmake_export_dependencies:/home/jaboy/ros2_humble/install/ament_cmake_libraries:/home/jaboy/ros2_humble/install/ament_cmake_include_directories:/home/jaboy/ros2_humble/install/ament_cmake_gen_version_h:/home/jaboy/ros2_humble/install/ament_cmake_export_targets:/home/jaboy/ros2_humble/install/ament_cmake_export_link_flags:/home/jaboy/ros2_humble/install/ament_cmake_export_interfaces:/home/jaboy/ros2_humble/install/ament_cmake_export_libraries:/home/jaboy/ros2_humble/install/ament_cmake_export_include_directories:/home/jaboy/ros2_humble/install/ament_cmake_export_definitions:/home/jaboy/ros2_humble/install/ament_cmake_core:/home/jaboy/ros2_humble/install/ament_index_cpp:/home/jaboy/ros2_ws/install/quat_to_euler:/home/jaboy/ros2_ws/install/hw3-kinematics:/home/jaboy/ros2_ws/install/examples_rclcpp_wait_set:/home/jaboy/ros2_ws/install/examples_rclcpp_multithreaded_executor:/home/jaboy/ros2_ws/install/examples_rclcpp_minimal_timer:/home/jaboy/ros2_ws/install/examples_rclcpp_minimal_subscriber:/home/jaboy/ros2_ws/install/examples_rclcpp_minimal_service:/home/jaboy/ros2_ws/install/examples_rclcpp_minimal_publisher:/home/jaboy/ros2_ws/install/examples_rclcpp_minimal_composition:/home/jaboy/ros2_ws/install/examples_rclcpp_minimal_client:/home/jaboy/ros2_ws/install/examples_rclcpp_minimal_action_server:/home/jaboy/ros2_ws/install/examples_rclcpp_minimal_action_client:/home/jaboy/ros2_ws/install/examples_rclcpp_cbg_executor:/home/jaboy/ros2_ws/install/examples_rclcpp_async_client:/home/jaboy/Documents/RBE500_Project/RBE500_Project/install/inverse_kinematics:/home/jaboy/Documents/RBE500_Project/RBE500_Project/install/forward_kinematics:/home/jaboy/Documents/RBE500_Project/RBE500_Project/install/control:/home/jaboy/ros2_humble/install/rqt_bag_plugins:/home/jaboy/ros2_humble/install/rqt_bag:/home/jaboy/ros2_humble/install/launch_testing_examples:/home/jaboy/ros2_humble/install/ros2bag:/home/jaboy/ros2_humble/install/tracetools_test:/home/jaboy/ros2_humble/install/tracetools_launch:/home/jaboy/ros2_humble/install/topic_monitor:/home/jaboy/ros2_humble/install/tf2_tools:/home/jaboy/ros2_humble/install/examples_tf2_py:/home/jaboy/ros2_humble/install/tf2_ros_py:/home/jaboy/ros2_humble/install/sros2:/home/jaboy/ros2_humble/install/rqt_topic:/home/jaboy/ros2_humble/install/rqt_srv:/home/jaboy/ros2_humble/install/rqt_shell:/home/jaboy/ros2_humble/install/rqt_service_caller:/home/jaboy/ros2_humble/install/rqt_reconfigure:/home/jaboy/ros2_humble/install/rqt_py_console:/home/jaboy/ros2_humble/install/rqt_publisher:/home/jaboy/ros2_humble/install/rqt_plot:/home/jaboy/ros2_humble/install/rqt_action:/home/jaboy/ros2_humble/install/rqt_msg:/home/jaboy/ros2_humble/install/rqt_console:/home/jaboy/ros2_humble/install/rqt:/home/jaboy/ros2_humble/install/rqt_graph:/home/jaboy/ros2_humble/install/rqt_gui_py:/home/jaboy/ros2_humble/install/rqt_gui:/home/jaboy/ros2_humble/install/ros2trace:/home/jaboy/ros2_humble/install/ros2topic:/home/jaboy/ros2_humble/install/ros2test:/home/jaboy/ros2_humble/install/ros2component:/home/jaboy/ros2_humble/install/ros2param:/home/jaboy/ros2_humble/install/ros2lifecycle:/home/jaboy/ros2_humble/install/ros2service:/home/jaboy/ros2_humble/install/ros2run:/home/jaboy/ros2_humble/install/ros2launch:/home/jaboy/ros2_humble/install/ros2pkg:/home/jaboy/ros2_humble/install/ros2node:/home/jaboy/ros2_humble/install/ros2multicast:/home/jaboy/ros2_humble/install/ros2interface:/home/jaboy/ros2_humble/install/ros2doctor:/home/jaboy/ros2_humble/install/ros2action:/home/jaboy/ros2_humble/install/ros2cli:/home/jaboy/ros2_humble/install/quality_of_service_demo_py:/home/jaboy/ros2_humble/install/lifecycle_py:/home/jaboy/ros2_humble/install/launch_testing_ros:/home/jaboy/ros2_humble/install/launch_ros:/home/jaboy/ros2_humble/install/examples_rclpy_pointcloud_publisher:/home/jaboy/ros2_humble/install/examples_rclpy_minimal_subscriber:/home/jaboy/ros2_humble/install/examples_rclpy_minimal_service:/home/jaboy/ros2_humble/install/examples_rclpy_minimal_publisher:/home/jaboy/ros2_humble/install/examples_rclpy_minimal_client:/home/jaboy/ros2_humble/install/examples_rclpy_minimal_action_server:/home/jaboy/ros2_humble/install/examples_rclpy_minimal_action_client:/home/jaboy/ros2_humble/install/examples_rclpy_guard_conditions:/home/jaboy/ros2_humble/install/examples_rclpy_executors:/home/jaboy/ros2_humble/install/demo_nodes_py:/home/jaboy/ros2_humble/install/camera_info_manager_py:/home/jaboy/ros2_humble/install/action_tutorials_py:/home/jaboy/ros2_humble/install/ament_uncrustify:/home/jaboy/ros2_humble/install/tracetools_trace:/home/jaboy/ros2_humble/install/tracetools_read:/home/jaboy/ros2_humble/install/rclcpp_lifecycle:/home/jaboy/ros2_humble/install/examples_rclcpp_cbg_executor:/home/jaboy/ros2_humble/install/test_tracetools_launch:/home/jaboy/ros2_humble/install/test_launch_ros:/home/jaboy/ros2_humble/install/sensor_msgs_py:/home/jaboy/ros2_humble/install/rpyutils:/home/jaboy/ros2_humble/install/rosidl_runtime_py:/home/jaboy/ros2_humble/install/rosidl_cli:/home/jaboy/ros2_humble/install/launch_pytest:/home/jaboy/ros2_humble/install/launch_testing:/home/jaboy/ros2_humble/install/launch_yaml:/home/jaboy/ros2_humble/install/launch_xml:/home/jaboy/ros2_humble/install/launch:/home/jaboy/ros2_humble/install/osrf_pycommon:/home/jaboy/ros2_humble/install/domain_coordinator:/home/jaboy/ros2_humble/install/ament_xmllint:/home/jaboy/ros2_humble/install/ament_pyflakes:/home/jaboy/ros2_humble/install/ament_pycodestyle:/home/jaboy/ros2_humble/install/ament_pep257:/home/jaboy/ros2_humble/install/ament_pclint:/home/jaboy/ros2_humble/install/ament_package:/home/jaboy/ros2_humble/install/ament_mypy:/home/jaboy/ros2_humble/install/ament_lint_cmake:/home/jaboy/ros2_humble/install/ament_flake8:/home/jaboy/ros2_humble/install/ament_copyright:/home/jaboy/ros2_humble/install/ament_lint:/home/jaboy/ros2_humble/install/ament_index_python:/home/jaboy/ros2_humble/install/ament_cpplint:/home/jaboy/ros2_humble/install/ament_cppcheck:/home/jaboy/ros2_humble/install/ament_clang_tidy:/home/jaboy/ros2_humble/install/ament_clang_format:/home/jaboy/ros2_ws/install/launch_testing_examples:/home/jaboy/ros2_ws/install/examples_rclpy_pointcloud_publisher:/home/jaboy/ros2_ws/install/examples_rclpy_minimal_subscriber:/home/jaboy/ros2_ws/install/examples_rclpy_minimal_service:/home/jaboy/ros2_ws/install/examples_rclpy_minimal_publisher:/home/jaboy/ros2_ws/install/examples_rclpy_minimal_client:/home/jaboy/ros2_ws/install/examples_rclpy_minimal_action_server:/home/jaboy/ros2_ws/install/examples_rclpy_minimal_action_client:/home/jaboy/ros2_ws/install/examples_rclpy_guard_conditions:/home/jaboy/ros2_ws/install/examples_rclpy_executors:/opt/ros/humble IGN_GAZEBO_RESOURCE_PATH=/home/jaboy/Documents/RBE500_Project/RBE500_Project/install/ros_gz_example_description/share/ros_gz_example_description/models:${IGN_GAZEBO_RESOURCE_PATH} /usr/bin/cmake --install /home/jaboy/Documents/RBE500_Project/RBE500_Project/build/ros_gz_example_gazebo
[2.302s] Level 1:colcon.colcon_core.environment:checking '/home/jaboy/Documents/RBE500_Project/RBE500_Project/install/ros_gz_example_gazebo' for CMake config files
[2.303s] Level 1:colcon.colcon_core.shell:create_environment_hook('ros_gz_example_gazebo', 'cmake_prefix_path')
[2.303s] INFO:colcon.colcon_core.shell:Creating environment hook '/home/jaboy/Documents/RBE500_Project/RBE500_Project/install/ros_gz_example_gazebo/share/ros_gz_example_gazebo/hook/cmake_prefix_path.ps1'
[2.303s] INFO:colcon.colcon_core.shell:Creating environment descriptor '/home/jaboy/Documents/RBE500_Project/RBE500_Project/install/ros_gz_example_gazebo/share/ros_gz_example_gazebo/hook/cmake_prefix_path.dsv'
[2.304s] INFO:colcon.colcon_core.shell:Creating environment hook '/home/jaboy/Documents/RBE500_Project/RBE500_Project/install/ros_gz_example_gazebo/share/ros_gz_example_gazebo/hook/cmake_prefix_path.sh'
[2.305s] Level 1:colcon.colcon_core.environment:checking '/home/jaboy/Documents/RBE500_Project/RBE500_Project/install/ros_gz_example_gazebo/lib'
[2.305s] Level 1:colcon.colcon_core.environment:checking '/home/jaboy/Documents/RBE500_Project/RBE500_Project/install/ros_gz_example_gazebo/bin'
[2.305s] Level 1:colcon.colcon_core.environment:checking '/home/jaboy/Documents/RBE500_Project/RBE500_Project/install/ros_gz_example_gazebo/lib/pkgconfig/ros_gz_example_gazebo.pc'
[2.305s] Level 1:colcon.colcon_core.environment:checking '/home/jaboy/Documents/RBE500_Project/RBE500_Project/install/ros_gz_example_gazebo/lib/python3.10/site-packages'
[2.305s] Level 1:colcon.colcon_core.environment:checking '/home/jaboy/Documents/RBE500_Project/RBE500_Project/install/ros_gz_example_gazebo/bin'
[2.305s] INFO:colcon.colcon_core.shell:Creating package script '/home/jaboy/Documents/RBE500_Project/RBE500_Project/install/ros_gz_example_gazebo/share/ros_gz_example_gazebo/package.ps1'
[2.306s] INFO:colcon.colcon_core.shell:Creating package descriptor '/home/jaboy/Documents/RBE500_Project/RBE500_Project/install/ros_gz_example_gazebo/share/ros_gz_example_gazebo/package.dsv'
[2.306s] INFO:colcon.colcon_core.shell:Creating package script '/home/jaboy/Documents/RBE500_Project/RBE500_Project/install/ros_gz_example_gazebo/share/ros_gz_example_gazebo/package.sh'
[2.306s] INFO:colcon.colcon_core.shell:Creating package script '/home/jaboy/Documents/RBE500_Project/RBE500_Project/install/ros_gz_example_gazebo/share/ros_gz_example_gazebo/package.bash'
[2.307s] INFO:colcon.colcon_core.shell:Creating package script '/home/jaboy/Documents/RBE500_Project/RBE500_Project/install/ros_gz_example_gazebo/share/ros_gz_example_gazebo/package.zsh'
[2.307s] Level 1:colcon.colcon_core.environment:create_file_with_runtime_dependencies(/home/jaboy/Documents/RBE500_Project/RBE500_Project/install/ros_gz_example_gazebo/share/colcon-core/packages/ros_gz_example_gazebo)
[2.307s] Level 1:colcon.colcon_core.environment:create_environment_scripts_only(ros_gz_example_gazebo)
[2.307s] Level 1:colcon.colcon_core.environment:checking '/home/jaboy/Documents/RBE500_Project/RBE500_Project/install/ros_gz_example_gazebo' for CMake module files
[2.308s] Level 1:colcon.colcon_core.environment:checking '/home/jaboy/Documents/RBE500_Project/RBE500_Project/install/ros_gz_example_gazebo' for CMake config files
[2.308s] Level 1:colcon.colcon_core.shell:create_environment_hook('ros_gz_example_gazebo', 'cmake_prefix_path')
[2.308s] INFO:colcon.colcon_core.shell:Creating environment hook '/home/jaboy/Documents/RBE500_Project/RBE500_Project/install/ros_gz_example_gazebo/share/ros_gz_example_gazebo/hook/cmake_prefix_path.ps1'
[2.309s] INFO:colcon.colcon_core.shell:Creating environment descriptor '/home/jaboy/Documents/RBE500_Project/RBE500_Project/install/ros_gz_example_gazebo/share/ros_gz_example_gazebo/hook/cmake_prefix_path.dsv'
[2.309s] INFO:colcon.colcon_core.shell:Creating environment hook '/home/jaboy/Documents/RBE500_Project/RBE500_Project/install/ros_gz_example_gazebo/share/ros_gz_example_gazebo/hook/cmake_prefix_path.sh'
[2.309s] Level 1:colcon.colcon_core.environment:checking '/home/jaboy/Documents/RBE500_Project/RBE500_Project/install/ros_gz_example_gazebo/lib'
[2.309s] Level 1:colcon.colcon_core.environment:checking '/home/jaboy/Documents/RBE500_Project/RBE500_Project/install/ros_gz_example_gazebo/bin'
[2.309s] Level 1:colcon.colcon_core.environment:checking '/home/jaboy/Documents/RBE500_Project/RBE500_Project/install/ros_gz_example_gazebo/lib/pkgconfig/ros_gz_example_gazebo.pc'
[2.310s] Level 1:colcon.colcon_core.environment:checking '/home/jaboy/Documents/RBE500_Project/RBE500_Project/install/ros_gz_example_gazebo/lib/python3.10/site-packages'
[2.310s] Level 1:colcon.colcon_core.environment:checking '/home/jaboy/Documents/RBE500_Project/RBE500_Project/install/ros_gz_example_gazebo/bin'
[2.310s] INFO:colcon.colcon_core.shell:Creating package script '/home/jaboy/Documents/RBE500_Project/RBE500_Project/install/ros_gz_example_gazebo/share/ros_gz_example_gazebo/package.ps1'
[2.310s] INFO:colcon.colcon_core.shell:Creating package descriptor '/home/jaboy/Documents/RBE500_Project/RBE500_Project/install/ros_gz_example_gazebo/share/ros_gz_example_gazebo/package.dsv'
[2.311s] INFO:colcon.colcon_core.shell:Creating package script '/home/jaboy/Documents/RBE500_Project/RBE500_Project/install/ros_gz_example_gazebo/share/ros_gz_example_gazebo/package.sh'
[2.311s] INFO:colcon.colcon_core.shell:Creating package script '/home/jaboy/Documents/RBE500_Project/RBE500_Project/install/ros_gz_example_gazebo/share/ros_gz_example_gazebo/package.bash'
[2.311s] INFO:colcon.colcon_core.shell:Creating package script '/home/jaboy/Documents/RBE500_Project/RBE500_Project/install/ros_gz_example_gazebo/share/ros_gz_example_gazebo/package.zsh'
[2.311s] Level 1:colcon.colcon_core.environment:create_file_with_runtime_dependencies(/home/jaboy/Documents/RBE500_Project/RBE500_Project/install/ros_gz_example_gazebo/share/colcon-core/packages/ros_gz_example_gazebo)
[2.312s] INFO:colcon.colcon_ros.task.ament_cmake.build:Building ROS package in '/home/jaboy/Documents/RBE500_Project/RBE500_Project/ros_gz_example_bringup' with build type 'ament_cmake'
[2.312s] INFO:colcon.colcon_cmake.task.cmake.build:Building CMake package in '/home/jaboy/Documents/RBE500_Project/RBE500_Project/ros_gz_example_bringup'
[2.312s] INFO:colcon.colcon_core.shell:Skip shell extension 'powershell' for command environment: Not usable outside of PowerShell
[2.313s] DEBUG:colcon.colcon_core.shell:Skip shell extension 'dsv' for command environment
[2.337s] Level 1:colcon.colcon_core.environment:create_environment_scripts_only(custom_interfaces)
[2.337s] Level 1:colcon.colcon_core.environment:checking '/home/jaboy/Documents/RBE500_Project/RBE500_Project/install/custom_interfaces' for CMake module files
[2.337s] Level 1:colcon.colcon_core.environment:checking '/home/jaboy/Documents/RBE500_Project/RBE500_Project/install/custom_interfaces' for CMake config files
[2.337s] Level 1:colcon.colcon_core.environment:checking '/home/jaboy/Documents/RBE500_Project/RBE500_Project/install/custom_interfaces/bin'
[2.337s] Level 1:colcon.colcon_core.environment:checking '/home/jaboy/Documents/RBE500_Project/RBE500_Project/install/custom_interfaces/lib/pkgconfig/custom_interfaces.pc'
[2.338s] Level 1:colcon.colcon_core.environment:checking '/home/jaboy/Documents/RBE500_Project/RBE500_Project/install/custom_interfaces/lib/python3.10/site-packages'
[2.338s] Level 1:colcon.colcon_core.environment:checking '/home/jaboy/Documents/RBE500_Project/RBE500_Project/install/custom_interfaces/bin'
[2.338s] INFO:colcon.colcon_core.shell:Creating package script '/home/jaboy/Documents/RBE500_Project/RBE500_Project/install/custom_interfaces/share/custom_interfaces/package.ps1'
[2.338s] INFO:colcon.colcon_core.shell:Creating package descriptor '/home/jaboy/Documents/RBE500_Project/RBE500_Project/install/custom_interfaces/share/custom_interfaces/package.dsv'
[2.338s] INFO:colcon.colcon_core.shell:Creating package script '/home/jaboy/Documents/RBE500_Project/RBE500_Project/install/custom_interfaces/share/custom_interfaces/package.sh'
[2.339s] INFO:colcon.colcon_core.shell:Creating package script '/home/jaboy/Documents/RBE500_Project/RBE500_Project/install/custom_interfaces/share/custom_interfaces/package.bash'
[2.339s] INFO:colcon.colcon_core.shell:Creating package script '/home/jaboy/Documents/RBE500_Project/RBE500_Project/install/custom_interfaces/share/custom_interfaces/package.zsh'
[2.339s] Level 1:colcon.colcon_core.environment:create_file_with_runtime_dependencies(/home/jaboy/Documents/RBE500_Project/RBE500_Project/install/custom_interfaces/share/colcon-core/packages/custom_interfaces)
[2.904s] DEBUG:colcon.colcon_parallel_executor.executor.parallel:closing loop
[2.904s] DEBUG:colcon.colcon_parallel_executor.executor.parallel:loop closed
[2.904s] DEBUG:colcon.colcon_parallel_executor.executor.parallel:run_until_complete finished with '1'
[2.905s] DEBUG:colcon.colcon_core.event_reactor:joining thread
[2.916s] INFO:colcon.colcon_core.plugin_system:Skipping extension 'colcon_notification.desktop_notification.terminal_notifier': Not used on non-Darwin systems
[2.916s] INFO:colcon.colcon_core.plugin_system:Skipping extension 'colcon_notification.desktop_notification.win32': Not used on non-Windows systems
[2.916s] INFO:colcon.colcon_notification.desktop_notification:Sending desktop notification using 'notify2'
[2.928s] DEBUG:colcon.colcon_core.event_reactor:joined thread
[2.928s] INFO:colcon.colcon_core.shell:Creating prefix script '/home/jaboy/Documents/RBE500_Project/RBE500_Project/install/local_setup.ps1'
[2.929s] INFO:colcon.colcon_core.shell:Creating prefix util module '/home/jaboy/Documents/RBE500_Project/RBE500_Project/install/_local_setup_util_ps1.py'
[2.930s] INFO:colcon.colcon_core.shell:Creating prefix chain script '/home/jaboy/Documents/RBE500_Project/RBE500_Project/install/setup.ps1'
[2.943s] INFO:colcon.colcon_core.shell:Creating prefix script '/home/jaboy/Documents/RBE500_Project/RBE500_Project/install/local_setup.sh'
[2.944s] INFO:colcon.colcon_core.shell:Creating prefix util module '/home/jaboy/Documents/RBE500_Project/RBE500_Project/install/_local_setup_util_sh.py'
[2.945s] INFO:colcon.colcon_core.shell:Creating prefix chain script '/home/jaboy/Documents/RBE500_Project/RBE500_Project/install/setup.sh'
[2.958s] INFO:colcon.colcon_core.shell:Creating prefix script '/home/jaboy/Documents/RBE500_Project/RBE500_Project/install/local_setup.bash'
[2.959s] INFO:colcon.colcon_core.shell:Creating prefix chain script '/home/jaboy/Documents/RBE500_Project/RBE500_Project/install/setup.bash'
[2.971s] INFO:colcon.colcon_core.shell:Creating prefix script '/home/jaboy/Documents/RBE500_Project/RBE500_Project/install/local_setup.zsh'
[2.971s] INFO:colcon.colcon_core.shell:Creating prefix chain script '/home/jaboy/Documents/RBE500_Project/RBE500_Project/install/setup.zsh'
