[0.178s] DEBUG:colcon:Command line arguments: ['/usr/bin/colcon', 'build']
[0.178s] DEBUG:colcon:Parsed command line arguments: Namespace(log_base=None, log_level=None, verb_name='build', build_base='build', install_base='install', merge_install=False, symlink_install=False, test_result_base=None, continue_on_error=False, executor='parallel', parallel_workers=16, event_handlers=None, ignore_user_meta=False, metas=['./colcon.meta'], base_paths=['.'], packages_ignore=None, packages_ignore_regex=None, paths=None, packages_up_to=None, packages_up_to_regex=None, packages_above=None, packages_above_and_dependencies=None, packages_above_depth=None, packages_select_by_dep=None, packages_skip_by_dep=None, packages_skip_up_to=None, packages_select_build_failed=False, packages_skip_build_finished=False, packages_select_test_failures=False, packages_skip_test_passed=False, packages_select=None, packages_skip=None, packages_select_regex=None, packages_skip_regex=None, packages_start=None, packages_end=None, allow_overriding=[], cmake_args=None, cmake_target=None, cmake_target_skip_unavailable=False, cmake_clean_cache=False, cmake_clean_first=False, cmake_force_configure=False, ament_cmake_args=None, catkin_cmake_args=None, catkin_skip_building_tests=False, mixin_files=None, mixin=None, verb_parser=<colcon_mixin.mixin.mixin_argument.MixinArgumentDecorator object at 0x743e4a0b3250>, verb_extension=<colcon_core.verb.build.BuildVerb object at 0x743e4a064be0>, main=<bound method BuildVerb.main of <colcon_core.verb.build.BuildVerb object at 0x743e4a064be0>>, mixin_verb=('build',))
[0.418s] Level 1:colcon.colcon_core.package_discovery:discover_packages(colcon_meta) check parameters
[0.418s] Level 1:colcon.colcon_core.package_discovery:discover_packages(recursive) check parameters
[0.418s] Level 1:colcon.colcon_core.package_discovery:discover_packages(ignore) check parameters
[0.418s] Level 1:colcon.colcon_core.package_discovery:discover_packages(path) check parameters
[0.418s] Level 1:colcon.colcon_core.package_discovery:discover_packages(colcon_meta) discover
[0.418s] Level 1:colcon.colcon_core.package_discovery:discover_packages(recursive) discover
[0.418s] INFO:colcon.colcon_core.package_discovery:Crawling recursively for packages in '/home/jaboy/Documents/RBE500_Project/RBE500_Project'
[0.418s] Level 1:colcon.colcon_core.package_identification:_identify(.) by extensions ['ignore', 'ignore_ament_install']
[0.418s] Level 1:colcon.colcon_core.package_identification:_identify(.) by extension 'ignore'
[0.418s] Level 1:colcon.colcon_core.package_identification:_identify(.) by extension 'ignore_ament_install'
[0.418s] Level 1:colcon.colcon_core.package_identification:_identify(.) by extensions ['colcon_pkg']
[0.418s] Level 1:colcon.colcon_core.package_identification:_identify(.) by extension 'colcon_pkg'
[0.418s] Level 1:colcon.colcon_core.package_identification:_identify(.) by extensions ['colcon_meta']
[0.418s] Level 1:colcon.colcon_core.package_identification:_identify(.) by extension 'colcon_meta'
[0.418s] Level 1:colcon.colcon_core.package_identification:_identify(.) by extensions ['ros']
[0.418s] Level 1:colcon.colcon_core.package_identification:_identify(.) by extension 'ros'
[0.428s] Level 1:colcon.colcon_core.package_identification:_identify(.) by extensions ['cmake', 'python']
[0.428s] Level 1:colcon.colcon_core.package_identification:_identify(.) by extension 'cmake'
[0.428s] Level 1:colcon.colcon_core.package_identification:_identify(.) by extension 'python'
[0.428s] Level 1:colcon.colcon_core.package_identification:_identify(.) by extensions ['python_setup_py']
[0.428s] Level 1:colcon.colcon_core.package_identification:_identify(.) by extension 'python_setup_py'
[0.428s] Level 1:colcon.colcon_core.package_identification:_identify(build) by extensions ['ignore', 'ignore_ament_install']
[0.428s] Level 1:colcon.colcon_core.package_identification:_identify(build) by extension 'ignore'
[0.428s] Level 1:colcon.colcon_core.package_identification:_identify(build) ignored
[0.429s] Level 1:colcon.colcon_core.package_identification:_identify(control) by extensions ['ignore', 'ignore_ament_install']
[0.429s] Level 1:colcon.colcon_core.package_identification:_identify(control) by extension 'ignore'
[0.429s] Level 1:colcon.colcon_core.package_identification:_identify(control) by extension 'ignore_ament_install'
[0.429s] Level 1:colcon.colcon_core.package_identification:_identify(control) by extensions ['colcon_pkg']
[0.429s] Level 1:colcon.colcon_core.package_identification:_identify(control) by extension 'colcon_pkg'
[0.429s] Level 1:colcon.colcon_core.package_identification:_identify(control) by extensions ['colcon_meta']
[0.429s] Level 1:colcon.colcon_core.package_identification:_identify(control) by extension 'colcon_meta'
[0.429s] Level 1:colcon.colcon_core.package_identification:_identify(control) by extensions ['ros']
[0.429s] Level 1:colcon.colcon_core.package_identification:_identify(control) by extension 'ros'
[0.431s] DEBUG:colcon.colcon_core.package_identification:Package 'control' with type 'ros.ament_python' and name 'control'
[0.431s] Level 1:colcon.colcon_core.package_identification:_identify(custom_interfaces) by extensions ['ignore', 'ignore_ament_install']
[0.431s] Level 1:colcon.colcon_core.package_identification:_identify(custom_interfaces) by extension 'ignore'
[0.431s] Level 1:colcon.colcon_core.package_identification:_identify(custom_interfaces) by extension 'ignore_ament_install'
[0.431s] Level 1:colcon.colcon_core.package_identification:_identify(custom_interfaces) by extensions ['colcon_pkg']
[0.431s] Level 1:colcon.colcon_core.package_identification:_identify(custom_interfaces) by extension 'colcon_pkg'
[0.431s] Level 1:colcon.colcon_core.package_identification:_identify(custom_interfaces) by extensions ['colcon_meta']
[0.431s] Level 1:colcon.colcon_core.package_identification:_identify(custom_interfaces) by extension 'colcon_meta'
[0.431s] Level 1:colcon.colcon_core.package_identification:_identify(custom_interfaces) by extensions ['ros']
[0.431s] Level 1:colcon.colcon_core.package_identification:_identify(custom_interfaces) by extension 'ros'
[0.432s] DEBUG:colcon.colcon_core.package_identification:Package 'custom_interfaces' with type 'ros.ament_cmake' and name 'custom_interfaces'
[0.432s] Level 1:colcon.colcon_core.package_identification:_identify(forward_kinematics) by extensions ['ignore', 'ignore_ament_install']
[0.432s] Level 1:colcon.colcon_core.package_identification:_identify(forward_kinematics) by extension 'ignore'
[0.432s] Level 1:colcon.colcon_core.package_identification:_identify(forward_kinematics) by extension 'ignore_ament_install'
[0.432s] Level 1:colcon.colcon_core.package_identification:_identify(forward_kinematics) by extensions ['colcon_pkg']
[0.432s] Level 1:colcon.colcon_core.package_identification:_identify(forward_kinematics) by extension 'colcon_pkg'
[0.432s] Level 1:colcon.colcon_core.package_identification:_identify(forward_kinematics) by extensions ['colcon_meta']
[0.432s] Level 1:colcon.colcon_core.package_identification:_identify(forward_kinematics) by extension 'colcon_meta'
[0.432s] Level 1:colcon.colcon_core.package_identification:_identify(forward_kinematics) by extensions ['ros']
[0.432s] Level 1:colcon.colcon_core.package_identification:_identify(forward_kinematics) by extension 'ros'
[0.432s] DEBUG:colcon.colcon_core.package_identification:Package 'forward_kinematics' with type 'ros.ament_python' and name 'forward_kinematics'
[0.433s] Level 1:colcon.colcon_core.package_identification:_identify(install) by extensions ['ignore', 'ignore_ament_install']
[0.433s] Level 1:colcon.colcon_core.package_identification:_identify(install) by extension 'ignore'
[0.433s] Level 1:colcon.colcon_core.package_identification:_identify(install) ignored
[0.433s] Level 1:colcon.colcon_core.package_identification:_identify(inverse_kin) by extensions ['ignore', 'ignore_ament_install']
[0.433s] Level 1:colcon.colcon_core.package_identification:_identify(inverse_kin) by extension 'ignore'
[0.433s] Level 1:colcon.colcon_core.package_identification:_identify(inverse_kin) by extension 'ignore_ament_install'
[0.433s] Level 1:colcon.colcon_core.package_identification:_identify(inverse_kin) by extensions ['colcon_pkg']
[0.433s] Level 1:colcon.colcon_core.package_identification:_identify(inverse_kin) by extension 'colcon_pkg'
[0.433s] Level 1:colcon.colcon_core.package_identification:_identify(inverse_kin) by extensions ['colcon_meta']
[0.433s] Level 1:colcon.colcon_core.package_identification:_identify(inverse_kin) by extension 'colcon_meta'
[0.433s] Level 1:colcon.colcon_core.package_identification:_identify(inverse_kin) by extensions ['ros']
[0.433s] Level 1:colcon.colcon_core.package_identification:_identify(inverse_kin) by extension 'ros'
[0.434s] DEBUG:colcon.colcon_core.package_identification:Package 'inverse_kin' with type 'ros.ament_cmake' and name 'inverse_kin'
[0.434s] Level 1:colcon.colcon_core.package_identification:_identify(inverse_kinematics) by extensions ['ignore', 'ignore_ament_install']
[0.434s] Level 1:colcon.colcon_core.package_identification:_identify(inverse_kinematics) by extension 'ignore'
[0.434s] Level 1:colcon.colcon_core.package_identification:_identify(inverse_kinematics) by extension 'ignore_ament_install'
[0.434s] Level 1:colcon.colcon_core.package_identification:_identify(inverse_kinematics) by extensions ['colcon_pkg']
[0.434s] Level 1:colcon.colcon_core.package_identification:_identify(inverse_kinematics) by extension 'colcon_pkg'
[0.434s] Level 1:colcon.colcon_core.package_identification:_identify(inverse_kinematics) by extensions ['colcon_meta']
[0.434s] Level 1:colcon.colcon_core.package_identification:_identify(inverse_kinematics) by extension 'colcon_meta'
[0.434s] Level 1:colcon.colcon_core.package_identification:_identify(inverse_kinematics) by extensions ['ros']
[0.434s] Level 1:colcon.colcon_core.package_identification:_identify(inverse_kinematics) by extension 'ros'
[0.434s] DEBUG:colcon.colcon_core.package_identification:Package 'inverse_kinematics' with type 'ros.ament_python' and name 'inverse_kinematics'
[0.435s] Level 1:colcon.colcon_core.package_identification:_identify(log) by extensions ['ignore', 'ignore_ament_install']
[0.435s] Level 1:colcon.colcon_core.package_identification:_identify(log) by extension 'ignore'
[0.435s] Level 1:colcon.colcon_core.package_identification:_identify(log) ignored
[0.435s] Level 1:colcon.colcon_core.package_identification:_identify(ros_gz_example_application) by extensions ['ignore', 'ignore_ament_install']
[0.435s] Level 1:colcon.colcon_core.package_identification:_identify(ros_gz_example_application) by extension 'ignore'
[0.435s] Level 1:colcon.colcon_core.package_identification:_identify(ros_gz_example_application) by extension 'ignore_ament_install'
[0.435s] Level 1:colcon.colcon_core.package_identification:_identify(ros_gz_example_application) by extensions ['colcon_pkg']
[0.435s] Level 1:colcon.colcon_core.package_identification:_identify(ros_gz_example_application) by extension 'colcon_pkg'
[0.435s] Level 1:colcon.colcon_core.package_identification:_identify(ros_gz_example_application) by extensions ['colcon_meta']
[0.435s] Level 1:colcon.colcon_core.package_identification:_identify(ros_gz_example_application) by extension 'colcon_meta'
[0.435s] Level 1:colcon.colcon_core.package_identification:_identify(ros_gz_example_application) by extensions ['ros']
[0.435s] Level 1:colcon.colcon_core.package_identification:_identify(ros_gz_example_application) by extension 'ros'
[0.435s] DEBUG:colcon.colcon_core.package_identification:Package 'ros_gz_example_application' with type 'ros.ament_cmake' and name 'ros_gz_example_application'
[0.436s] Level 1:colcon.colcon_core.package_identification:_identify(ros_gz_example_bringup) by extensions ['ignore', 'ignore_ament_install']
[0.436s] Level 1:colcon.colcon_core.package_identification:_identify(ros_gz_example_bringup) by extension 'ignore'
[0.436s] Level 1:colcon.colcon_core.package_identification:_identify(ros_gz_example_bringup) by extension 'ignore_ament_install'
[0.436s] Level 1:colcon.colcon_core.package_identification:_identify(ros_gz_example_bringup) by extensions ['colcon_pkg']
[0.436s] Level 1:colcon.colcon_core.package_identification:_identify(ros_gz_example_bringup) by extension 'colcon_pkg'
[0.436s] Level 1:colcon.colcon_core.package_identification:_identify(ros_gz_example_bringup) by extensions ['colcon_meta']
[0.436s] Level 1:colcon.colcon_core.package_identification:_identify(ros_gz_example_bringup) by extension 'colcon_meta'
[0.436s] Level 1:colcon.colcon_core.package_identification:_identify(ros_gz_example_bringup) by extensions ['ros']
[0.436s] Level 1:colcon.colcon_core.package_identification:_identify(ros_gz_example_bringup) by extension 'ros'
[0.436s] DEBUG:colcon.colcon_core.package_identification:Package 'ros_gz_example_bringup' with type 'ros.ament_cmake' and name 'ros_gz_example_bringup'
[0.437s] Level 1:colcon.colcon_core.package_identification:_identify(ros_gz_example_description) by extensions ['ignore', 'ignore_ament_install']
[0.437s] Level 1:colcon.colcon_core.package_identification:_identify(ros_gz_example_description) by extension 'ignore'
[0.437s] Level 1:colcon.colcon_core.package_identification:_identify(ros_gz_example_description) by extension 'ignore_ament_install'
[0.437s] Level 1:colcon.colcon_core.package_identification:_identify(ros_gz_example_description) by extensions ['colcon_pkg']
[0.437s] Level 1:colcon.colcon_core.package_identification:_identify(ros_gz_example_description) by extension 'colcon_pkg'
[0.437s] Level 1:colcon.colcon_core.package_identification:_identify(ros_gz_example_description) by extensions ['colcon_meta']
[0.437s] Level 1:colcon.colcon_core.package_identification:_identify(ros_gz_example_description) by extension 'colcon_meta'
[0.437s] Level 1:colcon.colcon_core.package_identification:_identify(ros_gz_example_description) by extensions ['ros']
[0.437s] Level 1:colcon.colcon_core.package_identification:_identify(ros_gz_example_description) by extension 'ros'
[0.437s] DEBUG:colcon.colcon_core.package_identification:Package 'ros_gz_example_description' with type 'ros.ament_cmake' and name 'ros_gz_example_description'
[0.437s] Level 1:colcon.colcon_core.package_identification:_identify(ros_gz_example_gazebo) by extensions ['ignore', 'ignore_ament_install']
[0.437s] Level 1:colcon.colcon_core.package_identification:_identify(ros_gz_example_gazebo) by extension 'ignore'
[0.437s] Level 1:colcon.colcon_core.package_identification:_identify(ros_gz_example_gazebo) by extension 'ignore_ament_install'
[0.437s] Level 1:colcon.colcon_core.package_identification:_identify(ros_gz_example_gazebo) by extensions ['colcon_pkg']
[0.437s] Level 1:colcon.colcon_core.package_identification:_identify(ros_gz_example_gazebo) by extension 'colcon_pkg'
[0.437s] Level 1:colcon.colcon_core.package_identification:_identify(ros_gz_example_gazebo) by extensions ['colcon_meta']
[0.437s] Level 1:colcon.colcon_core.package_identification:_identify(ros_gz_example_gazebo) by extension 'colcon_meta'
[0.438s] Level 1:colcon.colcon_core.package_identification:_identify(ros_gz_example_gazebo) by extensions ['ros']
[0.438s] Level 1:colcon.colcon_core.package_identification:_identify(ros_gz_example_gazebo) by extension 'ros'
[0.438s] DEBUG:colcon.colcon_core.package_identification:Package 'ros_gz_example_gazebo' with type 'ros.ament_cmake' and name 'ros_gz_example_gazebo'
[0.438s] Level 1:colcon.colcon_core.package_discovery:discover_packages(recursive) using defaults
[0.438s] Level 1:colcon.colcon_core.package_discovery:discover_packages(ignore) discover
[0.438s] Level 1:colcon.colcon_core.package_discovery:discover_packages(ignore) using defaults
[0.438s] Level 1:colcon.colcon_core.package_discovery:discover_packages(path) discover
[0.438s] Level 1:colcon.colcon_core.package_discovery:discover_packages(path) using defaults
[0.471s] Level 1:colcon.colcon_core.package_discovery:discover_packages(prefix_path) check parameters
[0.472s] Level 1:colcon.colcon_core.package_discovery:discover_packages(prefix_path) discover
[0.484s] DEBUG:colcon.colcon_installed_package_information.package_discovery:Found 9 installed packages in /home/jaboy/Documents/RBE500_Project/RBE500_Project/install
[0.485s] DEBUG:colcon.colcon_installed_package_information.package_discovery:Found 24 installed packages in /home/jaboy/ros2_ws/install
[0.493s] DEBUG:colcon.colcon_installed_package_information.package_discovery:Found 346 installed packages in /home/jaboy/ros2_humble/install
[0.497s] DEBUG:colcon.colcon_installed_package_information.package_discovery:Found 367 installed packages in /opt/ros/humble
[0.508s] Level 1:colcon.colcon_core.package_discovery:discover_packages(prefix_path) using defaults
[0.571s] Level 5:colcon.colcon_core.verb:set package 'control' build argument 'cmake_args' from command line to 'None'
[0.571s] Level 5:colcon.colcon_core.verb:set package 'control' build argument 'cmake_target' from command line to 'None'
[0.571s] Level 5:colcon.colcon_core.verb:set package 'control' build argument 'cmake_target_skip_unavailable' from command line to 'False'
[0.571s] Level 5:colcon.colcon_core.verb:set package 'control' build argument 'cmake_clean_cache' from command line to 'False'
[0.571s] Level 5:colcon.colcon_core.verb:set package 'control' build argument 'cmake_clean_first' from command line to 'False'
[0.571s] Level 5:colcon.colcon_core.verb:set package 'control' build argument 'cmake_force_configure' from command line to 'False'
[0.571s] Level 5:colcon.colcon_core.verb:set package 'control' build argument 'ament_cmake_args' from command line to 'None'
[0.571s] Level 5:colcon.colcon_core.verb:set package 'control' build argument 'catkin_cmake_args' from command line to 'None'
[0.571s] Level 5:colcon.colcon_core.verb:set package 'control' build argument 'catkin_skip_building_tests' from command line to 'False'
[0.571s] DEBUG:colcon.colcon_core.verb:Building package 'control' with the following arguments: {'ament_cmake_args': None, 'build_base': '/home/jaboy/Documents/RBE500_Project/RBE500_Project/build/control', 'catkin_cmake_args': None, 'catkin_skip_building_tests': False, 'cmake_args': None, 'cmake_clean_cache': False, 'cmake_clean_first': False, 'cmake_force_configure': False, 'cmake_target': None, 'cmake_target_skip_unavailable': False, 'install_base': '/home/jaboy/Documents/RBE500_Project/RBE500_Project/install/control', 'merge_install': False, 'path': '/home/jaboy/Documents/RBE500_Project/RBE500_Project/control', 'symlink_install': False, 'test_result_base': None}
[0.571s] Level 5:colcon.colcon_core.verb:set package 'custom_interfaces' build argument 'cmake_args' from command line to 'None'
[0.571s] Level 5:colcon.colcon_core.verb:set package 'custom_interfaces' build argument 'cmake_target' from command line to 'None'
[0.571s] Level 5:colcon.colcon_core.verb:set package 'custom_interfaces' build argument 'cmake_target_skip_unavailable' from command line to 'False'
[0.571s] Level 5:colcon.colcon_core.verb:set package 'custom_interfaces' build argument 'cmake_clean_cache' from command line to 'False'
[0.571s] Level 5:colcon.colcon_core.verb:set package 'custom_interfaces' build argument 'cmake_clean_first' from command line to 'False'
[0.571s] Level 5:colcon.colcon_core.verb:set package 'custom_interfaces' build argument 'cmake_force_configure' from command line to 'False'
[0.571s] Level 5:colcon.colcon_core.verb:set package 'custom_interfaces' build argument 'ament_cmake_args' from command line to 'None'
[0.571s] Level 5:colcon.colcon_core.verb:set package 'custom_interfaces' build argument 'catkin_cmake_args' from command line to 'None'
[0.571s] Level 5:colcon.colcon_core.verb:set package 'custom_interfaces' build argument 'catkin_skip_building_tests' from command line to 'False'
[0.571s] DEBUG:colcon.colcon_core.verb:Building package 'custom_interfaces' with the following arguments: {'ament_cmake_args': None, 'build_base': '/home/jaboy/Documents/RBE500_Project/RBE500_Project/build/custom_interfaces', 'catkin_cmake_args': None, 'catkin_skip_building_tests': False, 'cmake_args': None, 'cmake_clean_cache': False, 'cmake_clean_first': False, 'cmake_force_configure': False, 'cmake_target': None, 'cmake_target_skip_unavailable': False, 'install_base': '/home/jaboy/Documents/RBE500_Project/RBE500_Project/install/custom_interfaces', 'merge_install': False, 'path': '/home/jaboy/Documents/RBE500_Project/RBE500_Project/custom_interfaces', 'symlink_install': False, 'test_result_base': None}
[0.572s] Level 5:colcon.colcon_core.verb:set package 'forward_kinematics' build argument 'cmake_args' from command line to 'None'
[0.572s] Level 5:colcon.colcon_core.verb:set package 'forward_kinematics' build argument 'cmake_target' from command line to 'None'
[0.572s] Level 5:colcon.colcon_core.verb:set package 'forward_kinematics' build argument 'cmake_target_skip_unavailable' from command line to 'False'
[0.572s] Level 5:colcon.colcon_core.verb:set package 'forward_kinematics' build argument 'cmake_clean_cache' from command line to 'False'
[0.572s] Level 5:colcon.colcon_core.verb:set package 'forward_kinematics' build argument 'cmake_clean_first' from command line to 'False'
[0.572s] Level 5:colcon.colcon_core.verb:set package 'forward_kinematics' build argument 'cmake_force_configure' from command line to 'False'
[0.572s] Level 5:colcon.colcon_core.verb:set package 'forward_kinematics' build argument 'ament_cmake_args' from command line to 'None'
[0.572s] Level 5:colcon.colcon_core.verb:set package 'forward_kinematics' build argument 'catkin_cmake_args' from command line to 'None'
[0.572s] Level 5:colcon.colcon_core.verb:set package 'forward_kinematics' build argument 'catkin_skip_building_tests' from command line to 'False'
[0.572s] DEBUG:colcon.colcon_core.verb:Building package 'forward_kinematics' with the following arguments: {'ament_cmake_args': None, 'build_base': '/home/jaboy/Documents/RBE500_Project/RBE500_Project/build/forward_kinematics', 'catkin_cmake_args': None, 'catkin_skip_building_tests': False, 'cmake_args': None, 'cmake_clean_cache': False, 'cmake_clean_first': False, 'cmake_force_configure': False, 'cmake_target': None, 'cmake_target_skip_unavailable': False, 'install_base': '/home/jaboy/Documents/RBE500_Project/RBE500_Project/install/forward_kinematics', 'merge_install': False, 'path': '/home/jaboy/Documents/RBE500_Project/RBE500_Project/forward_kinematics', 'symlink_install': False, 'test_result_base': None}
[0.572s] Level 5:colcon.colcon_core.verb:set package 'inverse_kin' build argument 'cmake_args' from command line to 'None'
[0.572s] Level 5:colcon.colcon_core.verb:set package 'inverse_kin' build argument 'cmake_target' from command line to 'None'
[0.572s] Level 5:colcon.colcon_core.verb:set package 'inverse_kin' build argument 'cmake_target_skip_unavailable' from command line to 'False'
[0.572s] Level 5:colcon.colcon_core.verb:set package 'inverse_kin' build argument 'cmake_clean_cache' from command line to 'False'
[0.572s] Level 5:colcon.colcon_core.verb:set package 'inverse_kin' build argument 'cmake_clean_first' from command line to 'False'
[0.572s] Level 5:colcon.colcon_core.verb:set package 'inverse_kin' build argument 'cmake_force_configure' from command line to 'False'
[0.572s] Level 5:colcon.colcon_core.verb:set package 'inverse_kin' build argument 'ament_cmake_args' from command line to 'None'
[0.572s] Level 5:colcon.colcon_core.verb:set package 'inverse_kin' build argument 'catkin_cmake_args' from command line to 'None'
[0.572s] Level 5:colcon.colcon_core.verb:set package 'inverse_kin' build argument 'catkin_skip_building_tests' from command line to 'False'
[0.572s] DEBUG:colcon.colcon_core.verb:Building package 'inverse_kin' with the following arguments: {'ament_cmake_args': None, 'build_base': '/home/jaboy/Documents/RBE500_Project/RBE500_Project/build/inverse_kin', 'catkin_cmake_args': None, 'catkin_skip_building_tests': False, 'cmake_args': None, 'cmake_clean_cache': False, 'cmake_clean_first': False, 'cmake_force_configure': False, 'cmake_target': None, 'cmake_target_skip_unavailable': False, 'install_base': '/home/jaboy/Documents/RBE500_Project/RBE500_Project/install/inverse_kin', 'merge_install': False, 'path': '/home/jaboy/Documents/RBE500_Project/RBE500_Project/inverse_kin', 'symlink_install': False, 'test_result_base': None}
[0.573s] Level 5:colcon.colcon_core.verb:set package 'ros_gz_example_application' build argument 'cmake_args' from command line to 'None'
[0.573s] Level 5:colcon.colcon_core.verb:set package 'ros_gz_example_application' build argument 'cmake_target' from command line to 'None'
[0.573s] Level 5:colcon.colcon_core.verb:set package 'ros_gz_example_application' build argument 'cmake_target_skip_unavailable' from command line to 'False'
[0.573s] Level 5:colcon.colcon_core.verb:set package 'ros_gz_example_application' build argument 'cmake_clean_cache' from command line to 'False'
[0.573s] Level 5:colcon.colcon_core.verb:set package 'ros_gz_example_application' build argument 'cmake_clean_first' from command line to 'False'
[0.573s] Level 5:colcon.colcon_core.verb:set package 'ros_gz_example_application' build argument 'cmake_force_configure' from command line to 'False'
[0.573s] Level 5:colcon.colcon_core.verb:set package 'ros_gz_example_application' build argument 'ament_cmake_args' from command line to 'None'
[0.573s] Level 5:colcon.colcon_core.verb:set package 'ros_gz_example_application' build argument 'catkin_cmake_args' from command line to 'None'
[0.573s] Level 5:colcon.colcon_core.verb:set package 'ros_gz_example_application' build argument 'catkin_skip_building_tests' from command line to 'False'
[0.573s] DEBUG:colcon.colcon_core.verb:Building package 'ros_gz_example_application' with the following arguments: {'ament_cmake_args': None, 'build_base': '/home/jaboy/Documents/RBE500_Project/RBE500_Project/build/ros_gz_example_application', 'catkin_cmake_args': None, 'catkin_skip_building_tests': False, 'cmake_args': None, 'cmake_clean_cache': False, 'cmake_clean_first': False, 'cmake_force_configure': False, 'cmake_target': None, 'cmake_target_skip_unavailable': False, 'install_base': '/home/jaboy/Documents/RBE500_Project/RBE500_Project/install/ros_gz_example_application', 'merge_install': False, 'path': '/home/jaboy/Documents/RBE500_Project/RBE500_Project/ros_gz_example_application', 'symlink_install': False, 'test_result_base': None}
[0.573s] Level 5:colcon.colcon_core.verb:set package 'ros_gz_example_description' build argument 'cmake_args' from command line to 'None'
[0.573s] Level 5:colcon.colcon_core.verb:set package 'ros_gz_example_description' build argument 'cmake_target' from command line to 'None'
[0.573s] Level 5:colcon.colcon_core.verb:set package 'ros_gz_example_description' build argument 'cmake_target_skip_unavailable' from command line to 'False'
[0.573s] Level 5:colcon.colcon_core.verb:set package 'ros_gz_example_description' build argument 'cmake_clean_cache' from command line to 'False'
[0.573s] Level 5:colcon.colcon_core.verb:set package 'ros_gz_example_description' build argument 'cmake_clean_first' from command line to 'False'
[0.573s] Level 5:colcon.colcon_core.verb:set package 'ros_gz_example_description' build argument 'cmake_force_configure' from command line to 'False'
[0.573s] Level 5:colcon.colcon_core.verb:set package 'ros_gz_example_description' build argument 'ament_cmake_args' from command line to 'None'
[0.573s] Level 5:colcon.colcon_core.verb:set package 'ros_gz_example_description' build argument 'catkin_cmake_args' from command line to 'None'
[0.573s] Level 5:colcon.colcon_core.verb:set package 'ros_gz_example_description' build argument 'catkin_skip_building_tests' from command line to 'False'
[0.573s] DEBUG:colcon.colcon_core.verb:Building package 'ros_gz_example_description' with the following arguments: {'ament_cmake_args': None, 'build_base': '/home/jaboy/Documents/RBE500_Project/RBE500_Project/build/ros_gz_example_description', 'catkin_cmake_args': None, 'catkin_skip_building_tests': False, 'cmake_args': None, 'cmake_clean_cache': False, 'cmake_clean_first': False, 'cmake_force_configure': False, 'cmake_target': None, 'cmake_target_skip_unavailable': False, 'install_base': '/home/jaboy/Documents/RBE500_Project/RBE500_Project/install/ros_gz_example_description', 'merge_install': False, 'path': '/home/jaboy/Documents/RBE500_Project/RBE500_Project/ros_gz_example_description', 'symlink_install': False, 'test_result_base': None}
[0.574s] Level 5:colcon.colcon_core.verb:set package 'inverse_kinematics' build argument 'cmake_args' from command line to 'None'
[0.574s] Level 5:colcon.colcon_core.verb:set package 'inverse_kinematics' build argument 'cmake_target' from command line to 'None'
[0.574s] Level 5:colcon.colcon_core.verb:set package 'inverse_kinematics' build argument 'cmake_target_skip_unavailable' from command line to 'False'
[0.574s] Level 5:colcon.colcon_core.verb:set package 'inverse_kinematics' build argument 'cmake_clean_cache' from command line to 'False'
[0.574s] Level 5:colcon.colcon_core.verb:set package 'inverse_kinematics' build argument 'cmake_clean_first' from command line to 'False'
[0.574s] Level 5:colcon.colcon_core.verb:set package 'inverse_kinematics' build argument 'cmake_force_configure' from command line to 'False'
[0.574s] Level 5:colcon.colcon_core.verb:set package 'inverse_kinematics' build argument 'ament_cmake_args' from command line to 'None'
[0.574s] Level 5:colcon.colcon_core.verb:set package 'inverse_kinematics' build argument 'catkin_cmake_args' from command line to 'None'
[0.574s] Level 5:colcon.colcon_core.verb:set package 'inverse_kinematics' build argument 'catkin_skip_building_tests' from command line to 'False'
[0.574s] DEBUG:colcon.colcon_core.verb:Building package 'inverse_kinematics' with the following arguments: {'ament_cmake_args': None, 'build_base': '/home/jaboy/Documents/RBE500_Project/RBE500_Project/build/inverse_kinematics', 'catkin_cmake_args': None, 'catkin_skip_building_tests': False, 'cmake_args': None, 'cmake_clean_cache': False, 'cmake_clean_first': False, 'cmake_force_configure': False, 'cmake_target': None, 'cmake_target_skip_unavailable': False, 'install_base': '/home/jaboy/Documents/RBE500_Project/RBE500_Project/install/inverse_kinematics', 'merge_install': False, 'path': '/home/jaboy/Documents/RBE500_Project/RBE500_Project/inverse_kinematics', 'symlink_install': False, 'test_result_base': None}
[0.574s] Level 5:colcon.colcon_core.verb:set package 'ros_gz_example_gazebo' build argument 'cmake_args' from command line to 'None'
[0.574s] Level 5:colcon.colcon_core.verb:set package 'ros_gz_example_gazebo' build argument 'cmake_target' from command line to 'None'
[0.574s] Level 5:colcon.colcon_core.verb:set package 'ros_gz_example_gazebo' build argument 'cmake_target_skip_unavailable' from command line to 'False'
[0.574s] Level 5:colcon.colcon_core.verb:set package 'ros_gz_example_gazebo' build argument 'cmake_clean_cache' from command line to 'False'
[0.574s] Level 5:colcon.colcon_core.verb:set package 'ros_gz_example_gazebo' build argument 'cmake_clean_first' from command line to 'False'
[0.574s] Level 5:colcon.colcon_core.verb:set package 'ros_gz_example_gazebo' build argument 'cmake_force_configure' from command line to 'False'
[0.574s] Level 5:colcon.colcon_core.verb:set package 'ros_gz_example_gazebo' build argument 'ament_cmake_args' from command line to 'None'
[0.574s] Level 5:colcon.colcon_core.verb:set package 'ros_gz_example_gazebo' build argument 'catkin_cmake_args' from command line to 'None'
[0.574s] Level 5:colcon.colcon_core.verb:set package 'ros_gz_example_gazebo' build argument 'catkin_skip_building_tests' from command line to 'False'
[0.574s] DEBUG:colcon.colcon_core.verb:Building package 'ros_gz_example_gazebo' with the following arguments: {'ament_cmake_args': None, 'build_base': '/home/jaboy/Documents/RBE500_Project/RBE500_Project/build/ros_gz_example_gazebo', 'catkin_cmake_args': None, 'catkin_skip_building_tests': False, 'cmake_args': None, 'cmake_clean_cache': False, 'cmake_clean_first': False, 'cmake_force_configure': False, 'cmake_target': None, 'cmake_target_skip_unavailable': False, 'install_base': '/home/jaboy/Documents/RBE500_Project/RBE500_Project/install/ros_gz_example_gazebo', 'merge_install': False, 'path': '/home/jaboy/Documents/RBE500_Project/RBE500_Project/ros_gz_example_gazebo', 'symlink_install': False, 'test_result_base': None}
[0.575s] Level 5:colcon.colcon_core.verb:set package 'ros_gz_example_bringup' build argument 'cmake_args' from command line to 'None'
[0.575s] Level 5:colcon.colcon_core.verb:set package 'ros_gz_example_bringup' build argument 'cmake_target' from command line to 'None'
[0.575s] Level 5:colcon.colcon_core.verb:set package 'ros_gz_example_bringup' build argument 'cmake_target_skip_unavailable' from command line to 'False'
[0.575s] Level 5:colcon.colcon_core.verb:set package 'ros_gz_example_bringup' build argument 'cmake_clean_cache' from command line to 'False'
[0.575s] Level 5:colcon.colcon_core.verb:set package 'ros_gz_example_bringup' build argument 'cmake_clean_first' from command line to 'False'
[0.575s] Level 5:colcon.colcon_core.verb:set package 'ros_gz_example_bringup' build argument 'cmake_force_configure' from command line to 'False'
[0.575s] Level 5:colcon.colcon_core.verb:set package 'ros_gz_example_bringup' build argument 'ament_cmake_args' from command line to 'None'
[0.575s] Level 5:colcon.colcon_core.verb:set package 'ros_gz_example_bringup' build argument 'catkin_cmake_args' from command line to 'None'
[0.575s] Level 5:colcon.colcon_core.verb:set package 'ros_gz_example_bringup' build argument 'catkin_skip_building_tests' from command line to 'False'
[0.575s] DEBUG:colcon.colcon_core.verb:Building package 'ros_gz_example_bringup' with the following arguments: {'ament_cmake_args': None, 'build_base': '/home/jaboy/Documents/RBE500_Project/RBE500_Project/build/ros_gz_example_bringup', 'catkin_cmake_args': None, 'catkin_skip_building_tests': False, 'cmake_args': None, 'cmake_clean_cache': False, 'cmake_clean_first': False, 'cmake_force_configure': False, 'cmake_target': None, 'cmake_target_skip_unavailable': False, 'install_base': '/home/jaboy/Documents/RBE500_Project/RBE500_Project/install/ros_gz_example_bringup', 'merge_install': False, 'path': '/home/jaboy/Documents/RBE500_Project/RBE500_Project/ros_gz_example_bringup', 'symlink_install': False, 'test_result_base': None}
[0.575s] INFO:colcon.colcon_core.executor:Executing jobs using 'parallel' executor
[0.576s] DEBUG:colcon.colcon_parallel_executor.executor.parallel:run_until_complete
[0.576s] INFO:colcon.colcon_ros.task.ament_cmake.build:Building ROS package in '/home/jaboy/Documents/RBE500_Project/RBE500_Project/ros_gz_example_description' with build type 'ament_cmake'
[0.576s] INFO:colcon.colcon_cmake.task.cmake.build:Building CMake package in '/home/jaboy/Documents/RBE500_Project/RBE500_Project/ros_gz_example_description'
[0.581s] INFO:colcon.colcon_core.plugin_system:Skipping extension 'colcon_core.shell.bat': Not used on non-Windows systems
[0.581s] INFO:colcon.colcon_core.shell:Skip shell extension 'powershell' for command environment: Not usable outside of PowerShell
[0.581s] DEBUG:colcon.colcon_core.shell:Skip shell extension 'dsv' for command environment
[0.604s] INFO:colcon.colcon_ros.task.ament_cmake.build:Building ROS package in '/home/jaboy/Documents/RBE500_Project/RBE500_Project/inverse_kin' with build type 'ament_cmake'
[0.604s] INFO:colcon.colcon_cmake.task.cmake.build:Building CMake package in '/home/jaboy/Documents/RBE500_Project/RBE500_Project/inverse_kin'
[0.604s] INFO:colcon.colcon_core.shell:Skip shell extension 'powershell' for command environment: Not usable outside of PowerShell
[0.604s] DEBUG:colcon.colcon_core.shell:Skip shell extension 'dsv' for command environment
[0.626s] INFO:colcon.colcon_ros.task.ament_python.build:Building ROS package in '/home/jaboy/Documents/RBE500_Project/RBE500_Project/control' with build type 'ament_python'
[0.626s] Level 1:colcon.colcon_core.shell:create_environment_hook('control', 'ament_prefix_path')
[0.626s] INFO:colcon.colcon_core.shell:Creating environment hook '/home/jaboy/Documents/RBE500_Project/RBE500_Project/install/control/share/control/hook/ament_prefix_path.ps1'
[0.627s] INFO:colcon.colcon_core.shell:Creating environment descriptor '/home/jaboy/Documents/RBE500_Project/RBE500_Project/install/control/share/control/hook/ament_prefix_path.dsv'
[0.627s] INFO:colcon.colcon_core.shell:Creating environment hook '/home/jaboy/Documents/RBE500_Project/RBE500_Project/install/control/share/control/hook/ament_prefix_path.sh'
[0.628s] INFO:colcon.colcon_core.shell:Skip shell extension 'powershell' for command environment: Not usable outside of PowerShell
[0.628s] DEBUG:colcon.colcon_core.shell:Skip shell extension 'dsv' for command environment
[0.650s] INFO:colcon.colcon_ros.task.ament_cmake.build:Building ROS package in '/home/jaboy/Documents/RBE500_Project/RBE500_Project/custom_interfaces' with build type 'ament_cmake'
[0.650s] INFO:colcon.colcon_cmake.task.cmake.build:Building CMake package in '/home/jaboy/Documents/RBE500_Project/RBE500_Project/custom_interfaces'
[0.650s] INFO:colcon.colcon_core.shell:Skip shell extension 'powershell' for command environment: Not usable outside of PowerShell
[0.650s] DEBUG:colcon.colcon_core.shell:Skip shell extension 'dsv' for command environment
[0.673s] INFO:colcon.colcon_ros.task.ament_python.build:Building ROS package in '/home/jaboy/Documents/RBE500_Project/RBE500_Project/forward_kinematics' with build type 'ament_python'
[0.673s] Level 1:colcon.colcon_core.shell:create_environment_hook('forward_kinematics', 'ament_prefix_path')
[0.673s] INFO:colcon.colcon_core.shell:Creating environment hook '/home/jaboy/Documents/RBE500_Project/RBE500_Project/install/forward_kinematics/share/forward_kinematics/hook/ament_prefix_path.ps1'
[0.673s] INFO:colcon.colcon_core.shell:Creating environment descriptor '/home/jaboy/Documents/RBE500_Project/RBE500_Project/install/forward_kinematics/share/forward_kinematics/hook/ament_prefix_path.dsv'
[0.674s] INFO:colcon.colcon_core.shell:Creating environment hook '/home/jaboy/Documents/RBE500_Project/RBE500_Project/install/forward_kinematics/share/forward_kinematics/hook/ament_prefix_path.sh'
[0.674s] INFO:colcon.colcon_core.shell:Skip shell extension 'powershell' for command environment: Not usable outside of PowerShell
[0.674s] DEBUG:colcon.colcon_core.shell:Skip shell extension 'dsv' for command environment
[0.696s] INFO:colcon.colcon_ros.task.ament_cmake.build:Building ROS package in '/home/jaboy/Documents/RBE500_Project/RBE500_Project/ros_gz_example_application' with build type 'ament_cmake'
[0.697s] INFO:colcon.colcon_cmake.task.cmake.build:Building CMake package in '/home/jaboy/Documents/RBE500_Project/RBE500_Project/ros_gz_example_application'
[0.697s] INFO:colcon.colcon_core.shell:Skip shell extension 'powershell' for command environment: Not usable outside of PowerShell
[0.697s] DEBUG:colcon.colcon_core.shell:Skip shell extension 'dsv' for command environment
[0.725s] DEBUG:colcon.colcon_core.event_handler.log_command:Invoking command in '/home/jaboy/Documents/RBE500_Project/RBE500_Project/build/ros_gz_example_description': CMAKE_PREFIX_PATH=${CMAKE_PREFIX_PATH}:/home/jaboy/Documents/RBE500_Project/RBE500_Project/install/inverse_kinematics:/home/jaboy/Documents/RBE500_Project/RBE500_Project/install/forward_kinematics:/home/jaboy/Documents/RBE500_Project/RBE500_Project/install/control:/home/jaboy/ros2_humble/install/rqt_bag_plugins:/home/jaboy/ros2_humble/install/rqt_bag:/home/jaboy/ros2_humble/install/launch_testing_examples:/home/jaboy/ros2_humble/install/ros2bag:/home/jaboy/ros2_humble/install/tracetools_test:/home/jaboy/ros2_humble/install/tracetools_launch:/home/jaboy/ros2_humble/install/topic_monitor:/home/jaboy/ros2_humble/install/tf2_tools:/home/jaboy/ros2_humble/install/examples_tf2_py:/home/jaboy/ros2_humble/install/tf2_ros_py:/home/jaboy/ros2_humble/install/sros2:/home/jaboy/ros2_humble/install/rqt_topic:/home/jaboy/ros2_humble/install/rqt_srv:/home/jaboy/ros2_humble/install/rqt_shell:/home/jaboy/ros2_humble/install/rqt_service_caller:/home/jaboy/ros2_humble/install/rqt_reconfigure:/home/jaboy/ros2_humble/install/rqt_py_console:/home/jaboy/ros2_humble/install/rqt_publisher:/home/jaboy/ros2_humble/install/rqt_plot:/home/jaboy/ros2_humble/install/rqt_action:/home/jaboy/ros2_humble/install/rqt_msg:/home/jaboy/ros2_humble/install/rqt_console:/home/jaboy/ros2_humble/install/rqt:/home/jaboy/ros2_humble/install/rqt_graph:/home/jaboy/ros2_humble/install/rqt_gui_py:/home/jaboy/ros2_humble/install/rqt_gui:/home/jaboy/ros2_humble/install/ros2trace:/home/jaboy/ros2_humble/install/ros2topic:/home/jaboy/ros2_humble/install/ros2test:/home/jaboy/ros2_humble/install/ros2component:/home/jaboy/ros2_humble/install/ros2param:/home/jaboy/ros2_humble/install/ros2lifecycle:/home/jaboy/ros2_humble/install/ros2service:/home/jaboy/ros2_humble/install/ros2run:/home/jaboy/ros2_humble/install/ros2launch:/home/jaboy/ros2_humble/install/ros2pkg:/home/jaboy/ros2_humble/install/ros2node:/home/jaboy/ros2_humble/install/ros2multicast:/home/jaboy/ros2_humble/install/ros2interface:/home/jaboy/ros2_humble/install/ros2doctor:/home/jaboy/ros2_humble/install/ros2action:/home/jaboy/ros2_humble/install/ros2cli:/home/jaboy/ros2_humble/install/quality_of_service_demo_py:/home/jaboy/ros2_humble/install/lifecycle_py:/home/jaboy/ros2_humble/install/launch_testing_ros:/home/jaboy/ros2_humble/install/launch_ros:/home/jaboy/ros2_humble/install/examples_rclpy_pointcloud_publisher:/home/jaboy/ros2_humble/install/examples_rclpy_minimal_subscriber:/home/jaboy/ros2_humble/install/examples_rclpy_minimal_service:/home/jaboy/ros2_humble/install/examples_rclpy_minimal_publisher:/home/jaboy/ros2_humble/install/examples_rclpy_minimal_client:/home/jaboy/ros2_humble/install/examples_rclpy_minimal_action_server:/home/jaboy/ros2_humble/install/examples_rclpy_minimal_action_client:/home/jaboy/ros2_humble/install/examples_rclpy_guard_conditions:/home/jaboy/ros2_humble/install/examples_rclpy_executors:/home/jaboy/ros2_humble/install/demo_nodes_py:/home/jaboy/ros2_humble/install/camera_info_manager_py:/home/jaboy/ros2_humble/install/action_tutorials_py:/home/jaboy/ros2_humble/install/ament_uncrustify:/home/jaboy/ros2_humble/install/tracetools_trace:/home/jaboy/ros2_humble/install/tracetools_read:/home/jaboy/ros2_humble/install/rclcpp_lifecycle:/home/jaboy/ros2_humble/install/examples_rclcpp_cbg_executor:/home/jaboy/ros2_humble/install/test_tracetools_launch:/home/jaboy/ros2_humble/install/test_launch_ros:/home/jaboy/ros2_humble/install/sensor_msgs_py:/home/jaboy/ros2_humble/install/rpyutils:/home/jaboy/ros2_humble/install/rosidl_runtime_py:/home/jaboy/ros2_humble/install/rosidl_cli:/home/jaboy/ros2_humble/install/launch_pytest:/home/jaboy/ros2_humble/install/launch_testing:/home/jaboy/ros2_humble/install/launch_yaml:/home/jaboy/ros2_humble/install/launch_xml:/home/jaboy/ros2_humble/install/launch:/home/jaboy/ros2_humble/install/osrf_pycommon:/home/jaboy/ros2_humble/install/domain_coordinator:/home/jaboy/ros2_humble/install/ament_xmllint:/home/jaboy/ros2_humble/install/ament_pyflakes:/home/jaboy/ros2_humble/install/ament_pycodestyle:/home/jaboy/ros2_humble/install/ament_pep257:/home/jaboy/ros2_humble/install/ament_pclint:/home/jaboy/ros2_humble/install/ament_package:/home/jaboy/ros2_humble/install/ament_mypy:/home/jaboy/ros2_humble/install/ament_lint_cmake:/home/jaboy/ros2_humble/install/ament_flake8:/home/jaboy/ros2_humble/install/ament_copyright:/home/jaboy/ros2_humble/install/ament_lint:/home/jaboy/ros2_humble/install/ament_index_python:/home/jaboy/ros2_humble/install/ament_cpplint:/home/jaboy/ros2_humble/install/ament_cppcheck:/home/jaboy/ros2_humble/install/ament_clang_tidy:/home/jaboy/ros2_humble/install/ament_clang_format:/home/jaboy/ros2_ws/install/launch_testing_examples:/home/jaboy/ros2_ws/install/examples_rclpy_pointcloud_publisher:/home/jaboy/ros2_ws/install/examples_rclpy_minimal_subscriber:/home/jaboy/ros2_ws/install/examples_rclpy_minimal_service:/home/jaboy/ros2_ws/install/examples_rclpy_minimal_publisher:/home/jaboy/ros2_ws/install/examples_rclpy_minimal_client:/home/jaboy/ros2_ws/install/examples_rclpy_minimal_action_server:/home/jaboy/ros2_ws/install/examples_rclpy_minimal_action_client:/home/jaboy/ros2_ws/install/examples_rclpy_guard_conditions:/home/jaboy/ros2_ws/install/examples_rclpy_executors:/opt/ros/humble /usr/bin/cmake --build /home/jaboy/Documents/RBE500_Project/RBE500_Project/build/ros_gz_example_description -- -j16 -l16
[0.734s] DEBUG:colcon.colcon_core.event_handler.log_command:Invoking command in '/home/jaboy/Documents/RBE500_Project/RBE500_Project/build/inverse_kin': CMAKE_PREFIX_PATH=${CMAKE_PREFIX_PATH}:/home/jaboy/Documents/RBE500_Project/RBE500_Project/install/inverse_kinematics:/home/jaboy/Documents/RBE500_Project/RBE500_Project/install/forward_kinematics:/home/jaboy/Documents/RBE500_Project/RBE500_Project/install/control:/home/jaboy/ros2_humble/install/rqt_bag_plugins:/home/jaboy/ros2_humble/install/rqt_bag:/home/jaboy/ros2_humble/install/launch_testing_examples:/home/jaboy/ros2_humble/install/ros2bag:/home/jaboy/ros2_humble/install/tracetools_test:/home/jaboy/ros2_humble/install/tracetools_launch:/home/jaboy/ros2_humble/install/topic_monitor:/home/jaboy/ros2_humble/install/tf2_tools:/home/jaboy/ros2_humble/install/examples_tf2_py:/home/jaboy/ros2_humble/install/tf2_ros_py:/home/jaboy/ros2_humble/install/sros2:/home/jaboy/ros2_humble/install/rqt_topic:/home/jaboy/ros2_humble/install/rqt_srv:/home/jaboy/ros2_humble/install/rqt_shell:/home/jaboy/ros2_humble/install/rqt_service_caller:/home/jaboy/ros2_humble/install/rqt_reconfigure:/home/jaboy/ros2_humble/install/rqt_py_console:/home/jaboy/ros2_humble/install/rqt_publisher:/home/jaboy/ros2_humble/install/rqt_plot:/home/jaboy/ros2_humble/install/rqt_action:/home/jaboy/ros2_humble/install/rqt_msg:/home/jaboy/ros2_humble/install/rqt_console:/home/jaboy/ros2_humble/install/rqt:/home/jaboy/ros2_humble/install/rqt_graph:/home/jaboy/ros2_humble/install/rqt_gui_py:/home/jaboy/ros2_humble/install/rqt_gui:/home/jaboy/ros2_humble/install/ros2trace:/home/jaboy/ros2_humble/install/ros2topic:/home/jaboy/ros2_humble/install/ros2test:/home/jaboy/ros2_humble/install/ros2component:/home/jaboy/ros2_humble/install/ros2param:/home/jaboy/ros2_humble/install/ros2lifecycle:/home/jaboy/ros2_humble/install/ros2service:/home/jaboy/ros2_humble/install/ros2run:/home/jaboy/ros2_humble/install/ros2launch:/home/jaboy/ros2_humble/install/ros2pkg:/home/jaboy/ros2_humble/install/ros2node:/home/jaboy/ros2_humble/install/ros2multicast:/home/jaboy/ros2_humble/install/ros2interface:/home/jaboy/ros2_humble/install/ros2doctor:/home/jaboy/ros2_humble/install/ros2action:/home/jaboy/ros2_humble/install/ros2cli:/home/jaboy/ros2_humble/install/quality_of_service_demo_py:/home/jaboy/ros2_humble/install/lifecycle_py:/home/jaboy/ros2_humble/install/launch_testing_ros:/home/jaboy/ros2_humble/install/launch_ros:/home/jaboy/ros2_humble/install/examples_rclpy_pointcloud_publisher:/home/jaboy/ros2_humble/install/examples_rclpy_minimal_subscriber:/home/jaboy/ros2_humble/install/examples_rclpy_minimal_service:/home/jaboy/ros2_humble/install/examples_rclpy_minimal_publisher:/home/jaboy/ros2_humble/install/examples_rclpy_minimal_client:/home/jaboy/ros2_humble/install/examples_rclpy_minimal_action_server:/home/jaboy/ros2_humble/install/examples_rclpy_minimal_action_client:/home/jaboy/ros2_humble/install/examples_rclpy_guard_conditions:/home/jaboy/ros2_humble/install/examples_rclpy_executors:/home/jaboy/ros2_humble/install/demo_nodes_py:/home/jaboy/ros2_humble/install/camera_info_manager_py:/home/jaboy/ros2_humble/install/action_tutorials_py:/home/jaboy/ros2_humble/install/ament_uncrustify:/home/jaboy/ros2_humble/install/tracetools_trace:/home/jaboy/ros2_humble/install/tracetools_read:/home/jaboy/ros2_humble/install/rclcpp_lifecycle:/home/jaboy/ros2_humble/install/examples_rclcpp_cbg_executor:/home/jaboy/ros2_humble/install/test_tracetools_launch:/home/jaboy/ros2_humble/install/test_launch_ros:/home/jaboy/ros2_humble/install/sensor_msgs_py:/home/jaboy/ros2_humble/install/rpyutils:/home/jaboy/ros2_humble/install/rosidl_runtime_py:/home/jaboy/ros2_humble/install/rosidl_cli:/home/jaboy/ros2_humble/install/launch_pytest:/home/jaboy/ros2_humble/install/launch_testing:/home/jaboy/ros2_humble/install/launch_yaml:/home/jaboy/ros2_humble/install/launch_xml:/home/jaboy/ros2_humble/install/launch:/home/jaboy/ros2_humble/install/osrf_pycommon:/home/jaboy/ros2_humble/install/domain_coordinator:/home/jaboy/ros2_humble/install/ament_xmllint:/home/jaboy/ros2_humble/install/ament_pyflakes:/home/jaboy/ros2_humble/install/ament_pycodestyle:/home/jaboy/ros2_humble/install/ament_pep257:/home/jaboy/ros2_humble/install/ament_pclint:/home/jaboy/ros2_humble/install/ament_package:/home/jaboy/ros2_humble/install/ament_mypy:/home/jaboy/ros2_humble/install/ament_lint_cmake:/home/jaboy/ros2_humble/install/ament_flake8:/home/jaboy/ros2_humble/install/ament_copyright:/home/jaboy/ros2_humble/install/ament_lint:/home/jaboy/ros2_humble/install/ament_index_python:/home/jaboy/ros2_humble/install/ament_cpplint:/home/jaboy/ros2_humble/install/ament_cppcheck:/home/jaboy/ros2_humble/install/ament_clang_tidy:/home/jaboy/ros2_humble/install/ament_clang_format:/home/jaboy/ros2_ws/install/launch_testing_examples:/home/jaboy/ros2_ws/install/examples_rclpy_pointcloud_publisher:/home/jaboy/ros2_ws/install/examples_rclpy_minimal_subscriber:/home/jaboy/ros2_ws/install/examples_rclpy_minimal_service:/home/jaboy/ros2_ws/install/examples_rclpy_minimal_publisher:/home/jaboy/ros2_ws/install/examples_rclpy_minimal_client:/home/jaboy/ros2_ws/install/examples_rclpy_minimal_action_server:/home/jaboy/ros2_ws/install/examples_rclpy_minimal_action_client:/home/jaboy/ros2_ws/install/examples_rclpy_guard_conditions:/home/jaboy/ros2_ws/install/examples_rclpy_executors:/opt/ros/humble /usr/bin/cmake --build /home/jaboy/Documents/RBE500_Project/RBE500_Project/build/inverse_kin -- -j16 -l16
[1.225s] INFO:colcon.colcon_core.task.python.build:Building Python package in '/home/jaboy/Documents/RBE500_Project/RBE500_Project/control'
[1.225s] INFO:colcon.colcon_core.shell:Skip shell extension 'powershell' for command environment: Not usable outside of PowerShell
[1.225s] DEBUG:colcon.colcon_core.shell:Skip shell extension 'dsv' for command environment
[1.256s] DEBUG:colcon.colcon_core.event_handler.log_command:Invoking command in '/home/jaboy/Documents/RBE500_Project/RBE500_Project/build/custom_interfaces': CMAKE_PREFIX_PATH=${CMAKE_PREFIX_PATH}:/home/jaboy/Documents/RBE500_Project/RBE500_Project/install/inverse_kinematics:/home/jaboy/Documents/RBE500_Project/RBE500_Project/install/forward_kinematics:/home/jaboy/Documents/RBE500_Project/RBE500_Project/install/control:/home/jaboy/ros2_humble/install/rqt_bag_plugins:/home/jaboy/ros2_humble/install/rqt_bag:/home/jaboy/ros2_humble/install/launch_testing_examples:/home/jaboy/ros2_humble/install/ros2bag:/home/jaboy/ros2_humble/install/tracetools_test:/home/jaboy/ros2_humble/install/tracetools_launch:/home/jaboy/ros2_humble/install/topic_monitor:/home/jaboy/ros2_humble/install/tf2_tools:/home/jaboy/ros2_humble/install/examples_tf2_py:/home/jaboy/ros2_humble/install/tf2_ros_py:/home/jaboy/ros2_humble/install/sros2:/home/jaboy/ros2_humble/install/rqt_topic:/home/jaboy/ros2_humble/install/rqt_srv:/home/jaboy/ros2_humble/install/rqt_shell:/home/jaboy/ros2_humble/install/rqt_service_caller:/home/jaboy/ros2_humble/install/rqt_reconfigure:/home/jaboy/ros2_humble/install/rqt_py_console:/home/jaboy/ros2_humble/install/rqt_publisher:/home/jaboy/ros2_humble/install/rqt_plot:/home/jaboy/ros2_humble/install/rqt_action:/home/jaboy/ros2_humble/install/rqt_msg:/home/jaboy/ros2_humble/install/rqt_console:/home/jaboy/ros2_humble/install/rqt:/home/jaboy/ros2_humble/install/rqt_graph:/home/jaboy/ros2_humble/install/rqt_gui_py:/home/jaboy/ros2_humble/install/rqt_gui:/home/jaboy/ros2_humble/install/ros2trace:/home/jaboy/ros2_humble/install/ros2topic:/home/jaboy/ros2_humble/install/ros2test:/home/jaboy/ros2_humble/install/ros2component:/home/jaboy/ros2_humble/install/ros2param:/home/jaboy/ros2_humble/install/ros2lifecycle:/home/jaboy/ros2_humble/install/ros2service:/home/jaboy/ros2_humble/install/ros2run:/home/jaboy/ros2_humble/install/ros2launch:/home/jaboy/ros2_humble/install/ros2pkg:/home/jaboy/ros2_humble/install/ros2node:/home/jaboy/ros2_humble/install/ros2multicast:/home/jaboy/ros2_humble/install/ros2interface:/home/jaboy/ros2_humble/install/ros2doctor:/home/jaboy/ros2_humble/install/ros2action:/home/jaboy/ros2_humble/install/ros2cli:/home/jaboy/ros2_humble/install/quality_of_service_demo_py:/home/jaboy/ros2_humble/install/lifecycle_py:/home/jaboy/ros2_humble/install/launch_testing_ros:/home/jaboy/ros2_humble/install/launch_ros:/home/jaboy/ros2_humble/install/examples_rclpy_pointcloud_publisher:/home/jaboy/ros2_humble/install/examples_rclpy_minimal_subscriber:/home/jaboy/ros2_humble/install/examples_rclpy_minimal_service:/home/jaboy/ros2_humble/install/examples_rclpy_minimal_publisher:/home/jaboy/ros2_humble/install/examples_rclpy_minimal_client:/home/jaboy/ros2_humble/install/examples_rclpy_minimal_action_server:/home/jaboy/ros2_humble/install/examples_rclpy_minimal_action_client:/home/jaboy/ros2_humble/install/examples_rclpy_guard_conditions:/home/jaboy/ros2_humble/install/examples_rclpy_executors:/home/jaboy/ros2_humble/install/demo_nodes_py:/home/jaboy/ros2_humble/install/camera_info_manager_py:/home/jaboy/ros2_humble/install/action_tutorials_py:/home/jaboy/ros2_humble/install/ament_uncrustify:/home/jaboy/ros2_humble/install/tracetools_trace:/home/jaboy/ros2_humble/install/tracetools_read:/home/jaboy/ros2_humble/install/rclcpp_lifecycle:/home/jaboy/ros2_humble/install/examples_rclcpp_cbg_executor:/home/jaboy/ros2_humble/install/test_tracetools_launch:/home/jaboy/ros2_humble/install/test_launch_ros:/home/jaboy/ros2_humble/install/sensor_msgs_py:/home/jaboy/ros2_humble/install/rpyutils:/home/jaboy/ros2_humble/install/rosidl_runtime_py:/home/jaboy/ros2_humble/install/rosidl_cli:/home/jaboy/ros2_humble/install/launch_pytest:/home/jaboy/ros2_humble/install/launch_testing:/home/jaboy/ros2_humble/install/launch_yaml:/home/jaboy/ros2_humble/install/launch_xml:/home/jaboy/ros2_humble/install/launch:/home/jaboy/ros2_humble/install/osrf_pycommon:/home/jaboy/ros2_humble/install/domain_coordinator:/home/jaboy/ros2_humble/install/ament_xmllint:/home/jaboy/ros2_humble/install/ament_pyflakes:/home/jaboy/ros2_humble/install/ament_pycodestyle:/home/jaboy/ros2_humble/install/ament_pep257:/home/jaboy/ros2_humble/install/ament_pclint:/home/jaboy/ros2_humble/install/ament_package:/home/jaboy/ros2_humble/install/ament_mypy:/home/jaboy/ros2_humble/install/ament_lint_cmake:/home/jaboy/ros2_humble/install/ament_flake8:/home/jaboy/ros2_humble/install/ament_copyright:/home/jaboy/ros2_humble/install/ament_lint:/home/jaboy/ros2_humble/install/ament_index_python:/home/jaboy/ros2_humble/install/ament_cpplint:/home/jaboy/ros2_humble/install/ament_cppcheck:/home/jaboy/ros2_humble/install/ament_clang_tidy:/home/jaboy/ros2_humble/install/ament_clang_format:/home/jaboy/ros2_ws/install/launch_testing_examples:/home/jaboy/ros2_ws/install/examples_rclpy_pointcloud_publisher:/home/jaboy/ros2_ws/install/examples_rclpy_minimal_subscriber:/home/jaboy/ros2_ws/install/examples_rclpy_minimal_service:/home/jaboy/ros2_ws/install/examples_rclpy_minimal_publisher:/home/jaboy/ros2_ws/install/examples_rclpy_minimal_client:/home/jaboy/ros2_ws/install/examples_rclpy_minimal_action_server:/home/jaboy/ros2_ws/install/examples_rclpy_minimal_action_client:/home/jaboy/ros2_ws/install/examples_rclpy_guard_conditions:/home/jaboy/ros2_ws/install/examples_rclpy_executors:/opt/ros/humble /usr/bin/cmake --build /home/jaboy/Documents/RBE500_Project/RBE500_Project/build/custom_interfaces -- -j16 -l16
[1.768s] INFO:colcon.colcon_core.task.python.build:Building Python package in '/home/jaboy/Documents/RBE500_Project/RBE500_Project/forward_kinematics'
[1.768s] INFO:colcon.colcon_core.shell:Skip shell extension 'powershell' for command environment: Not usable outside of PowerShell
[1.768s] DEBUG:colcon.colcon_core.shell:Skip shell extension 'dsv' for command environment
[1.803s] DEBUG:colcon.colcon_core.event_handler.log_command:Invoking command in '/home/jaboy/Documents/RBE500_Project/RBE500_Project/build/ros_gz_example_application': CMAKE_PREFIX_PATH=${CMAKE_PREFIX_PATH}:/home/jaboy/Documents/RBE500_Project/RBE500_Project/install/inverse_kinematics:/home/jaboy/Documents/RBE500_Project/RBE500_Project/install/forward_kinematics:/home/jaboy/Documents/RBE500_Project/RBE500_Project/install/control:/home/jaboy/ros2_humble/install/rqt_bag_plugins:/home/jaboy/ros2_humble/install/rqt_bag:/home/jaboy/ros2_humble/install/launch_testing_examples:/home/jaboy/ros2_humble/install/ros2bag:/home/jaboy/ros2_humble/install/tracetools_test:/home/jaboy/ros2_humble/install/tracetools_launch:/home/jaboy/ros2_humble/install/topic_monitor:/home/jaboy/ros2_humble/install/tf2_tools:/home/jaboy/ros2_humble/install/examples_tf2_py:/home/jaboy/ros2_humble/install/tf2_ros_py:/home/jaboy/ros2_humble/install/sros2:/home/jaboy/ros2_humble/install/rqt_topic:/home/jaboy/ros2_humble/install/rqt_srv:/home/jaboy/ros2_humble/install/rqt_shell:/home/jaboy/ros2_humble/install/rqt_service_caller:/home/jaboy/ros2_humble/install/rqt_reconfigure:/home/jaboy/ros2_humble/install/rqt_py_console:/home/jaboy/ros2_humble/install/rqt_publisher:/home/jaboy/ros2_humble/install/rqt_plot:/home/jaboy/ros2_humble/install/rqt_action:/home/jaboy/ros2_humble/install/rqt_msg:/home/jaboy/ros2_humble/install/rqt_console:/home/jaboy/ros2_humble/install/rqt:/home/jaboy/ros2_humble/install/rqt_graph:/home/jaboy/ros2_humble/install/rqt_gui_py:/home/jaboy/ros2_humble/install/rqt_gui:/home/jaboy/ros2_humble/install/ros2trace:/home/jaboy/ros2_humble/install/ros2topic:/home/jaboy/ros2_humble/install/ros2test:/home/jaboy/ros2_humble/install/ros2component:/home/jaboy/ros2_humble/install/ros2param:/home/jaboy/ros2_humble/install/ros2lifecycle:/home/jaboy/ros2_humble/install/ros2service:/home/jaboy/ros2_humble/install/ros2run:/home/jaboy/ros2_humble/install/ros2launch:/home/jaboy/ros2_humble/install/ros2pkg:/home/jaboy/ros2_humble/install/ros2node:/home/jaboy/ros2_humble/install/ros2multicast:/home/jaboy/ros2_humble/install/ros2interface:/home/jaboy/ros2_humble/install/ros2doctor:/home/jaboy/ros2_humble/install/ros2action:/home/jaboy/ros2_humble/install/ros2cli:/home/jaboy/ros2_humble/install/quality_of_service_demo_py:/home/jaboy/ros2_humble/install/lifecycle_py:/home/jaboy/ros2_humble/install/launch_testing_ros:/home/jaboy/ros2_humble/install/launch_ros:/home/jaboy/ros2_humble/install/examples_rclpy_pointcloud_publisher:/home/jaboy/ros2_humble/install/examples_rclpy_minimal_subscriber:/home/jaboy/ros2_humble/install/examples_rclpy_minimal_service:/home/jaboy/ros2_humble/install/examples_rclpy_minimal_publisher:/home/jaboy/ros2_humble/install/examples_rclpy_minimal_client:/home/jaboy/ros2_humble/install/examples_rclpy_minimal_action_server:/home/jaboy/ros2_humble/install/examples_rclpy_minimal_action_client:/home/jaboy/ros2_humble/install/examples_rclpy_guard_conditions:/home/jaboy/ros2_humble/install/examples_rclpy_executors:/home/jaboy/ros2_humble/install/demo_nodes_py:/home/jaboy/ros2_humble/install/camera_info_manager_py:/home/jaboy/ros2_humble/install/action_tutorials_py:/home/jaboy/ros2_humble/install/ament_uncrustify:/home/jaboy/ros2_humble/install/tracetools_trace:/home/jaboy/ros2_humble/install/tracetools_read:/home/jaboy/ros2_humble/install/rclcpp_lifecycle:/home/jaboy/ros2_humble/install/examples_rclcpp_cbg_executor:/home/jaboy/ros2_humble/install/test_tracetools_launch:/home/jaboy/ros2_humble/install/test_launch_ros:/home/jaboy/ros2_humble/install/sensor_msgs_py:/home/jaboy/ros2_humble/install/rpyutils:/home/jaboy/ros2_humble/install/rosidl_runtime_py:/home/jaboy/ros2_humble/install/rosidl_cli:/home/jaboy/ros2_humble/install/launch_pytest:/home/jaboy/ros2_humble/install/launch_testing:/home/jaboy/ros2_humble/install/launch_yaml:/home/jaboy/ros2_humble/install/launch_xml:/home/jaboy/ros2_humble/install/launch:/home/jaboy/ros2_humble/install/osrf_pycommon:/home/jaboy/ros2_humble/install/domain_coordinator:/home/jaboy/ros2_humble/install/ament_xmllint:/home/jaboy/ros2_humble/install/ament_pyflakes:/home/jaboy/ros2_humble/install/ament_pycodestyle:/home/jaboy/ros2_humble/install/ament_pep257:/home/jaboy/ros2_humble/install/ament_pclint:/home/jaboy/ros2_humble/install/ament_package:/home/jaboy/ros2_humble/install/ament_mypy:/home/jaboy/ros2_humble/install/ament_lint_cmake:/home/jaboy/ros2_humble/install/ament_flake8:/home/jaboy/ros2_humble/install/ament_copyright:/home/jaboy/ros2_humble/install/ament_lint:/home/jaboy/ros2_humble/install/ament_index_python:/home/jaboy/ros2_humble/install/ament_cpplint:/home/jaboy/ros2_humble/install/ament_cppcheck:/home/jaboy/ros2_humble/install/ament_clang_tidy:/home/jaboy/ros2_humble/install/ament_clang_format:/home/jaboy/ros2_ws/install/launch_testing_examples:/home/jaboy/ros2_ws/install/examples_rclpy_pointcloud_publisher:/home/jaboy/ros2_ws/install/examples_rclpy_minimal_subscriber:/home/jaboy/ros2_ws/install/examples_rclpy_minimal_service:/home/jaboy/ros2_ws/install/examples_rclpy_minimal_publisher:/home/jaboy/ros2_ws/install/examples_rclpy_minimal_client:/home/jaboy/ros2_ws/install/examples_rclpy_minimal_action_server:/home/jaboy/ros2_ws/install/examples_rclpy_minimal_action_client:/home/jaboy/ros2_ws/install/examples_rclpy_guard_conditions:/home/jaboy/ros2_ws/install/examples_rclpy_executors:/opt/ros/humble /usr/bin/cmake --build /home/jaboy/Documents/RBE500_Project/RBE500_Project/build/ros_gz_example_application -- -j16 -l16
[1.803s] DEBUG:colcon.colcon_core.event_handler.log_command:Invoked command in '/home/jaboy/Documents/RBE500_Project/RBE500_Project/build/inverse_kin' returned '0': CMAKE_PREFIX_PATH=${CMAKE_PREFIX_PATH}:/home/jaboy/Documents/RBE500_Project/RBE500_Project/install/inverse_kinematics:/home/jaboy/Documents/RBE500_Project/RBE500_Project/install/forward_kinematics:/home/jaboy/Documents/RBE500_Project/RBE500_Project/install/control:/home/jaboy/ros2_humble/install/rqt_bag_plugins:/home/jaboy/ros2_humble/install/rqt_bag:/home/jaboy/ros2_humble/install/launch_testing_examples:/home/jaboy/ros2_humble/install/ros2bag:/home/jaboy/ros2_humble/install/tracetools_test:/home/jaboy/ros2_humble/install/tracetools_launch:/home/jaboy/ros2_humble/install/topic_monitor:/home/jaboy/ros2_humble/install/tf2_tools:/home/jaboy/ros2_humble/install/examples_tf2_py:/home/jaboy/ros2_humble/install/tf2_ros_py:/home/jaboy/ros2_humble/install/sros2:/home/jaboy/ros2_humble/install/rqt_topic:/home/jaboy/ros2_humble/install/rqt_srv:/home/jaboy/ros2_humble/install/rqt_shell:/home/jaboy/ros2_humble/install/rqt_service_caller:/home/jaboy/ros2_humble/install/rqt_reconfigure:/home/jaboy/ros2_humble/install/rqt_py_console:/home/jaboy/ros2_humble/install/rqt_publisher:/home/jaboy/ros2_humble/install/rqt_plot:/home/jaboy/ros2_humble/install/rqt_action:/home/jaboy/ros2_humble/install/rqt_msg:/home/jaboy/ros2_humble/install/rqt_console:/home/jaboy/ros2_humble/install/rqt:/home/jaboy/ros2_humble/install/rqt_graph:/home/jaboy/ros2_humble/install/rqt_gui_py:/home/jaboy/ros2_humble/install/rqt_gui:/home/jaboy/ros2_humble/install/ros2trace:/home/jaboy/ros2_humble/install/ros2topic:/home/jaboy/ros2_humble/install/ros2test:/home/jaboy/ros2_humble/install/ros2component:/home/jaboy/ros2_humble/install/ros2param:/home/jaboy/ros2_humble/install/ros2lifecycle:/home/jaboy/ros2_humble/install/ros2service:/home/jaboy/ros2_humble/install/ros2run:/home/jaboy/ros2_humble/install/ros2launch:/home/jaboy/ros2_humble/install/ros2pkg:/home/jaboy/ros2_humble/install/ros2node:/home/jaboy/ros2_humble/install/ros2multicast:/home/jaboy/ros2_humble/install/ros2interface:/home/jaboy/ros2_humble/install/ros2doctor:/home/jaboy/ros2_humble/install/ros2action:/home/jaboy/ros2_humble/install/ros2cli:/home/jaboy/ros2_humble/install/quality_of_service_demo_py:/home/jaboy/ros2_humble/install/lifecycle_py:/home/jaboy/ros2_humble/install/launch_testing_ros:/home/jaboy/ros2_humble/install/launch_ros:/home/jaboy/ros2_humble/install/examples_rclpy_pointcloud_publisher:/home/jaboy/ros2_humble/install/examples_rclpy_minimal_subscriber:/home/jaboy/ros2_humble/install/examples_rclpy_minimal_service:/home/jaboy/ros2_humble/install/examples_rclpy_minimal_publisher:/home/jaboy/ros2_humble/install/examples_rclpy_minimal_client:/home/jaboy/ros2_humble/install/examples_rclpy_minimal_action_server:/home/jaboy/ros2_humble/install/examples_rclpy_minimal_action_client:/home/jaboy/ros2_humble/install/examples_rclpy_guard_conditions:/home/jaboy/ros2_humble/install/examples_rclpy_executors:/home/jaboy/ros2_humble/install/demo_nodes_py:/home/jaboy/ros2_humble/install/camera_info_manager_py:/home/jaboy/ros2_humble/install/action_tutorials_py:/home/jaboy/ros2_humble/install/ament_uncrustify:/home/jaboy/ros2_humble/install/tracetools_trace:/home/jaboy/ros2_humble/install/tracetools_read:/home/jaboy/ros2_humble/install/rclcpp_lifecycle:/home/jaboy/ros2_humble/install/examples_rclcpp_cbg_executor:/home/jaboy/ros2_humble/install/test_tracetools_launch:/home/jaboy/ros2_humble/install/test_launch_ros:/home/jaboy/ros2_humble/install/sensor_msgs_py:/home/jaboy/ros2_humble/install/rpyutils:/home/jaboy/ros2_humble/install/rosidl_runtime_py:/home/jaboy/ros2_humble/install/rosidl_cli:/home/jaboy/ros2_humble/install/launch_pytest:/home/jaboy/ros2_humble/install/launch_testing:/home/jaboy/ros2_humble/install/launch_yaml:/home/jaboy/ros2_humble/install/launch_xml:/home/jaboy/ros2_humble/install/launch:/home/jaboy/ros2_humble/install/osrf_pycommon:/home/jaboy/ros2_humble/install/domain_coordinator:/home/jaboy/ros2_humble/install/ament_xmllint:/home/jaboy/ros2_humble/install/ament_pyflakes:/home/jaboy/ros2_humble/install/ament_pycodestyle:/home/jaboy/ros2_humble/install/ament_pep257:/home/jaboy/ros2_humble/install/ament_pclint:/home/jaboy/ros2_humble/install/ament_package:/home/jaboy/ros2_humble/install/ament_mypy:/home/jaboy/ros2_humble/install/ament_lint_cmake:/home/jaboy/ros2_humble/install/ament_flake8:/home/jaboy/ros2_humble/install/ament_copyright:/home/jaboy/ros2_humble/install/ament_lint:/home/jaboy/ros2_humble/install/ament_index_python:/home/jaboy/ros2_humble/install/ament_cpplint:/home/jaboy/ros2_humble/install/ament_cppcheck:/home/jaboy/ros2_humble/install/ament_clang_tidy:/home/jaboy/ros2_humble/install/ament_clang_format:/home/jaboy/ros2_ws/install/launch_testing_examples:/home/jaboy/ros2_ws/install/examples_rclpy_pointcloud_publisher:/home/jaboy/ros2_ws/install/examples_rclpy_minimal_subscriber:/home/jaboy/ros2_ws/install/examples_rclpy_minimal_service:/home/jaboy/ros2_ws/install/examples_rclpy_minimal_publisher:/home/jaboy/ros2_ws/install/examples_rclpy_minimal_client:/home/jaboy/ros2_ws/install/examples_rclpy_minimal_action_server:/home/jaboy/ros2_ws/install/examples_rclpy_minimal_action_client:/home/jaboy/ros2_ws/install/examples_rclpy_guard_conditions:/home/jaboy/ros2_ws/install/examples_rclpy_executors:/opt/ros/humble /usr/bin/cmake --build /home/jaboy/Documents/RBE500_Project/RBE500_Project/build/inverse_kin -- -j16 -l16
[1.827s] DEBUG:colcon.colcon_core.event_handler.log_command:Invoking command in '/home/jaboy/Documents/RBE500_Project/RBE500_Project/build/inverse_kin': CMAKE_PREFIX_PATH=${CMAKE_PREFIX_PATH}:/home/jaboy/Documents/RBE500_Project/RBE500_Project/install/inverse_kinematics:/home/jaboy/Documents/RBE500_Project/RBE500_Project/install/forward_kinematics:/home/jaboy/Documents/RBE500_Project/RBE500_Project/install/control:/home/jaboy/ros2_humble/install/rqt_bag_plugins:/home/jaboy/ros2_humble/install/rqt_bag:/home/jaboy/ros2_humble/install/launch_testing_examples:/home/jaboy/ros2_humble/install/ros2bag:/home/jaboy/ros2_humble/install/tracetools_test:/home/jaboy/ros2_humble/install/tracetools_launch:/home/jaboy/ros2_humble/install/topic_monitor:/home/jaboy/ros2_humble/install/tf2_tools:/home/jaboy/ros2_humble/install/examples_tf2_py:/home/jaboy/ros2_humble/install/tf2_ros_py:/home/jaboy/ros2_humble/install/sros2:/home/jaboy/ros2_humble/install/rqt_topic:/home/jaboy/ros2_humble/install/rqt_srv:/home/jaboy/ros2_humble/install/rqt_shell:/home/jaboy/ros2_humble/install/rqt_service_caller:/home/jaboy/ros2_humble/install/rqt_reconfigure:/home/jaboy/ros2_humble/install/rqt_py_console:/home/jaboy/ros2_humble/install/rqt_publisher:/home/jaboy/ros2_humble/install/rqt_plot:/home/jaboy/ros2_humble/install/rqt_action:/home/jaboy/ros2_humble/install/rqt_msg:/home/jaboy/ros2_humble/install/rqt_console:/home/jaboy/ros2_humble/install/rqt:/home/jaboy/ros2_humble/install/rqt_graph:/home/jaboy/ros2_humble/install/rqt_gui_py:/home/jaboy/ros2_humble/install/rqt_gui:/home/jaboy/ros2_humble/install/ros2trace:/home/jaboy/ros2_humble/install/ros2topic:/home/jaboy/ros2_humble/install/ros2test:/home/jaboy/ros2_humble/install/ros2component:/home/jaboy/ros2_humble/install/ros2param:/home/jaboy/ros2_humble/install/ros2lifecycle:/home/jaboy/ros2_humble/install/ros2service:/home/jaboy/ros2_humble/install/ros2run:/home/jaboy/ros2_humble/install/ros2launch:/home/jaboy/ros2_humble/install/ros2pkg:/home/jaboy/ros2_humble/install/ros2node:/home/jaboy/ros2_humble/install/ros2multicast:/home/jaboy/ros2_humble/install/ros2interface:/home/jaboy/ros2_humble/install/ros2doctor:/home/jaboy/ros2_humble/install/ros2action:/home/jaboy/ros2_humble/install/ros2cli:/home/jaboy/ros2_humble/install/quality_of_service_demo_py:/home/jaboy/ros2_humble/install/lifecycle_py:/home/jaboy/ros2_humble/install/launch_testing_ros:/home/jaboy/ros2_humble/install/launch_ros:/home/jaboy/ros2_humble/install/examples_rclpy_pointcloud_publisher:/home/jaboy/ros2_humble/install/examples_rclpy_minimal_subscriber:/home/jaboy/ros2_humble/install/examples_rclpy_minimal_service:/home/jaboy/ros2_humble/install/examples_rclpy_minimal_publisher:/home/jaboy/ros2_humble/install/examples_rclpy_minimal_client:/home/jaboy/ros2_humble/install/examples_rclpy_minimal_action_server:/home/jaboy/ros2_humble/install/examples_rclpy_minimal_action_client:/home/jaboy/ros2_humble/install/examples_rclpy_guard_conditions:/home/jaboy/ros2_humble/install/examples_rclpy_executors:/home/jaboy/ros2_humble/install/demo_nodes_py:/home/jaboy/ros2_humble/install/camera_info_manager_py:/home/jaboy/ros2_humble/install/action_tutorials_py:/home/jaboy/ros2_humble/install/ament_uncrustify:/home/jaboy/ros2_humble/install/tracetools_trace:/home/jaboy/ros2_humble/install/tracetools_read:/home/jaboy/ros2_humble/install/rclcpp_lifecycle:/home/jaboy/ros2_humble/install/examples_rclcpp_cbg_executor:/home/jaboy/ros2_humble/install/test_tracetools_launch:/home/jaboy/ros2_humble/install/test_launch_ros:/home/jaboy/ros2_humble/install/sensor_msgs_py:/home/jaboy/ros2_humble/install/rpyutils:/home/jaboy/ros2_humble/install/rosidl_runtime_py:/home/jaboy/ros2_humble/install/rosidl_cli:/home/jaboy/ros2_humble/install/launch_pytest:/home/jaboy/ros2_humble/install/launch_testing:/home/jaboy/ros2_humble/install/launch_yaml:/home/jaboy/ros2_humble/install/launch_xml:/home/jaboy/ros2_humble/install/launch:/home/jaboy/ros2_humble/install/osrf_pycommon:/home/jaboy/ros2_humble/install/domain_coordinator:/home/jaboy/ros2_humble/install/ament_xmllint:/home/jaboy/ros2_humble/install/ament_pyflakes:/home/jaboy/ros2_humble/install/ament_pycodestyle:/home/jaboy/ros2_humble/install/ament_pep257:/home/jaboy/ros2_humble/install/ament_pclint:/home/jaboy/ros2_humble/install/ament_package:/home/jaboy/ros2_humble/install/ament_mypy:/home/jaboy/ros2_humble/install/ament_lint_cmake:/home/jaboy/ros2_humble/install/ament_flake8:/home/jaboy/ros2_humble/install/ament_copyright:/home/jaboy/ros2_humble/install/ament_lint:/home/jaboy/ros2_humble/install/ament_index_python:/home/jaboy/ros2_humble/install/ament_cpplint:/home/jaboy/ros2_humble/install/ament_cppcheck:/home/jaboy/ros2_humble/install/ament_clang_tidy:/home/jaboy/ros2_humble/install/ament_clang_format:/home/jaboy/ros2_ws/install/launch_testing_examples:/home/jaboy/ros2_ws/install/examples_rclpy_pointcloud_publisher:/home/jaboy/ros2_ws/install/examples_rclpy_minimal_subscriber:/home/jaboy/ros2_ws/install/examples_rclpy_minimal_service:/home/jaboy/ros2_ws/install/examples_rclpy_minimal_publisher:/home/jaboy/ros2_ws/install/examples_rclpy_minimal_client:/home/jaboy/ros2_ws/install/examples_rclpy_minimal_action_server:/home/jaboy/ros2_ws/install/examples_rclpy_minimal_action_client:/home/jaboy/ros2_ws/install/examples_rclpy_guard_conditions:/home/jaboy/ros2_ws/install/examples_rclpy_executors:/opt/ros/humble /usr/bin/cmake --install /home/jaboy/Documents/RBE500_Project/RBE500_Project/build/inverse_kin
[1.827s] DEBUG:colcon.colcon_core.event_handler.log_command:Invoked command in '/home/jaboy/Documents/RBE500_Project/RBE500_Project/build/ros_gz_example_description' returned '0': CMAKE_PREFIX_PATH=${CMAKE_PREFIX_PATH}:/home/jaboy/Documents/RBE500_Project/RBE500_Project/install/inverse_kinematics:/home/jaboy/Documents/RBE500_Project/RBE500_Project/install/forward_kinematics:/home/jaboy/Documents/RBE500_Project/RBE500_Project/install/control:/home/jaboy/ros2_humble/install/rqt_bag_plugins:/home/jaboy/ros2_humble/install/rqt_bag:/home/jaboy/ros2_humble/install/launch_testing_examples:/home/jaboy/ros2_humble/install/ros2bag:/home/jaboy/ros2_humble/install/tracetools_test:/home/jaboy/ros2_humble/install/tracetools_launch:/home/jaboy/ros2_humble/install/topic_monitor:/home/jaboy/ros2_humble/install/tf2_tools:/home/jaboy/ros2_humble/install/examples_tf2_py:/home/jaboy/ros2_humble/install/tf2_ros_py:/home/jaboy/ros2_humble/install/sros2:/home/jaboy/ros2_humble/install/rqt_topic:/home/jaboy/ros2_humble/install/rqt_srv:/home/jaboy/ros2_humble/install/rqt_shell:/home/jaboy/ros2_humble/install/rqt_service_caller:/home/jaboy/ros2_humble/install/rqt_reconfigure:/home/jaboy/ros2_humble/install/rqt_py_console:/home/jaboy/ros2_humble/install/rqt_publisher:/home/jaboy/ros2_humble/install/rqt_plot:/home/jaboy/ros2_humble/install/rqt_action:/home/jaboy/ros2_humble/install/rqt_msg:/home/jaboy/ros2_humble/install/rqt_console:/home/jaboy/ros2_humble/install/rqt:/home/jaboy/ros2_humble/install/rqt_graph:/home/jaboy/ros2_humble/install/rqt_gui_py:/home/jaboy/ros2_humble/install/rqt_gui:/home/jaboy/ros2_humble/install/ros2trace:/home/jaboy/ros2_humble/install/ros2topic:/home/jaboy/ros2_humble/install/ros2test:/home/jaboy/ros2_humble/install/ros2component:/home/jaboy/ros2_humble/install/ros2param:/home/jaboy/ros2_humble/install/ros2lifecycle:/home/jaboy/ros2_humble/install/ros2service:/home/jaboy/ros2_humble/install/ros2run:/home/jaboy/ros2_humble/install/ros2launch:/home/jaboy/ros2_humble/install/ros2pkg:/home/jaboy/ros2_humble/install/ros2node:/home/jaboy/ros2_humble/install/ros2multicast:/home/jaboy/ros2_humble/install/ros2interface:/home/jaboy/ros2_humble/install/ros2doctor:/home/jaboy/ros2_humble/install/ros2action:/home/jaboy/ros2_humble/install/ros2cli:/home/jaboy/ros2_humble/install/quality_of_service_demo_py:/home/jaboy/ros2_humble/install/lifecycle_py:/home/jaboy/ros2_humble/install/launch_testing_ros:/home/jaboy/ros2_humble/install/launch_ros:/home/jaboy/ros2_humble/install/examples_rclpy_pointcloud_publisher:/home/jaboy/ros2_humble/install/examples_rclpy_minimal_subscriber:/home/jaboy/ros2_humble/install/examples_rclpy_minimal_service:/home/jaboy/ros2_humble/install/examples_rclpy_minimal_publisher:/home/jaboy/ros2_humble/install/examples_rclpy_minimal_client:/home/jaboy/ros2_humble/install/examples_rclpy_minimal_action_server:/home/jaboy/ros2_humble/install/examples_rclpy_minimal_action_client:/home/jaboy/ros2_humble/install/examples_rclpy_guard_conditions:/home/jaboy/ros2_humble/install/examples_rclpy_executors:/home/jaboy/ros2_humble/install/demo_nodes_py:/home/jaboy/ros2_humble/install/camera_info_manager_py:/home/jaboy/ros2_humble/install/action_tutorials_py:/home/jaboy/ros2_humble/install/ament_uncrustify:/home/jaboy/ros2_humble/install/tracetools_trace:/home/jaboy/ros2_humble/install/tracetools_read:/home/jaboy/ros2_humble/install/rclcpp_lifecycle:/home/jaboy/ros2_humble/install/examples_rclcpp_cbg_executor:/home/jaboy/ros2_humble/install/test_tracetools_launch:/home/jaboy/ros2_humble/install/test_launch_ros:/home/jaboy/ros2_humble/install/sensor_msgs_py:/home/jaboy/ros2_humble/install/rpyutils:/home/jaboy/ros2_humble/install/rosidl_runtime_py:/home/jaboy/ros2_humble/install/rosidl_cli:/home/jaboy/ros2_humble/install/launch_pytest:/home/jaboy/ros2_humble/install/launch_testing:/home/jaboy/ros2_humble/install/launch_yaml:/home/jaboy/ros2_humble/install/launch_xml:/home/jaboy/ros2_humble/install/launch:/home/jaboy/ros2_humble/install/osrf_pycommon:/home/jaboy/ros2_humble/install/domain_coordinator:/home/jaboy/ros2_humble/install/ament_xmllint:/home/jaboy/ros2_humble/install/ament_pyflakes:/home/jaboy/ros2_humble/install/ament_pycodestyle:/home/jaboy/ros2_humble/install/ament_pep257:/home/jaboy/ros2_humble/install/ament_pclint:/home/jaboy/ros2_humble/install/ament_package:/home/jaboy/ros2_humble/install/ament_mypy:/home/jaboy/ros2_humble/install/ament_lint_cmake:/home/jaboy/ros2_humble/install/ament_flake8:/home/jaboy/ros2_humble/install/ament_copyright:/home/jaboy/ros2_humble/install/ament_lint:/home/jaboy/ros2_humble/install/ament_index_python:/home/jaboy/ros2_humble/install/ament_cpplint:/home/jaboy/ros2_humble/install/ament_cppcheck:/home/jaboy/ros2_humble/install/ament_clang_tidy:/home/jaboy/ros2_humble/install/ament_clang_format:/home/jaboy/ros2_ws/install/launch_testing_examples:/home/jaboy/ros2_ws/install/examples_rclpy_pointcloud_publisher:/home/jaboy/ros2_ws/install/examples_rclpy_minimal_subscriber:/home/jaboy/ros2_ws/install/examples_rclpy_minimal_service:/home/jaboy/ros2_ws/install/examples_rclpy_minimal_publisher:/home/jaboy/ros2_ws/install/examples_rclpy_minimal_client:/home/jaboy/ros2_ws/install/examples_rclpy_minimal_action_server:/home/jaboy/ros2_ws/install/examples_rclpy_minimal_action_client:/home/jaboy/ros2_ws/install/examples_rclpy_guard_conditions:/home/jaboy/ros2_ws/install/examples_rclpy_executors:/opt/ros/humble /usr/bin/cmake --build /home/jaboy/Documents/RBE500_Project/RBE500_Project/build/ros_gz_example_description -- -j16 -l16
[1.828s] DEBUG:colcon.colcon_core.event_handler.log_command:Invoking command in '/home/jaboy/Documents/RBE500_Project/RBE500_Project/build/ros_gz_example_description': CMAKE_PREFIX_PATH=${CMAKE_PREFIX_PATH}:/home/jaboy/Documents/RBE500_Project/RBE500_Project/install/inverse_kinematics:/home/jaboy/Documents/RBE500_Project/RBE500_Project/install/forward_kinematics:/home/jaboy/Documents/RBE500_Project/RBE500_Project/install/control:/home/jaboy/ros2_humble/install/rqt_bag_plugins:/home/jaboy/ros2_humble/install/rqt_bag:/home/jaboy/ros2_humble/install/launch_testing_examples:/home/jaboy/ros2_humble/install/ros2bag:/home/jaboy/ros2_humble/install/tracetools_test:/home/jaboy/ros2_humble/install/tracetools_launch:/home/jaboy/ros2_humble/install/topic_monitor:/home/jaboy/ros2_humble/install/tf2_tools:/home/jaboy/ros2_humble/install/examples_tf2_py:/home/jaboy/ros2_humble/install/tf2_ros_py:/home/jaboy/ros2_humble/install/sros2:/home/jaboy/ros2_humble/install/rqt_topic:/home/jaboy/ros2_humble/install/rqt_srv:/home/jaboy/ros2_humble/install/rqt_shell:/home/jaboy/ros2_humble/install/rqt_service_caller:/home/jaboy/ros2_humble/install/rqt_reconfigure:/home/jaboy/ros2_humble/install/rqt_py_console:/home/jaboy/ros2_humble/install/rqt_publisher:/home/jaboy/ros2_humble/install/rqt_plot:/home/jaboy/ros2_humble/install/rqt_action:/home/jaboy/ros2_humble/install/rqt_msg:/home/jaboy/ros2_humble/install/rqt_console:/home/jaboy/ros2_humble/install/rqt:/home/jaboy/ros2_humble/install/rqt_graph:/home/jaboy/ros2_humble/install/rqt_gui_py:/home/jaboy/ros2_humble/install/rqt_gui:/home/jaboy/ros2_humble/install/ros2trace:/home/jaboy/ros2_humble/install/ros2topic:/home/jaboy/ros2_humble/install/ros2test:/home/jaboy/ros2_humble/install/ros2component:/home/jaboy/ros2_humble/install/ros2param:/home/jaboy/ros2_humble/install/ros2lifecycle:/home/jaboy/ros2_humble/install/ros2service:/home/jaboy/ros2_humble/install/ros2run:/home/jaboy/ros2_humble/install/ros2launch:/home/jaboy/ros2_humble/install/ros2pkg:/home/jaboy/ros2_humble/install/ros2node:/home/jaboy/ros2_humble/install/ros2multicast:/home/jaboy/ros2_humble/install/ros2interface:/home/jaboy/ros2_humble/install/ros2doctor:/home/jaboy/ros2_humble/install/ros2action:/home/jaboy/ros2_humble/install/ros2cli:/home/jaboy/ros2_humble/install/quality_of_service_demo_py:/home/jaboy/ros2_humble/install/lifecycle_py:/home/jaboy/ros2_humble/install/launch_testing_ros:/home/jaboy/ros2_humble/install/launch_ros:/home/jaboy/ros2_humble/install/examples_rclpy_pointcloud_publisher:/home/jaboy/ros2_humble/install/examples_rclpy_minimal_subscriber:/home/jaboy/ros2_humble/install/examples_rclpy_minimal_service:/home/jaboy/ros2_humble/install/examples_rclpy_minimal_publisher:/home/jaboy/ros2_humble/install/examples_rclpy_minimal_client:/home/jaboy/ros2_humble/install/examples_rclpy_minimal_action_server:/home/jaboy/ros2_humble/install/examples_rclpy_minimal_action_client:/home/jaboy/ros2_humble/install/examples_rclpy_guard_conditions:/home/jaboy/ros2_humble/install/examples_rclpy_executors:/home/jaboy/ros2_humble/install/demo_nodes_py:/home/jaboy/ros2_humble/install/camera_info_manager_py:/home/jaboy/ros2_humble/install/action_tutorials_py:/home/jaboy/ros2_humble/install/ament_uncrustify:/home/jaboy/ros2_humble/install/tracetools_trace:/home/jaboy/ros2_humble/install/tracetools_read:/home/jaboy/ros2_humble/install/rclcpp_lifecycle:/home/jaboy/ros2_humble/install/examples_rclcpp_cbg_executor:/home/jaboy/ros2_humble/install/test_tracetools_launch:/home/jaboy/ros2_humble/install/test_launch_ros:/home/jaboy/ros2_humble/install/sensor_msgs_py:/home/jaboy/ros2_humble/install/rpyutils:/home/jaboy/ros2_humble/install/rosidl_runtime_py:/home/jaboy/ros2_humble/install/rosidl_cli:/home/jaboy/ros2_humble/install/launch_pytest:/home/jaboy/ros2_humble/install/launch_testing:/home/jaboy/ros2_humble/install/launch_yaml:/home/jaboy/ros2_humble/install/launch_xml:/home/jaboy/ros2_humble/install/launch:/home/jaboy/ros2_humble/install/osrf_pycommon:/home/jaboy/ros2_humble/install/domain_coordinator:/home/jaboy/ros2_humble/install/ament_xmllint:/home/jaboy/ros2_humble/install/ament_pyflakes:/home/jaboy/ros2_humble/install/ament_pycodestyle:/home/jaboy/ros2_humble/install/ament_pep257:/home/jaboy/ros2_humble/install/ament_pclint:/home/jaboy/ros2_humble/install/ament_package:/home/jaboy/ros2_humble/install/ament_mypy:/home/jaboy/ros2_humble/install/ament_lint_cmake:/home/jaboy/ros2_humble/install/ament_flake8:/home/jaboy/ros2_humble/install/ament_copyright:/home/jaboy/ros2_humble/install/ament_lint:/home/jaboy/ros2_humble/install/ament_index_python:/home/jaboy/ros2_humble/install/ament_cpplint:/home/jaboy/ros2_humble/install/ament_cppcheck:/home/jaboy/ros2_humble/install/ament_clang_tidy:/home/jaboy/ros2_humble/install/ament_clang_format:/home/jaboy/ros2_ws/install/launch_testing_examples:/home/jaboy/ros2_ws/install/examples_rclpy_pointcloud_publisher:/home/jaboy/ros2_ws/install/examples_rclpy_minimal_subscriber:/home/jaboy/ros2_ws/install/examples_rclpy_minimal_service:/home/jaboy/ros2_ws/install/examples_rclpy_minimal_publisher:/home/jaboy/ros2_ws/install/examples_rclpy_minimal_client:/home/jaboy/ros2_ws/install/examples_rclpy_minimal_action_server:/home/jaboy/ros2_ws/install/examples_rclpy_minimal_action_client:/home/jaboy/ros2_ws/install/examples_rclpy_guard_conditions:/home/jaboy/ros2_ws/install/examples_rclpy_executors:/opt/ros/humble /usr/bin/cmake --install /home/jaboy/Documents/RBE500_Project/RBE500_Project/build/ros_gz_example_description
[1.851s] Level 1:colcon.colcon_core.environment:create_environment_scripts_only(ros_gz_example_description)
[1.861s] DEBUG:colcon.colcon_core.event_handler.log_command:Invoked command in '/home/jaboy/Documents/RBE500_Project/RBE500_Project/build/ros_gz_example_description' returned '0': CMAKE_PREFIX_PATH=${CMAKE_PREFIX_PATH}:/home/jaboy/Documents/RBE500_Project/RBE500_Project/install/inverse_kinematics:/home/jaboy/Documents/RBE500_Project/RBE500_Project/install/forward_kinematics:/home/jaboy/Documents/RBE500_Project/RBE500_Project/install/control:/home/jaboy/ros2_humble/install/rqt_bag_plugins:/home/jaboy/ros2_humble/install/rqt_bag:/home/jaboy/ros2_humble/install/launch_testing_examples:/home/jaboy/ros2_humble/install/ros2bag:/home/jaboy/ros2_humble/install/tracetools_test:/home/jaboy/ros2_humble/install/tracetools_launch:/home/jaboy/ros2_humble/install/topic_monitor:/home/jaboy/ros2_humble/install/tf2_tools:/home/jaboy/ros2_humble/install/examples_tf2_py:/home/jaboy/ros2_humble/install/tf2_ros_py:/home/jaboy/ros2_humble/install/sros2:/home/jaboy/ros2_humble/install/rqt_topic:/home/jaboy/ros2_humble/install/rqt_srv:/home/jaboy/ros2_humble/install/rqt_shell:/home/jaboy/ros2_humble/install/rqt_service_caller:/home/jaboy/ros2_humble/install/rqt_reconfigure:/home/jaboy/ros2_humble/install/rqt_py_console:/home/jaboy/ros2_humble/install/rqt_publisher:/home/jaboy/ros2_humble/install/rqt_plot:/home/jaboy/ros2_humble/install/rqt_action:/home/jaboy/ros2_humble/install/rqt_msg:/home/jaboy/ros2_humble/install/rqt_console:/home/jaboy/ros2_humble/install/rqt:/home/jaboy/ros2_humble/install/rqt_graph:/home/jaboy/ros2_humble/install/rqt_gui_py:/home/jaboy/ros2_humble/install/rqt_gui:/home/jaboy/ros2_humble/install/ros2trace:/home/jaboy/ros2_humble/install/ros2topic:/home/jaboy/ros2_humble/install/ros2test:/home/jaboy/ros2_humble/install/ros2component:/home/jaboy/ros2_humble/install/ros2param:/home/jaboy/ros2_humble/install/ros2lifecycle:/home/jaboy/ros2_humble/install/ros2service:/home/jaboy/ros2_humble/install/ros2run:/home/jaboy/ros2_humble/install/ros2launch:/home/jaboy/ros2_humble/install/ros2pkg:/home/jaboy/ros2_humble/install/ros2node:/home/jaboy/ros2_humble/install/ros2multicast:/home/jaboy/ros2_humble/install/ros2interface:/home/jaboy/ros2_humble/install/ros2doctor:/home/jaboy/ros2_humble/install/ros2action:/home/jaboy/ros2_humble/install/ros2cli:/home/jaboy/ros2_humble/install/quality_of_service_demo_py:/home/jaboy/ros2_humble/install/lifecycle_py:/home/jaboy/ros2_humble/install/launch_testing_ros:/home/jaboy/ros2_humble/install/launch_ros:/home/jaboy/ros2_humble/install/examples_rclpy_pointcloud_publisher:/home/jaboy/ros2_humble/install/examples_rclpy_minimal_subscriber:/home/jaboy/ros2_humble/install/examples_rclpy_minimal_service:/home/jaboy/ros2_humble/install/examples_rclpy_minimal_publisher:/home/jaboy/ros2_humble/install/examples_rclpy_minimal_client:/home/jaboy/ros2_humble/install/examples_rclpy_minimal_action_server:/home/jaboy/ros2_humble/install/examples_rclpy_minimal_action_client:/home/jaboy/ros2_humble/install/examples_rclpy_guard_conditions:/home/jaboy/ros2_humble/install/examples_rclpy_executors:/home/jaboy/ros2_humble/install/demo_nodes_py:/home/jaboy/ros2_humble/install/camera_info_manager_py:/home/jaboy/ros2_humble/install/action_tutorials_py:/home/jaboy/ros2_humble/install/ament_uncrustify:/home/jaboy/ros2_humble/install/tracetools_trace:/home/jaboy/ros2_humble/install/tracetools_read:/home/jaboy/ros2_humble/install/rclcpp_lifecycle:/home/jaboy/ros2_humble/install/examples_rclcpp_cbg_executor:/home/jaboy/ros2_humble/install/test_tracetools_launch:/home/jaboy/ros2_humble/install/test_launch_ros:/home/jaboy/ros2_humble/install/sensor_msgs_py:/home/jaboy/ros2_humble/install/rpyutils:/home/jaboy/ros2_humble/install/rosidl_runtime_py:/home/jaboy/ros2_humble/install/rosidl_cli:/home/jaboy/ros2_humble/install/launch_pytest:/home/jaboy/ros2_humble/install/launch_testing:/home/jaboy/ros2_humble/install/launch_yaml:/home/jaboy/ros2_humble/install/launch_xml:/home/jaboy/ros2_humble/install/launch:/home/jaboy/ros2_humble/install/osrf_pycommon:/home/jaboy/ros2_humble/install/domain_coordinator:/home/jaboy/ros2_humble/install/ament_xmllint:/home/jaboy/ros2_humble/install/ament_pyflakes:/home/jaboy/ros2_humble/install/ament_pycodestyle:/home/jaboy/ros2_humble/install/ament_pep257:/home/jaboy/ros2_humble/install/ament_pclint:/home/jaboy/ros2_humble/install/ament_package:/home/jaboy/ros2_humble/install/ament_mypy:/home/jaboy/ros2_humble/install/ament_lint_cmake:/home/jaboy/ros2_humble/install/ament_flake8:/home/jaboy/ros2_humble/install/ament_copyright:/home/jaboy/ros2_humble/install/ament_lint:/home/jaboy/ros2_humble/install/ament_index_python:/home/jaboy/ros2_humble/install/ament_cpplint:/home/jaboy/ros2_humble/install/ament_cppcheck:/home/jaboy/ros2_humble/install/ament_clang_tidy:/home/jaboy/ros2_humble/install/ament_clang_format:/home/jaboy/ros2_ws/install/launch_testing_examples:/home/jaboy/ros2_ws/install/examples_rclpy_pointcloud_publisher:/home/jaboy/ros2_ws/install/examples_rclpy_minimal_subscriber:/home/jaboy/ros2_ws/install/examples_rclpy_minimal_service:/home/jaboy/ros2_ws/install/examples_rclpy_minimal_publisher:/home/jaboy/ros2_ws/install/examples_rclpy_minimal_client:/home/jaboy/ros2_ws/install/examples_rclpy_minimal_action_server:/home/jaboy/ros2_ws/install/examples_rclpy_minimal_action_client:/home/jaboy/ros2_ws/install/examples_rclpy_guard_conditions:/home/jaboy/ros2_ws/install/examples_rclpy_executors:/opt/ros/humble /usr/bin/cmake --install /home/jaboy/Documents/RBE500_Project/RBE500_Project/build/ros_gz_example_description
[1.876s] Level 1:colcon.colcon_core.environment:checking '/home/jaboy/Documents/RBE500_Project/RBE500_Project/install/ros_gz_example_description' for CMake module files
[1.876s] Level 1:colcon.colcon_core.environment:checking '/home/jaboy/Documents/RBE500_Project/RBE500_Project/install/ros_gz_example_description' for CMake config files
[1.876s] Level 1:colcon.colcon_core.shell:create_environment_hook('ros_gz_example_description', 'cmake_prefix_path')
[1.877s] INFO:colcon.colcon_core.shell:Creating environment hook '/home/jaboy/Documents/RBE500_Project/RBE500_Project/install/ros_gz_example_description/share/ros_gz_example_description/hook/cmake_prefix_path.ps1'
[1.877s] INFO:colcon.colcon_core.shell:Creating environment descriptor '/home/jaboy/Documents/RBE500_Project/RBE500_Project/install/ros_gz_example_description/share/ros_gz_example_description/hook/cmake_prefix_path.dsv'
[1.878s] INFO:colcon.colcon_core.shell:Creating environment hook '/home/jaboy/Documents/RBE500_Project/RBE500_Project/install/ros_gz_example_description/share/ros_gz_example_description/hook/cmake_prefix_path.sh'
[1.878s] Level 1:colcon.colcon_core.environment:checking '/home/jaboy/Documents/RBE500_Project/RBE500_Project/install/ros_gz_example_description/bin'
[1.878s] Level 1:colcon.colcon_core.environment:checking '/home/jaboy/Documents/RBE500_Project/RBE500_Project/install/ros_gz_example_description/lib/pkgconfig/ros_gz_example_description.pc'
[1.879s] Level 1:colcon.colcon_core.environment:checking '/home/jaboy/Documents/RBE500_Project/RBE500_Project/install/ros_gz_example_description/lib/python3.10/site-packages'
[1.879s] Level 1:colcon.colcon_core.environment:checking '/home/jaboy/Documents/RBE500_Project/RBE500_Project/install/ros_gz_example_description/bin'
[1.879s] INFO:colcon.colcon_core.shell:Creating package script '/home/jaboy/Documents/RBE500_Project/RBE500_Project/install/ros_gz_example_description/share/ros_gz_example_description/package.ps1'
[1.881s] INFO:colcon.colcon_core.shell:Creating package descriptor '/home/jaboy/Documents/RBE500_Project/RBE500_Project/install/ros_gz_example_description/share/ros_gz_example_description/package.dsv'
[1.881s] INFO:colcon.colcon_core.shell:Creating package script '/home/jaboy/Documents/RBE500_Project/RBE500_Project/install/ros_gz_example_description/share/ros_gz_example_description/package.sh'
[1.882s] INFO:colcon.colcon_core.shell:Creating package script '/home/jaboy/Documents/RBE500_Project/RBE500_Project/install/ros_gz_example_description/share/ros_gz_example_description/package.bash'
[1.883s] INFO:colcon.colcon_core.shell:Creating package script '/home/jaboy/Documents/RBE500_Project/RBE500_Project/install/ros_gz_example_description/share/ros_gz_example_description/package.zsh'
[1.884s] Level 1:colcon.colcon_core.environment:create_file_with_runtime_dependencies(/home/jaboy/Documents/RBE500_Project/RBE500_Project/install/ros_gz_example_description/share/colcon-core/packages/ros_gz_example_description)
[1.885s] Level 1:colcon.colcon_core.environment:create_environment_scripts_only(ros_gz_example_description)
[1.885s] Level 1:colcon.colcon_core.environment:checking '/home/jaboy/Documents/RBE500_Project/RBE500_Project/install/ros_gz_example_description' for CMake module files
[1.885s] Level 1:colcon.colcon_core.environment:checking '/home/jaboy/Documents/RBE500_Project/RBE500_Project/install/ros_gz_example_description' for CMake config files
[1.886s] Level 1:colcon.colcon_core.shell:create_environment_hook('ros_gz_example_description', 'cmake_prefix_path')
[1.886s] INFO:colcon.colcon_core.shell:Creating environment hook '/home/jaboy/Documents/RBE500_Project/RBE500_Project/install/ros_gz_example_description/share/ros_gz_example_description/hook/cmake_prefix_path.ps1'
[1.886s] INFO:colcon.colcon_core.shell:Creating environment descriptor '/home/jaboy/Documents/RBE500_Project/RBE500_Project/install/ros_gz_example_description/share/ros_gz_example_description/hook/cmake_prefix_path.dsv'
[1.887s] INFO:colcon.colcon_core.shell:Creating environment hook '/home/jaboy/Documents/RBE500_Project/RBE500_Project/install/ros_gz_example_description/share/ros_gz_example_description/hook/cmake_prefix_path.sh'
[1.887s] Level 1:colcon.colcon_core.environment:checking '/home/jaboy/Documents/RBE500_Project/RBE500_Project/install/ros_gz_example_description/bin'
[1.888s] Level 1:colcon.colcon_core.environment:checking '/home/jaboy/Documents/RBE500_Project/RBE500_Project/install/ros_gz_example_description/lib/pkgconfig/ros_gz_example_description.pc'
[1.888s] Level 1:colcon.colcon_core.environment:checking '/home/jaboy/Documents/RBE500_Project/RBE500_Project/install/ros_gz_example_description/lib/python3.10/site-packages'
[1.888s] Level 1:colcon.colcon_core.environment:checking '/home/jaboy/Documents/RBE500_Project/RBE500_Project/install/ros_gz_example_description/bin'
[1.888s] INFO:colcon.colcon_core.shell:Creating package script '/home/jaboy/Documents/RBE500_Project/RBE500_Project/install/ros_gz_example_description/share/ros_gz_example_description/package.ps1'
[1.889s] INFO:colcon.colcon_core.shell:Creating package descriptor '/home/jaboy/Documents/RBE500_Project/RBE500_Project/install/ros_gz_example_description/share/ros_gz_example_description/package.dsv'
[1.889s] INFO:colcon.colcon_core.shell:Creating package script '/home/jaboy/Documents/RBE500_Project/RBE500_Project/install/ros_gz_example_description/share/ros_gz_example_description/package.sh'
[1.890s] INFO:colcon.colcon_core.shell:Creating package script '/home/jaboy/Documents/RBE500_Project/RBE500_Project/install/ros_gz_example_description/share/ros_gz_example_description/package.bash'
[1.890s] INFO:colcon.colcon_core.shell:Creating package script '/home/jaboy/Documents/RBE500_Project/RBE500_Project/install/ros_gz_example_description/share/ros_gz_example_description/package.zsh'
[1.891s] Level 1:colcon.colcon_core.environment:create_file_with_runtime_dependencies(/home/jaboy/Documents/RBE500_Project/RBE500_Project/install/ros_gz_example_description/share/colcon-core/packages/ros_gz_example_description)
[1.891s] INFO:colcon.colcon_ros.task.ament_cmake.build:Building ROS package in '/home/jaboy/Documents/RBE500_Project/RBE500_Project/ros_gz_example_gazebo' with build type 'ament_cmake'
[1.891s] INFO:colcon.colcon_cmake.task.cmake.build:Building CMake package in '/home/jaboy/Documents/RBE500_Project/RBE500_Project/ros_gz_example_gazebo'
[1.892s] INFO:colcon.colcon_core.shell:Skip shell extension 'powershell' for command environment: Not usable outside of PowerShell
[1.892s] DEBUG:colcon.colcon_core.shell:Skip shell extension 'dsv' for command environment
[1.928s] DEBUG:colcon.colcon_core.event_handler.log_command:Invoked command in '/home/jaboy/Documents/RBE500_Project/RBE500_Project/build/ros_gz_example_application' returned '0': CMAKE_PREFIX_PATH=${CMAKE_PREFIX_PATH}:/home/jaboy/Documents/RBE500_Project/RBE500_Project/install/inverse_kinematics:/home/jaboy/Documents/RBE500_Project/RBE500_Project/install/forward_kinematics:/home/jaboy/Documents/RBE500_Project/RBE500_Project/install/control:/home/jaboy/ros2_humble/install/rqt_bag_plugins:/home/jaboy/ros2_humble/install/rqt_bag:/home/jaboy/ros2_humble/install/launch_testing_examples:/home/jaboy/ros2_humble/install/ros2bag:/home/jaboy/ros2_humble/install/tracetools_test:/home/jaboy/ros2_humble/install/tracetools_launch:/home/jaboy/ros2_humble/install/topic_monitor:/home/jaboy/ros2_humble/install/tf2_tools:/home/jaboy/ros2_humble/install/examples_tf2_py:/home/jaboy/ros2_humble/install/tf2_ros_py:/home/jaboy/ros2_humble/install/sros2:/home/jaboy/ros2_humble/install/rqt_topic:/home/jaboy/ros2_humble/install/rqt_srv:/home/jaboy/ros2_humble/install/rqt_shell:/home/jaboy/ros2_humble/install/rqt_service_caller:/home/jaboy/ros2_humble/install/rqt_reconfigure:/home/jaboy/ros2_humble/install/rqt_py_console:/home/jaboy/ros2_humble/install/rqt_publisher:/home/jaboy/ros2_humble/install/rqt_plot:/home/jaboy/ros2_humble/install/rqt_action:/home/jaboy/ros2_humble/install/rqt_msg:/home/jaboy/ros2_humble/install/rqt_console:/home/jaboy/ros2_humble/install/rqt:/home/jaboy/ros2_humble/install/rqt_graph:/home/jaboy/ros2_humble/install/rqt_gui_py:/home/jaboy/ros2_humble/install/rqt_gui:/home/jaboy/ros2_humble/install/ros2trace:/home/jaboy/ros2_humble/install/ros2topic:/home/jaboy/ros2_humble/install/ros2test:/home/jaboy/ros2_humble/install/ros2component:/home/jaboy/ros2_humble/install/ros2param:/home/jaboy/ros2_humble/install/ros2lifecycle:/home/jaboy/ros2_humble/install/ros2service:/home/jaboy/ros2_humble/install/ros2run:/home/jaboy/ros2_humble/install/ros2launch:/home/jaboy/ros2_humble/install/ros2pkg:/home/jaboy/ros2_humble/install/ros2node:/home/jaboy/ros2_humble/install/ros2multicast:/home/jaboy/ros2_humble/install/ros2interface:/home/jaboy/ros2_humble/install/ros2doctor:/home/jaboy/ros2_humble/install/ros2action:/home/jaboy/ros2_humble/install/ros2cli:/home/jaboy/ros2_humble/install/quality_of_service_demo_py:/home/jaboy/ros2_humble/install/lifecycle_py:/home/jaboy/ros2_humble/install/launch_testing_ros:/home/jaboy/ros2_humble/install/launch_ros:/home/jaboy/ros2_humble/install/examples_rclpy_pointcloud_publisher:/home/jaboy/ros2_humble/install/examples_rclpy_minimal_subscriber:/home/jaboy/ros2_humble/install/examples_rclpy_minimal_service:/home/jaboy/ros2_humble/install/examples_rclpy_minimal_publisher:/home/jaboy/ros2_humble/install/examples_rclpy_minimal_client:/home/jaboy/ros2_humble/install/examples_rclpy_minimal_action_server:/home/jaboy/ros2_humble/install/examples_rclpy_minimal_action_client:/home/jaboy/ros2_humble/install/examples_rclpy_guard_conditions:/home/jaboy/ros2_humble/install/examples_rclpy_executors:/home/jaboy/ros2_humble/install/demo_nodes_py:/home/jaboy/ros2_humble/install/camera_info_manager_py:/home/jaboy/ros2_humble/install/action_tutorials_py:/home/jaboy/ros2_humble/install/ament_uncrustify:/home/jaboy/ros2_humble/install/tracetools_trace:/home/jaboy/ros2_humble/install/tracetools_read:/home/jaboy/ros2_humble/install/rclcpp_lifecycle:/home/jaboy/ros2_humble/install/examples_rclcpp_cbg_executor:/home/jaboy/ros2_humble/install/test_tracetools_launch:/home/jaboy/ros2_humble/install/test_launch_ros:/home/jaboy/ros2_humble/install/sensor_msgs_py:/home/jaboy/ros2_humble/install/rpyutils:/home/jaboy/ros2_humble/install/rosidl_runtime_py:/home/jaboy/ros2_humble/install/rosidl_cli:/home/jaboy/ros2_humble/install/launch_pytest:/home/jaboy/ros2_humble/install/launch_testing:/home/jaboy/ros2_humble/install/launch_yaml:/home/jaboy/ros2_humble/install/launch_xml:/home/jaboy/ros2_humble/install/launch:/home/jaboy/ros2_humble/install/osrf_pycommon:/home/jaboy/ros2_humble/install/domain_coordinator:/home/jaboy/ros2_humble/install/ament_xmllint:/home/jaboy/ros2_humble/install/ament_pyflakes:/home/jaboy/ros2_humble/install/ament_pycodestyle:/home/jaboy/ros2_humble/install/ament_pep257:/home/jaboy/ros2_humble/install/ament_pclint:/home/jaboy/ros2_humble/install/ament_package:/home/jaboy/ros2_humble/install/ament_mypy:/home/jaboy/ros2_humble/install/ament_lint_cmake:/home/jaboy/ros2_humble/install/ament_flake8:/home/jaboy/ros2_humble/install/ament_copyright:/home/jaboy/ros2_humble/install/ament_lint:/home/jaboy/ros2_humble/install/ament_index_python:/home/jaboy/ros2_humble/install/ament_cpplint:/home/jaboy/ros2_humble/install/ament_cppcheck:/home/jaboy/ros2_humble/install/ament_clang_tidy:/home/jaboy/ros2_humble/install/ament_clang_format:/home/jaboy/ros2_ws/install/launch_testing_examples:/home/jaboy/ros2_ws/install/examples_rclpy_pointcloud_publisher:/home/jaboy/ros2_ws/install/examples_rclpy_minimal_subscriber:/home/jaboy/ros2_ws/install/examples_rclpy_minimal_service:/home/jaboy/ros2_ws/install/examples_rclpy_minimal_publisher:/home/jaboy/ros2_ws/install/examples_rclpy_minimal_client:/home/jaboy/ros2_ws/install/examples_rclpy_minimal_action_server:/home/jaboy/ros2_ws/install/examples_rclpy_minimal_action_client:/home/jaboy/ros2_ws/install/examples_rclpy_guard_conditions:/home/jaboy/ros2_ws/install/examples_rclpy_executors:/opt/ros/humble /usr/bin/cmake --build /home/jaboy/Documents/RBE500_Project/RBE500_Project/build/ros_gz_example_application -- -j16 -l16
[1.929s] DEBUG:colcon.colcon_core.event_handler.log_command:Invoking command in '/home/jaboy/Documents/RBE500_Project/RBE500_Project/build/ros_gz_example_application': CMAKE_PREFIX_PATH=${CMAKE_PREFIX_PATH}:/home/jaboy/Documents/RBE500_Project/RBE500_Project/install/inverse_kinematics:/home/jaboy/Documents/RBE500_Project/RBE500_Project/install/forward_kinematics:/home/jaboy/Documents/RBE500_Project/RBE500_Project/install/control:/home/jaboy/ros2_humble/install/rqt_bag_plugins:/home/jaboy/ros2_humble/install/rqt_bag:/home/jaboy/ros2_humble/install/launch_testing_examples:/home/jaboy/ros2_humble/install/ros2bag:/home/jaboy/ros2_humble/install/tracetools_test:/home/jaboy/ros2_humble/install/tracetools_launch:/home/jaboy/ros2_humble/install/topic_monitor:/home/jaboy/ros2_humble/install/tf2_tools:/home/jaboy/ros2_humble/install/examples_tf2_py:/home/jaboy/ros2_humble/install/tf2_ros_py:/home/jaboy/ros2_humble/install/sros2:/home/jaboy/ros2_humble/install/rqt_topic:/home/jaboy/ros2_humble/install/rqt_srv:/home/jaboy/ros2_humble/install/rqt_shell:/home/jaboy/ros2_humble/install/rqt_service_caller:/home/jaboy/ros2_humble/install/rqt_reconfigure:/home/jaboy/ros2_humble/install/rqt_py_console:/home/jaboy/ros2_humble/install/rqt_publisher:/home/jaboy/ros2_humble/install/rqt_plot:/home/jaboy/ros2_humble/install/rqt_action:/home/jaboy/ros2_humble/install/rqt_msg:/home/jaboy/ros2_humble/install/rqt_console:/home/jaboy/ros2_humble/install/rqt:/home/jaboy/ros2_humble/install/rqt_graph:/home/jaboy/ros2_humble/install/rqt_gui_py:/home/jaboy/ros2_humble/install/rqt_gui:/home/jaboy/ros2_humble/install/ros2trace:/home/jaboy/ros2_humble/install/ros2topic:/home/jaboy/ros2_humble/install/ros2test:/home/jaboy/ros2_humble/install/ros2component:/home/jaboy/ros2_humble/install/ros2param:/home/jaboy/ros2_humble/install/ros2lifecycle:/home/jaboy/ros2_humble/install/ros2service:/home/jaboy/ros2_humble/install/ros2run:/home/jaboy/ros2_humble/install/ros2launch:/home/jaboy/ros2_humble/install/ros2pkg:/home/jaboy/ros2_humble/install/ros2node:/home/jaboy/ros2_humble/install/ros2multicast:/home/jaboy/ros2_humble/install/ros2interface:/home/jaboy/ros2_humble/install/ros2doctor:/home/jaboy/ros2_humble/install/ros2action:/home/jaboy/ros2_humble/install/ros2cli:/home/jaboy/ros2_humble/install/quality_of_service_demo_py:/home/jaboy/ros2_humble/install/lifecycle_py:/home/jaboy/ros2_humble/install/launch_testing_ros:/home/jaboy/ros2_humble/install/launch_ros:/home/jaboy/ros2_humble/install/examples_rclpy_pointcloud_publisher:/home/jaboy/ros2_humble/install/examples_rclpy_minimal_subscriber:/home/jaboy/ros2_humble/install/examples_rclpy_minimal_service:/home/jaboy/ros2_humble/install/examples_rclpy_minimal_publisher:/home/jaboy/ros2_humble/install/examples_rclpy_minimal_client:/home/jaboy/ros2_humble/install/examples_rclpy_minimal_action_server:/home/jaboy/ros2_humble/install/examples_rclpy_minimal_action_client:/home/jaboy/ros2_humble/install/examples_rclpy_guard_conditions:/home/jaboy/ros2_humble/install/examples_rclpy_executors:/home/jaboy/ros2_humble/install/demo_nodes_py:/home/jaboy/ros2_humble/install/camera_info_manager_py:/home/jaboy/ros2_humble/install/action_tutorials_py:/home/jaboy/ros2_humble/install/ament_uncrustify:/home/jaboy/ros2_humble/install/tracetools_trace:/home/jaboy/ros2_humble/install/tracetools_read:/home/jaboy/ros2_humble/install/rclcpp_lifecycle:/home/jaboy/ros2_humble/install/examples_rclcpp_cbg_executor:/home/jaboy/ros2_humble/install/test_tracetools_launch:/home/jaboy/ros2_humble/install/test_launch_ros:/home/jaboy/ros2_humble/install/sensor_msgs_py:/home/jaboy/ros2_humble/install/rpyutils:/home/jaboy/ros2_humble/install/rosidl_runtime_py:/home/jaboy/ros2_humble/install/rosidl_cli:/home/jaboy/ros2_humble/install/launch_pytest:/home/jaboy/ros2_humble/install/launch_testing:/home/jaboy/ros2_humble/install/launch_yaml:/home/jaboy/ros2_humble/install/launch_xml:/home/jaboy/ros2_humble/install/launch:/home/jaboy/ros2_humble/install/osrf_pycommon:/home/jaboy/ros2_humble/install/domain_coordinator:/home/jaboy/ros2_humble/install/ament_xmllint:/home/jaboy/ros2_humble/install/ament_pyflakes:/home/jaboy/ros2_humble/install/ament_pycodestyle:/home/jaboy/ros2_humble/install/ament_pep257:/home/jaboy/ros2_humble/install/ament_pclint:/home/jaboy/ros2_humble/install/ament_package:/home/jaboy/ros2_humble/install/ament_mypy:/home/jaboy/ros2_humble/install/ament_lint_cmake:/home/jaboy/ros2_humble/install/ament_flake8:/home/jaboy/ros2_humble/install/ament_copyright:/home/jaboy/ros2_humble/install/ament_lint:/home/jaboy/ros2_humble/install/ament_index_python:/home/jaboy/ros2_humble/install/ament_cpplint:/home/jaboy/ros2_humble/install/ament_cppcheck:/home/jaboy/ros2_humble/install/ament_clang_tidy:/home/jaboy/ros2_humble/install/ament_clang_format:/home/jaboy/ros2_ws/install/launch_testing_examples:/home/jaboy/ros2_ws/install/examples_rclpy_pointcloud_publisher:/home/jaboy/ros2_ws/install/examples_rclpy_minimal_subscriber:/home/jaboy/ros2_ws/install/examples_rclpy_minimal_service:/home/jaboy/ros2_ws/install/examples_rclpy_minimal_publisher:/home/jaboy/ros2_ws/install/examples_rclpy_minimal_client:/home/jaboy/ros2_ws/install/examples_rclpy_minimal_action_server:/home/jaboy/ros2_ws/install/examples_rclpy_minimal_action_client:/home/jaboy/ros2_ws/install/examples_rclpy_guard_conditions:/home/jaboy/ros2_ws/install/examples_rclpy_executors:/opt/ros/humble /usr/bin/cmake --install /home/jaboy/Documents/RBE500_Project/RBE500_Project/build/ros_gz_example_application
[1.947s] DEBUG:colcon.colcon_core.event_handler.log_command:Invoking command in '/home/jaboy/Documents/RBE500_Project/RBE500_Project/build/ros_gz_example_gazebo': CMAKE_PREFIX_PATH=/home/jaboy/Documents/RBE500_Project/RBE500_Project/install/ros_gz_example_description:/home/jaboy/Documents/RBE500_Project/RBE500_Project/install/ros_gz_example_bringup:/home/jaboy/Documents/RBE500_Project/RBE500_Project/install/ros_gz_example_gazebo:/home/jaboy/Documents/RBE500_Project/RBE500_Project/install/ros_gz_example_application:/home/jaboy/Documents/RBE500_Project/RBE500_Project/install/inverse_kin:/home/jaboy/Documents/RBE500_Project/RBE500_Project/install/custom_interfaces:/home/jaboy/ros2_humble/install/rosbag2_storage_mcap:/home/jaboy/ros2_humble/install/rosbag2:/home/jaboy/ros2_humble/install/rosbag2_compression_zstd:/home/jaboy/ros2_humble/install/mcap_vendor:/home/jaboy/ros2_humble/install/zstd_vendor:/home/jaboy/ros2_humble/install/rviz_visual_testing_framework:/home/jaboy/ros2_humble/install/rviz2:/home/jaboy/ros2_humble/install/rviz_default_plugins:/home/jaboy/ros2_humble/install/rviz_common:/home/jaboy/ros2_humble/install/rosbag2_py:/home/jaboy/ros2_humble/install/rosbag2_transport:/home/jaboy/ros2_humble/install/rosbag2_storage_default_plugins:/home/jaboy/ros2_humble/install/rosbag2_performance_benchmarking:/home/jaboy/ros2_humble/install/rosbag2_compression:/home/jaboy/ros2_humble/install/rosbag2_cpp:/home/jaboy/ros2_humble/install/rosbag2_storage:/home/jaboy/ros2_humble/install/image_common:/home/jaboy/ros2_humble/install/camera_info_manager:/home/jaboy/ros2_humble/install/camera_calibration_parsers:/home/jaboy/ros2_humble/install/yaml_cpp_vendor:/home/jaboy/ros2_humble/install/interactive_markers:/home/jaboy/ros2_humble/install/common_interfaces:/home/jaboy/ros2_humble/install/visualization_msgs:/home/jaboy/ros2_humble/install/dummy_robot_bringup:/home/jaboy/ros2_humble/install/robot_state_publisher:/home/jaboy/ros2_humble/install/kdl_parser:/home/jaboy/ros2_humble/install/urdf:/home/jaboy/ros2_humble/install/urdfdom:/home/jaboy/ros2_humble/install/urdf_parser_plugin:/home/jaboy/ros2_humble/install/urdfdom_headers:/home/jaboy/ros2_humble/install/turtlesim:/home/jaboy/ros2_humble/install/geometry2:/home/jaboy/ros2_humble/install/tf2_sensor_msgs:/home/jaboy/ros2_humble/install/test_tf2:/home/jaboy/ros2_humble/install/tf2_kdl:/home/jaboy/ros2_humble/install/tf2_geometry_msgs:/home/jaboy/ros2_humble/install/tf2_eigen:/home/jaboy/ros2_humble/install/tf2_bullet:/home/jaboy/ros2_humble/install/tf2_ros:/home/jaboy/ros2_humble/install/tf2_py:/home/jaboy/ros2_humble/install/tf2_msgs:/home/jaboy/ros2_humble/install/test_msgs:/home/jaboy/ros2_humble/install/sros2_cmake:/home/jaboy/ros2_humble/install/ros2cli_common_extensions:/home/jaboy/ros2_humble/install/rqt_py_common:/home/jaboy/ros2_humble/install/rosbag2_storage_mcap_testdata:/home/jaboy/ros2_humble/install/ros_testing:/home/jaboy/ros2_humble/install/ros2cli_test_interfaces:/home/jaboy/ros2_humble/install/quality_of_service_demo_cpp:/home/jaboy/ros2_humble/install/image_transport:/home/jaboy/ros2_humble/install/message_filters:/home/jaboy/ros2_humble/install/demo_nodes_cpp:/home/jaboy/ros2_humble/install/composition:/home/jaboy/ros2_humble/install/laser_geometry:/home/jaboy/ros2_humble/install/rclpy:/home/jaboy/ros2_humble/install/examples_rclcpp_minimal_action_server:/home/jaboy/ros2_humble/install/examples_rclcpp_minimal_action_client:/home/jaboy/ros2_humble/install/action_tutorials_cpp:/home/jaboy/ros2_humble/install/rclcpp_action:/home/jaboy/ros2_humble/install/rcl_action:/home/jaboy/ros2_humble/install/examples_rclcpp_wait_set:/home/jaboy/ros2_humble/install/examples_rclcpp_minimal_service:/home/jaboy/ros2_humble/install/examples_rclcpp_minimal_client:/home/jaboy/ros2_humble/install/examples_rclcpp_async_client:/home/jaboy/ros2_humble/install/example_interfaces:/home/jaboy/ros2_humble/install/action_tutorials_interfaces:/home/jaboy/ros2_humble/install/action_msgs:/home/jaboy/ros2_humble/install/unique_identifier_msgs:/home/jaboy/ros2_humble/install/ament_lint_common:/home/jaboy/ros2_humble/install/ament_cmake_uncrustify:/home/jaboy/ros2_humble/install/uncrustify_vendor:/home/jaboy/ros2_humble/install/trajectory_msgs:/home/jaboy/ros2_humble/install/topic_statistics_demo:/home/jaboy/ros2_humble/install/pendulum_control:/home/jaboy/ros2_humble/install/tlsf_cpp:/home/jaboy/ros2_humble/install/test_tracetools:/home/jaboy/ros2_humble/install/rqt_gui_cpp:/home/jaboy/ros2_humble/install/rosbag2_test_common:/home/jaboy/ros2_humble/install/ros2lifecycle_test_fixtures:/home/jaboy/ros2_humble/install/lifecycle:/home/jaboy/ros2_humble/install/logging_demo:/home/jaboy/ros2_humble/install/image_tools:/home/jaboy/ros2_humble/install/examples_rclcpp_minimal_subscriber:/home/jaboy/ros2_humble/install/examples_rclcpp_minimal_composition:/home/jaboy/ros2_humble/install/demo_nodes_cpp_native:/home/jaboy/ros2_humble/install/rclcpp_components:/home/jaboy/ros2_humble/install/intra_process_demo:/home/jaboy/ros2_humble/install/examples_rclcpp_multithreaded_executor:/home/jaboy/ros2_humble/install/examples_rclcpp_minimal_timer:/home/jaboy/ros2_humble/install/examples_rclcpp_minimal_publisher:/home/jaboy/ros2_humble/install/dummy_sensors:/home/jaboy/ros2_humble/install/dummy_map_server:/home/jaboy/ros2_humble/install/rclcpp:/home/jaboy/ros2_humble/install/rcl_lifecycle:/home/jaboy/ros2_humble/install/libstatistics_collector:/home/jaboy/ros2_humble/install/rcl:/home/jaboy/ros2_humble/install/rmw_implementation:/home/jaboy/ros2_humble/install/rmw_fastrtps_dynamic_cpp:/home/jaboy/ros2_humble/install/rmw_fastrtps_cpp:/home/jaboy/ros2_humble/install/rmw_fastrtps_shared_cpp:/home/jaboy/ros2_humble/install/rmw_cyclonedds_cpp:/home/jaboy/ros2_humble/install/tracetools:/home/jaboy/ros2_humble/install/tlsf:/home/jaboy/ros2_humble/install/tinyxml_vendor:/home/jaboy/ros2_humble/install/qt_gui_core:/home/jaboy/ros2_humble/install/qt_gui_cpp:/home/jaboy/ros2_humble/install/pluginlib:/home/jaboy/ros2_humble/install/tinyxml2_vendor:/home/jaboy/ros2_humble/install/tf2_eigen_kdl:/home/jaboy/ros2_humble/install/tf2:/home/jaboy/ros2_humble/install/test_security:/home/jaboy/ros2_humble/install/test_rmw_implementation:/home/jaboy/ros2_humble/install/test_rclcpp:/home/jaboy/ros2_humble/install/test_quality_of_service:/home/jaboy/ros2_humble/install/test_launch_testing:/home/jaboy/ros2_humble/install/test_interface_files:/home/jaboy/ros2_humble/install/test_communication:/home/jaboy/ros2_humble/install/test_cli_remapping:/home/jaboy/ros2_humble/install/test_cli:/home/jaboy/ros2_humble/install/qt_gui_app:/home/jaboy/ros2_humble/install/qt_gui:/home/jaboy/ros2_humble/install/tango_icons_vendor:/home/jaboy/ros2_humble/install/stereo_msgs:/home/jaboy/ros2_humble/install/std_srvs:/home/jaboy/ros2_humble/install/shape_msgs:/home/jaboy/ros2_humble/install/map_msgs:/home/jaboy/ros2_humble/install/sensor_msgs:/home/jaboy/ros2_humble/install/nav_msgs:/home/jaboy/ros2_humble/install/diagnostic_msgs:/home/jaboy/ros2_humble/install/geometry_msgs:/home/jaboy/ros2_humble/install/actionlib_msgs:/home/jaboy/ros2_humble/install/std_msgs:/home/jaboy/ros2_humble/install/statistics_msgs:/home/jaboy/ros2_humble/install/sqlite3_vendor:/home/jaboy/ros2_humble/install/rcl_logging_spdlog:/home/jaboy/ros2_humble/install/spdlog_vendor:/home/jaboy/ros2_humble/install/shared_queues_vendor:/home/jaboy/ros2_humble/install/rviz_rendering_tests:/home/jaboy/ros2_humble/install/rviz_rendering:/home/jaboy/ros2_humble/install/rviz_ogre_vendor:/home/jaboy/ros2_humble/install/rviz_assimp_vendor:/home/jaboy/ros2_humble/install/rttest:/home/jaboy/ros2_humble/install/rmw_connextddsmicro:/home/jaboy/ros2_humble/install/rmw_connextdds:/home/jaboy/ros2_humble/install/rmw_connextdds_common:/home/jaboy/ros2_humble/install/rti_connext_dds_cmake_module:/home/jaboy/ros2_humble/install/rosgraph_msgs:/home/jaboy/ros2_humble/install/rosbag2_interfaces:/home/jaboy/ros2_humble/install/rmw_dds_common:/home/jaboy/ros2_humble/install/composition_interfaces:/home/jaboy/ros2_humble/install/rcl_interfaces:/home/jaboy/ros2_humble/install/pendulum_msgs:/home/jaboy/ros2_humble/install/lifecycle_msgs:/home/jaboy/ros2_humble/install/builtin_interfaces:/home/jaboy/ros2_humble/install/rosidl_default_runtime:/home/jaboy/ros2_humble/install/rosidl_default_generators:/home/jaboy/ros2_humble/install/rosidl_generator_py:/home/jaboy/ros2_humble/install/rosidl_typesupport_introspection_tests:/home/jaboy/ros2_humble/install/rosidl_typesupport_cpp:/home/jaboy/ros2_humble/install/rosidl_typesupport_introspection_cpp:/home/jaboy/ros2_humble/install/rosidl_typesupport_c:/home/jaboy/ros2_humble/install/rosidl_typesupport_introspection_c:/home/jaboy/ros2_humble/install/rosidl_typesupport_fastrtps_c:/home/jaboy/ros2_humble/install/rosidl_typesupport_fastrtps_cpp:/home/jaboy/ros2_humble/install/rosidl_generator_cpp:/home/jaboy/ros2_humble/install/rosidl_runtime_cpp:/home/jaboy/ros2_humble/install/rcl_yaml_param_parser:/home/jaboy/ros2_humble/install/rmw:/home/jaboy/ros2_humble/install/rosidl_runtime_c:/home/jaboy/ros2_humble/install/rosidl_generator_c:/home/jaboy/ros2_humble/install/rosidl_typesupport_interface:/home/jaboy/ros2_humble/install/rosidl_generator_dds_idl:/home/jaboy/ros2_humble/install/rosidl_cmake:/home/jaboy/ros2_humble/install/rosidl_parser:/home/jaboy/ros2_humble/install/rosidl_adapter:/home/jaboy/ros2_humble/install/rosbag2_tests:/home/jaboy/ros2_humble/install/ros_environment:/home/jaboy/ros2_humble/install/rmw_implementation_cmake:/home/jaboy/ros2_humble/install/resource_retriever:/home/jaboy/ros2_humble/install/class_loader:/home/jaboy/ros2_humble/install/rcpputils:/home/jaboy/ros2_humble/install/rcl_logging_noop:/home/jaboy/ros2_humble/install/rcl_logging_interface:/home/jaboy/ros2_humble/install/rcutils:/home/jaboy/ros2_humble/install/qt_gui_py_common:/home/jaboy/ros2_humble/install/qt_dotgraph:/home/jaboy/ros2_humble/install/python_qt_binding:/home/jaboy/ros2_humble/install/python_orocos_kdl_vendor:/home/jaboy/ros2_humble/install/launch_testing_ament_cmake:/home/jaboy/ros2_humble/install/python_cmake_module:/home/jaboy/ros2_humble/install/pybind11_vendor:/home/jaboy/ros2_humble/install/performance_test_fixture:/home/jaboy/ros2_humble/install/osrf_testing_tools_cpp:/home/jaboy/ros2_humble/install/orocos_kdl_vendor:/home/jaboy/ros2_humble/install/mimick_vendor:/home/jaboy/ros2_humble/install/libyaml_vendor:/home/jaboy/ros2_humble/install/libcurl_vendor:/home/jaboy/ros2_humble/install/keyboard_handler:/home/jaboy/ros2_humble/install/iceoryx_introspection:/home/jaboy/ros2_humble/install/cyclonedds:/home/jaboy/ros2_humble/install/iceoryx_posh:/home/jaboy/ros2_humble/install/iceoryx_hoofs:/home/jaboy/ros2_humble/install/iceoryx_binding_c:/home/jaboy/ros2_humble/install/ament_cmake_ros:/home/jaboy/ros2_humble/install/ament_cmake_auto:/home/jaboy/ros2_humble/install/ament_cmake_gmock:/home/jaboy/ros2_humble/install/gmock_vendor:/home/jaboy/ros2_humble/install/ament_cmake_gtest:/home/jaboy/ros2_humble/install/gtest_vendor:/home/jaboy/ros2_humble/install/ament_cmake_google_benchmark:/home/jaboy/ros2_humble/install/google_benchmark_vendor:/home/jaboy/ros2_humble/install/fastrtps:/home/jaboy/ros2_humble/install/foonathan_memory_vendor:/home/jaboy/ros2_humble/install/fastrtps_cmake_module:/home/jaboy/ros2_humble/install/fastcdr:/home/jaboy/ros2_humble/install/eigen3_cmake_module:/home/jaboy/ros2_humble/install/console_bridge_vendor:/home/jaboy/ros2_humble/install/ament_cmake_xmllint:/home/jaboy/ros2_humble/install/ament_cmake_pyflakes:/home/jaboy/ros2_humble/install/ament_cmake_pycodestyle:/home/jaboy/ros2_humble/install/ament_cmake_pep257:/home/jaboy/ros2_humble/install/ament_cmake_pclint:/home/jaboy/ros2_humble/install/ament_lint_auto:/home/jaboy/ros2_humble/install/ament_cmake:/home/jaboy/ros2_humble/install/ament_cmake_version:/home/jaboy/ros2_humble/install/ament_cmake_vendor_package:/home/jaboy/ros2_humble/install/ament_cmake_pytest:/home/jaboy/ros2_humble/install/ament_cmake_nose:/home/jaboy/ros2_humble/install/ament_cmake_mypy:/home/jaboy/ros2_humble/install/ament_cmake_lint_cmake:/home/jaboy/ros2_humble/install/ament_cmake_flake8:/home/jaboy/ros2_humble/install/ament_cmake_cpplint:/home/jaboy/ros2_humble/install/ament_cmake_cppcheck:/home/jaboy/ros2_humble/install/ament_cmake_copyright:/home/jaboy/ros2_humble/install/ament_cmake_clang_tidy:/home/jaboy/ros2_humble/install/ament_cmake_clang_format:/home/jaboy/ros2_humble/install/ament_cmake_test:/home/jaboy/ros2_humble/install/ament_cmake_target_dependencies:/home/jaboy/ros2_humble/install/ament_cmake_python:/home/jaboy/ros2_humble/install/ament_cmake_export_dependencies:/home/jaboy/ros2_humble/install/ament_cmake_libraries:/home/jaboy/ros2_humble/install/ament_cmake_include_directories:/home/jaboy/ros2_humble/install/ament_cmake_gen_version_h:/home/jaboy/ros2_humble/install/ament_cmake_export_targets:/home/jaboy/ros2_humble/install/ament_cmake_export_link_flags:/home/jaboy/ros2_humble/install/ament_cmake_export_interfaces:/home/jaboy/ros2_humble/install/ament_cmake_export_libraries:/home/jaboy/ros2_humble/install/ament_cmake_export_include_directories:/home/jaboy/ros2_humble/install/ament_cmake_export_definitions:/home/jaboy/ros2_humble/install/ament_cmake_core:/home/jaboy/ros2_humble/install/ament_index_cpp:/home/jaboy/ros2_ws/install/quat_to_euler:/home/jaboy/ros2_ws/install/hw3-kinematics:/home/jaboy/ros2_ws/install/examples_rclcpp_wait_set:/home/jaboy/ros2_ws/install/examples_rclcpp_multithreaded_executor:/home/jaboy/ros2_ws/install/examples_rclcpp_minimal_timer:/home/jaboy/ros2_ws/install/examples_rclcpp_minimal_subscriber:/home/jaboy/ros2_ws/install/examples_rclcpp_minimal_service:/home/jaboy/ros2_ws/install/examples_rclcpp_minimal_publisher:/home/jaboy/ros2_ws/install/examples_rclcpp_minimal_composition:/home/jaboy/ros2_ws/install/examples_rclcpp_minimal_client:/home/jaboy/ros2_ws/install/examples_rclcpp_minimal_action_server:/home/jaboy/ros2_ws/install/examples_rclcpp_minimal_action_client:/home/jaboy/ros2_ws/install/examples_rclcpp_cbg_executor:/home/jaboy/ros2_ws/install/examples_rclcpp_async_client:/home/jaboy/Documents/RBE500_Project/RBE500_Project/install/inverse_kinematics:/home/jaboy/Documents/RBE500_Project/RBE500_Project/install/forward_kinematics:/home/jaboy/Documents/RBE500_Project/RBE500_Project/install/control:/home/jaboy/ros2_humble/install/rqt_bag_plugins:/home/jaboy/ros2_humble/install/rqt_bag:/home/jaboy/ros2_humble/install/launch_testing_examples:/home/jaboy/ros2_humble/install/ros2bag:/home/jaboy/ros2_humble/install/tracetools_test:/home/jaboy/ros2_humble/install/tracetools_launch:/home/jaboy/ros2_humble/install/topic_monitor:/home/jaboy/ros2_humble/install/tf2_tools:/home/jaboy/ros2_humble/install/examples_tf2_py:/home/jaboy/ros2_humble/install/tf2_ros_py:/home/jaboy/ros2_humble/install/sros2:/home/jaboy/ros2_humble/install/rqt_topic:/home/jaboy/ros2_humble/install/rqt_srv:/home/jaboy/ros2_humble/install/rqt_shell:/home/jaboy/ros2_humble/install/rqt_service_caller:/home/jaboy/ros2_humble/install/rqt_reconfigure:/home/jaboy/ros2_humble/install/rqt_py_console:/home/jaboy/ros2_humble/install/rqt_publisher:/home/jaboy/ros2_humble/install/rqt_plot:/home/jaboy/ros2_humble/install/rqt_action:/home/jaboy/ros2_humble/install/rqt_msg:/home/jaboy/ros2_humble/install/rqt_console:/home/jaboy/ros2_humble/install/rqt:/home/jaboy/ros2_humble/install/rqt_graph:/home/jaboy/ros2_humble/install/rqt_gui_py:/home/jaboy/ros2_humble/install/rqt_gui:/home/jaboy/ros2_humble/install/ros2trace:/home/jaboy/ros2_humble/install/ros2topic:/home/jaboy/ros2_humble/install/ros2test:/home/jaboy/ros2_humble/install/ros2component:/home/jaboy/ros2_humble/install/ros2param:/home/jaboy/ros2_humble/install/ros2lifecycle:/home/jaboy/ros2_humble/install/ros2service:/home/jaboy/ros2_humble/install/ros2run:/home/jaboy/ros2_humble/install/ros2launch:/home/jaboy/ros2_humble/install/ros2pkg:/home/jaboy/ros2_humble/install/ros2node:/home/jaboy/ros2_humble/install/ros2multicast:/home/jaboy/ros2_humble/install/ros2interface:/home/jaboy/ros2_humble/install/ros2doctor:/home/jaboy/ros2_humble/install/ros2action:/home/jaboy/ros2_humble/install/ros2cli:/home/jaboy/ros2_humble/install/quality_of_service_demo_py:/home/jaboy/ros2_humble/install/lifecycle_py:/home/jaboy/ros2_humble/install/launch_testing_ros:/home/jaboy/ros2_humble/install/launch_ros:/home/jaboy/ros2_humble/install/examples_rclpy_pointcloud_publisher:/home/jaboy/ros2_humble/install/examples_rclpy_minimal_subscriber:/home/jaboy/ros2_humble/install/examples_rclpy_minimal_service:/home/jaboy/ros2_humble/install/examples_rclpy_minimal_publisher:/home/jaboy/ros2_humble/install/examples_rclpy_minimal_client:/home/jaboy/ros2_humble/install/examples_rclpy_minimal_action_server:/home/jaboy/ros2_humble/install/examples_rclpy_minimal_action_client:/home/jaboy/ros2_humble/install/examples_rclpy_guard_conditions:/home/jaboy/ros2_humble/install/examples_rclpy_executors:/home/jaboy/ros2_humble/install/demo_nodes_py:/home/jaboy/ros2_humble/install/camera_info_manager_py:/home/jaboy/ros2_humble/install/action_tutorials_py:/home/jaboy/ros2_humble/install/ament_uncrustify:/home/jaboy/ros2_humble/install/tracetools_trace:/home/jaboy/ros2_humble/install/tracetools_read:/home/jaboy/ros2_humble/install/rclcpp_lifecycle:/home/jaboy/ros2_humble/install/examples_rclcpp_cbg_executor:/home/jaboy/ros2_humble/install/test_tracetools_launch:/home/jaboy/ros2_humble/install/test_launch_ros:/home/jaboy/ros2_humble/install/sensor_msgs_py:/home/jaboy/ros2_humble/install/rpyutils:/home/jaboy/ros2_humble/install/rosidl_runtime_py:/home/jaboy/ros2_humble/install/rosidl_cli:/home/jaboy/ros2_humble/install/launch_pytest:/home/jaboy/ros2_humble/install/launch_testing:/home/jaboy/ros2_humble/install/launch_yaml:/home/jaboy/ros2_humble/install/launch_xml:/home/jaboy/ros2_humble/install/launch:/home/jaboy/ros2_humble/install/osrf_pycommon:/home/jaboy/ros2_humble/install/domain_coordinator:/home/jaboy/ros2_humble/install/ament_xmllint:/home/jaboy/ros2_humble/install/ament_pyflakes:/home/jaboy/ros2_humble/install/ament_pycodestyle:/home/jaboy/ros2_humble/install/ament_pep257:/home/jaboy/ros2_humble/install/ament_pclint:/home/jaboy/ros2_humble/install/ament_package:/home/jaboy/ros2_humble/install/ament_mypy:/home/jaboy/ros2_humble/install/ament_lint_cmake:/home/jaboy/ros2_humble/install/ament_flake8:/home/jaboy/ros2_humble/install/ament_copyright:/home/jaboy/ros2_humble/install/ament_lint:/home/jaboy/ros2_humble/install/ament_index_python:/home/jaboy/ros2_humble/install/ament_cpplint:/home/jaboy/ros2_humble/install/ament_cppcheck:/home/jaboy/ros2_humble/install/ament_clang_tidy:/home/jaboy/ros2_humble/install/ament_clang_format:/home/jaboy/ros2_ws/install/launch_testing_examples:/home/jaboy/ros2_ws/install/examples_rclpy_pointcloud_publisher:/home/jaboy/ros2_ws/install/examples_rclpy_minimal_subscriber:/home/jaboy/ros2_ws/install/examples_rclpy_minimal_service:/home/jaboy/ros2_ws/install/examples_rclpy_minimal_publisher:/home/jaboy/ros2_ws/install/examples_rclpy_minimal_client:/home/jaboy/ros2_ws/install/examples_rclpy_minimal_action_server:/home/jaboy/ros2_ws/install/examples_rclpy_minimal_action_client:/home/jaboy/ros2_ws/install/examples_rclpy_guard_conditions:/home/jaboy/ros2_ws/install/examples_rclpy_executors:/opt/ros/humble IGN_GAZEBO_RESOURCE_PATH=/home/jaboy/Documents/RBE500_Project/RBE500_Project/install/ros_gz_example_description/share/ros_gz_example_description/models:${IGN_GAZEBO_RESOURCE_PATH} /usr/bin/cmake --build /home/jaboy/Documents/RBE500_Project/RBE500_Project/build/ros_gz_example_gazebo -- -j16 -l16
[1.958s] Level 1:colcon.colcon_core.environment:create_environment_scripts_only(ros_gz_example_application)
[1.959s] Level 1:colcon.colcon_core.environment:checking '/home/jaboy/Documents/RBE500_Project/RBE500_Project/install/ros_gz_example_application' for CMake module files
[1.959s] DEBUG:colcon.colcon_core.event_handler.log_command:Invoked command in '/home/jaboy/Documents/RBE500_Project/RBE500_Project/build/ros_gz_example_application' returned '0': CMAKE_PREFIX_PATH=${CMAKE_PREFIX_PATH}:/home/jaboy/Documents/RBE500_Project/RBE500_Project/install/inverse_kinematics:/home/jaboy/Documents/RBE500_Project/RBE500_Project/install/forward_kinematics:/home/jaboy/Documents/RBE500_Project/RBE500_Project/install/control:/home/jaboy/ros2_humble/install/rqt_bag_plugins:/home/jaboy/ros2_humble/install/rqt_bag:/home/jaboy/ros2_humble/install/launch_testing_examples:/home/jaboy/ros2_humble/install/ros2bag:/home/jaboy/ros2_humble/install/tracetools_test:/home/jaboy/ros2_humble/install/tracetools_launch:/home/jaboy/ros2_humble/install/topic_monitor:/home/jaboy/ros2_humble/install/tf2_tools:/home/jaboy/ros2_humble/install/examples_tf2_py:/home/jaboy/ros2_humble/install/tf2_ros_py:/home/jaboy/ros2_humble/install/sros2:/home/jaboy/ros2_humble/install/rqt_topic:/home/jaboy/ros2_humble/install/rqt_srv:/home/jaboy/ros2_humble/install/rqt_shell:/home/jaboy/ros2_humble/install/rqt_service_caller:/home/jaboy/ros2_humble/install/rqt_reconfigure:/home/jaboy/ros2_humble/install/rqt_py_console:/home/jaboy/ros2_humble/install/rqt_publisher:/home/jaboy/ros2_humble/install/rqt_plot:/home/jaboy/ros2_humble/install/rqt_action:/home/jaboy/ros2_humble/install/rqt_msg:/home/jaboy/ros2_humble/install/rqt_console:/home/jaboy/ros2_humble/install/rqt:/home/jaboy/ros2_humble/install/rqt_graph:/home/jaboy/ros2_humble/install/rqt_gui_py:/home/jaboy/ros2_humble/install/rqt_gui:/home/jaboy/ros2_humble/install/ros2trace:/home/jaboy/ros2_humble/install/ros2topic:/home/jaboy/ros2_humble/install/ros2test:/home/jaboy/ros2_humble/install/ros2component:/home/jaboy/ros2_humble/install/ros2param:/home/jaboy/ros2_humble/install/ros2lifecycle:/home/jaboy/ros2_humble/install/ros2service:/home/jaboy/ros2_humble/install/ros2run:/home/jaboy/ros2_humble/install/ros2launch:/home/jaboy/ros2_humble/install/ros2pkg:/home/jaboy/ros2_humble/install/ros2node:/home/jaboy/ros2_humble/install/ros2multicast:/home/jaboy/ros2_humble/install/ros2interface:/home/jaboy/ros2_humble/install/ros2doctor:/home/jaboy/ros2_humble/install/ros2action:/home/jaboy/ros2_humble/install/ros2cli:/home/jaboy/ros2_humble/install/quality_of_service_demo_py:/home/jaboy/ros2_humble/install/lifecycle_py:/home/jaboy/ros2_humble/install/launch_testing_ros:/home/jaboy/ros2_humble/install/launch_ros:/home/jaboy/ros2_humble/install/examples_rclpy_pointcloud_publisher:/home/jaboy/ros2_humble/install/examples_rclpy_minimal_subscriber:/home/jaboy/ros2_humble/install/examples_rclpy_minimal_service:/home/jaboy/ros2_humble/install/examples_rclpy_minimal_publisher:/home/jaboy/ros2_humble/install/examples_rclpy_minimal_client:/home/jaboy/ros2_humble/install/examples_rclpy_minimal_action_server:/home/jaboy/ros2_humble/install/examples_rclpy_minimal_action_client:/home/jaboy/ros2_humble/install/examples_rclpy_guard_conditions:/home/jaboy/ros2_humble/install/examples_rclpy_executors:/home/jaboy/ros2_humble/install/demo_nodes_py:/home/jaboy/ros2_humble/install/camera_info_manager_py:/home/jaboy/ros2_humble/install/action_tutorials_py:/home/jaboy/ros2_humble/install/ament_uncrustify:/home/jaboy/ros2_humble/install/tracetools_trace:/home/jaboy/ros2_humble/install/tracetools_read:/home/jaboy/ros2_humble/install/rclcpp_lifecycle:/home/jaboy/ros2_humble/install/examples_rclcpp_cbg_executor:/home/jaboy/ros2_humble/install/test_tracetools_launch:/home/jaboy/ros2_humble/install/test_launch_ros:/home/jaboy/ros2_humble/install/sensor_msgs_py:/home/jaboy/ros2_humble/install/rpyutils:/home/jaboy/ros2_humble/install/rosidl_runtime_py:/home/jaboy/ros2_humble/install/rosidl_cli:/home/jaboy/ros2_humble/install/launch_pytest:/home/jaboy/ros2_humble/install/launch_testing:/home/jaboy/ros2_humble/install/launch_yaml:/home/jaboy/ros2_humble/install/launch_xml:/home/jaboy/ros2_humble/install/launch:/home/jaboy/ros2_humble/install/osrf_pycommon:/home/jaboy/ros2_humble/install/domain_coordinator:/home/jaboy/ros2_humble/install/ament_xmllint:/home/jaboy/ros2_humble/install/ament_pyflakes:/home/jaboy/ros2_humble/install/ament_pycodestyle:/home/jaboy/ros2_humble/install/ament_pep257:/home/jaboy/ros2_humble/install/ament_pclint:/home/jaboy/ros2_humble/install/ament_package:/home/jaboy/ros2_humble/install/ament_mypy:/home/jaboy/ros2_humble/install/ament_lint_cmake:/home/jaboy/ros2_humble/install/ament_flake8:/home/jaboy/ros2_humble/install/ament_copyright:/home/jaboy/ros2_humble/install/ament_lint:/home/jaboy/ros2_humble/install/ament_index_python:/home/jaboy/ros2_humble/install/ament_cpplint:/home/jaboy/ros2_humble/install/ament_cppcheck:/home/jaboy/ros2_humble/install/ament_clang_tidy:/home/jaboy/ros2_humble/install/ament_clang_format:/home/jaboy/ros2_ws/install/launch_testing_examples:/home/jaboy/ros2_ws/install/examples_rclpy_pointcloud_publisher:/home/jaboy/ros2_ws/install/examples_rclpy_minimal_subscriber:/home/jaboy/ros2_ws/install/examples_rclpy_minimal_service:/home/jaboy/ros2_ws/install/examples_rclpy_minimal_publisher:/home/jaboy/ros2_ws/install/examples_rclpy_minimal_client:/home/jaboy/ros2_ws/install/examples_rclpy_minimal_action_server:/home/jaboy/ros2_ws/install/examples_rclpy_minimal_action_client:/home/jaboy/ros2_ws/install/examples_rclpy_guard_conditions:/home/jaboy/ros2_ws/install/examples_rclpy_executors:/opt/ros/humble /usr/bin/cmake --install /home/jaboy/Documents/RBE500_Project/RBE500_Project/build/ros_gz_example_application
[1.960s] Level 1:colcon.colcon_core.environment:checking '/home/jaboy/Documents/RBE500_Project/RBE500_Project/install/ros_gz_example_application' for CMake config files
[1.960s] Level 1:colcon.colcon_core.shell:create_environment_hook('ros_gz_example_application', 'cmake_prefix_path')
[1.961s] INFO:colcon.colcon_core.shell:Creating environment hook '/home/jaboy/Documents/RBE500_Project/RBE500_Project/install/ros_gz_example_application/share/ros_gz_example_application/hook/cmake_prefix_path.ps1'
[1.961s] INFO:colcon.colcon_core.shell:Creating environment descriptor '/home/jaboy/Documents/RBE500_Project/RBE500_Project/install/ros_gz_example_application/share/ros_gz_example_application/hook/cmake_prefix_path.dsv'
[1.962s] INFO:colcon.colcon_core.shell:Creating environment hook '/home/jaboy/Documents/RBE500_Project/RBE500_Project/install/ros_gz_example_application/share/ros_gz_example_application/hook/cmake_prefix_path.sh'
[1.962s] Level 1:colcon.colcon_core.environment:checking '/home/jaboy/Documents/RBE500_Project/RBE500_Project/install/ros_gz_example_application/bin'
[1.962s] Level 1:colcon.colcon_core.environment:checking '/home/jaboy/Documents/RBE500_Project/RBE500_Project/install/ros_gz_example_application/lib/pkgconfig/ros_gz_example_application.pc'
[1.963s] Level 1:colcon.colcon_core.environment:checking '/home/jaboy/Documents/RBE500_Project/RBE500_Project/install/ros_gz_example_application/lib/python3.10/site-packages'
[1.963s] Level 1:colcon.colcon_core.environment:checking '/home/jaboy/Documents/RBE500_Project/RBE500_Project/install/ros_gz_example_application/bin'
[1.963s] INFO:colcon.colcon_core.shell:Creating package script '/home/jaboy/Documents/RBE500_Project/RBE500_Project/install/ros_gz_example_application/share/ros_gz_example_application/package.ps1'
[1.964s] INFO:colcon.colcon_core.shell:Creating package descriptor '/home/jaboy/Documents/RBE500_Project/RBE500_Project/install/ros_gz_example_application/share/ros_gz_example_application/package.dsv'
[1.964s] INFO:colcon.colcon_core.shell:Creating package script '/home/jaboy/Documents/RBE500_Project/RBE500_Project/install/ros_gz_example_application/share/ros_gz_example_application/package.sh'
[1.965s] INFO:colcon.colcon_core.shell:Creating package script '/home/jaboy/Documents/RBE500_Project/RBE500_Project/install/ros_gz_example_application/share/ros_gz_example_application/package.bash'
[1.965s] INFO:colcon.colcon_core.shell:Creating package script '/home/jaboy/Documents/RBE500_Project/RBE500_Project/install/ros_gz_example_application/share/ros_gz_example_application/package.zsh'
[1.965s] Level 1:colcon.colcon_core.environment:create_file_with_runtime_dependencies(/home/jaboy/Documents/RBE500_Project/RBE500_Project/install/ros_gz_example_application/share/colcon-core/packages/ros_gz_example_application)
[1.966s] Level 1:colcon.colcon_core.environment:create_environment_scripts_only(ros_gz_example_application)
[1.966s] Level 1:colcon.colcon_core.environment:checking '/home/jaboy/Documents/RBE500_Project/RBE500_Project/install/ros_gz_example_application' for CMake module files
[1.967s] Level 1:colcon.colcon_core.environment:checking '/home/jaboy/Documents/RBE500_Project/RBE500_Project/install/ros_gz_example_application' for CMake config files
[1.967s] Level 1:colcon.colcon_core.shell:create_environment_hook('ros_gz_example_application', 'cmake_prefix_path')
[1.967s] INFO:colcon.colcon_core.shell:Creating environment hook '/home/jaboy/Documents/RBE500_Project/RBE500_Project/install/ros_gz_example_application/share/ros_gz_example_application/hook/cmake_prefix_path.ps1'
[1.968s] INFO:colcon.colcon_core.shell:Creating environment descriptor '/home/jaboy/Documents/RBE500_Project/RBE500_Project/install/ros_gz_example_application/share/ros_gz_example_application/hook/cmake_prefix_path.dsv'
[1.968s] INFO:colcon.colcon_core.shell:Creating environment hook '/home/jaboy/Documents/RBE500_Project/RBE500_Project/install/ros_gz_example_application/share/ros_gz_example_application/hook/cmake_prefix_path.sh'
[1.969s] Level 1:colcon.colcon_core.environment:checking '/home/jaboy/Documents/RBE500_Project/RBE500_Project/install/ros_gz_example_application/bin'
[1.969s] Level 1:colcon.colcon_core.environment:checking '/home/jaboy/Documents/RBE500_Project/RBE500_Project/install/ros_gz_example_application/lib/pkgconfig/ros_gz_example_application.pc'
[1.969s] Level 1:colcon.colcon_core.environment:checking '/home/jaboy/Documents/RBE500_Project/RBE500_Project/install/ros_gz_example_application/lib/python3.10/site-packages'
[1.969s] Level 1:colcon.colcon_core.environment:checking '/home/jaboy/Documents/RBE500_Project/RBE500_Project/install/ros_gz_example_application/bin'
[1.970s] INFO:colcon.colcon_core.shell:Creating package script '/home/jaboy/Documents/RBE500_Project/RBE500_Project/install/ros_gz_example_application/share/ros_gz_example_application/package.ps1'
[1.970s] INFO:colcon.colcon_core.shell:Creating package descriptor '/home/jaboy/Documents/RBE500_Project/RBE500_Project/install/ros_gz_example_application/share/ros_gz_example_application/package.dsv'
[1.971s] INFO:colcon.colcon_core.shell:Creating package script '/home/jaboy/Documents/RBE500_Project/RBE500_Project/install/ros_gz_example_application/share/ros_gz_example_application/package.sh'
[1.971s] INFO:colcon.colcon_core.shell:Creating package script '/home/jaboy/Documents/RBE500_Project/RBE500_Project/install/ros_gz_example_application/share/ros_gz_example_application/package.bash'
[1.972s] INFO:colcon.colcon_core.shell:Creating package script '/home/jaboy/Documents/RBE500_Project/RBE500_Project/install/ros_gz_example_application/share/ros_gz_example_application/package.zsh'
[1.972s] Level 1:colcon.colcon_core.environment:create_file_with_runtime_dependencies(/home/jaboy/Documents/RBE500_Project/RBE500_Project/install/ros_gz_example_application/share/colcon-core/packages/ros_gz_example_application)
[2.018s] Level 1:colcon.colcon_core.environment:create_environment_scripts_only(inverse_kin)
[2.018s] Level 1:colcon.colcon_core.environment:checking '/home/jaboy/Documents/RBE500_Project/RBE500_Project/install/inverse_kin' for CMake module files
[2.019s] DEBUG:colcon.colcon_core.event_handler.log_command:Invoked command in '/home/jaboy/Documents/RBE500_Project/RBE500_Project/build/inverse_kin' returned '0': CMAKE_PREFIX_PATH=${CMAKE_PREFIX_PATH}:/home/jaboy/Documents/RBE500_Project/RBE500_Project/install/inverse_kinematics:/home/jaboy/Documents/RBE500_Project/RBE500_Project/install/forward_kinematics:/home/jaboy/Documents/RBE500_Project/RBE500_Project/install/control:/home/jaboy/ros2_humble/install/rqt_bag_plugins:/home/jaboy/ros2_humble/install/rqt_bag:/home/jaboy/ros2_humble/install/launch_testing_examples:/home/jaboy/ros2_humble/install/ros2bag:/home/jaboy/ros2_humble/install/tracetools_test:/home/jaboy/ros2_humble/install/tracetools_launch:/home/jaboy/ros2_humble/install/topic_monitor:/home/jaboy/ros2_humble/install/tf2_tools:/home/jaboy/ros2_humble/install/examples_tf2_py:/home/jaboy/ros2_humble/install/tf2_ros_py:/home/jaboy/ros2_humble/install/sros2:/home/jaboy/ros2_humble/install/rqt_topic:/home/jaboy/ros2_humble/install/rqt_srv:/home/jaboy/ros2_humble/install/rqt_shell:/home/jaboy/ros2_humble/install/rqt_service_caller:/home/jaboy/ros2_humble/install/rqt_reconfigure:/home/jaboy/ros2_humble/install/rqt_py_console:/home/jaboy/ros2_humble/install/rqt_publisher:/home/jaboy/ros2_humble/install/rqt_plot:/home/jaboy/ros2_humble/install/rqt_action:/home/jaboy/ros2_humble/install/rqt_msg:/home/jaboy/ros2_humble/install/rqt_console:/home/jaboy/ros2_humble/install/rqt:/home/jaboy/ros2_humble/install/rqt_graph:/home/jaboy/ros2_humble/install/rqt_gui_py:/home/jaboy/ros2_humble/install/rqt_gui:/home/jaboy/ros2_humble/install/ros2trace:/home/jaboy/ros2_humble/install/ros2topic:/home/jaboy/ros2_humble/install/ros2test:/home/jaboy/ros2_humble/install/ros2component:/home/jaboy/ros2_humble/install/ros2param:/home/jaboy/ros2_humble/install/ros2lifecycle:/home/jaboy/ros2_humble/install/ros2service:/home/jaboy/ros2_humble/install/ros2run:/home/jaboy/ros2_humble/install/ros2launch:/home/jaboy/ros2_humble/install/ros2pkg:/home/jaboy/ros2_humble/install/ros2node:/home/jaboy/ros2_humble/install/ros2multicast:/home/jaboy/ros2_humble/install/ros2interface:/home/jaboy/ros2_humble/install/ros2doctor:/home/jaboy/ros2_humble/install/ros2action:/home/jaboy/ros2_humble/install/ros2cli:/home/jaboy/ros2_humble/install/quality_of_service_demo_py:/home/jaboy/ros2_humble/install/lifecycle_py:/home/jaboy/ros2_humble/install/launch_testing_ros:/home/jaboy/ros2_humble/install/launch_ros:/home/jaboy/ros2_humble/install/examples_rclpy_pointcloud_publisher:/home/jaboy/ros2_humble/install/examples_rclpy_minimal_subscriber:/home/jaboy/ros2_humble/install/examples_rclpy_minimal_service:/home/jaboy/ros2_humble/install/examples_rclpy_minimal_publisher:/home/jaboy/ros2_humble/install/examples_rclpy_minimal_client:/home/jaboy/ros2_humble/install/examples_rclpy_minimal_action_server:/home/jaboy/ros2_humble/install/examples_rclpy_minimal_action_client:/home/jaboy/ros2_humble/install/examples_rclpy_guard_conditions:/home/jaboy/ros2_humble/install/examples_rclpy_executors:/home/jaboy/ros2_humble/install/demo_nodes_py:/home/jaboy/ros2_humble/install/camera_info_manager_py:/home/jaboy/ros2_humble/install/action_tutorials_py:/home/jaboy/ros2_humble/install/ament_uncrustify:/home/jaboy/ros2_humble/install/tracetools_trace:/home/jaboy/ros2_humble/install/tracetools_read:/home/jaboy/ros2_humble/install/rclcpp_lifecycle:/home/jaboy/ros2_humble/install/examples_rclcpp_cbg_executor:/home/jaboy/ros2_humble/install/test_tracetools_launch:/home/jaboy/ros2_humble/install/test_launch_ros:/home/jaboy/ros2_humble/install/sensor_msgs_py:/home/jaboy/ros2_humble/install/rpyutils:/home/jaboy/ros2_humble/install/rosidl_runtime_py:/home/jaboy/ros2_humble/install/rosidl_cli:/home/jaboy/ros2_humble/install/launch_pytest:/home/jaboy/ros2_humble/install/launch_testing:/home/jaboy/ros2_humble/install/launch_yaml:/home/jaboy/ros2_humble/install/launch_xml:/home/jaboy/ros2_humble/install/launch:/home/jaboy/ros2_humble/install/osrf_pycommon:/home/jaboy/ros2_humble/install/domain_coordinator:/home/jaboy/ros2_humble/install/ament_xmllint:/home/jaboy/ros2_humble/install/ament_pyflakes:/home/jaboy/ros2_humble/install/ament_pycodestyle:/home/jaboy/ros2_humble/install/ament_pep257:/home/jaboy/ros2_humble/install/ament_pclint:/home/jaboy/ros2_humble/install/ament_package:/home/jaboy/ros2_humble/install/ament_mypy:/home/jaboy/ros2_humble/install/ament_lint_cmake:/home/jaboy/ros2_humble/install/ament_flake8:/home/jaboy/ros2_humble/install/ament_copyright:/home/jaboy/ros2_humble/install/ament_lint:/home/jaboy/ros2_humble/install/ament_index_python:/home/jaboy/ros2_humble/install/ament_cpplint:/home/jaboy/ros2_humble/install/ament_cppcheck:/home/jaboy/ros2_humble/install/ament_clang_tidy:/home/jaboy/ros2_humble/install/ament_clang_format:/home/jaboy/ros2_ws/install/launch_testing_examples:/home/jaboy/ros2_ws/install/examples_rclpy_pointcloud_publisher:/home/jaboy/ros2_ws/install/examples_rclpy_minimal_subscriber:/home/jaboy/ros2_ws/install/examples_rclpy_minimal_service:/home/jaboy/ros2_ws/install/examples_rclpy_minimal_publisher:/home/jaboy/ros2_ws/install/examples_rclpy_minimal_client:/home/jaboy/ros2_ws/install/examples_rclpy_minimal_action_server:/home/jaboy/ros2_ws/install/examples_rclpy_minimal_action_client:/home/jaboy/ros2_ws/install/examples_rclpy_guard_conditions:/home/jaboy/ros2_ws/install/examples_rclpy_executors:/opt/ros/humble /usr/bin/cmake --install /home/jaboy/Documents/RBE500_Project/RBE500_Project/build/inverse_kin
[2.020s] Level 1:colcon.colcon_core.environment:checking '/home/jaboy/Documents/RBE500_Project/RBE500_Project/install/inverse_kin' for CMake config files
[2.022s] Level 1:colcon.colcon_core.shell:create_environment_hook('inverse_kin', 'cmake_prefix_path')
[2.022s] INFO:colcon.colcon_core.shell:Creating environment hook '/home/jaboy/Documents/RBE500_Project/RBE500_Project/install/inverse_kin/share/inverse_kin/hook/cmake_prefix_path.ps1'
[2.023s] INFO:colcon.colcon_core.shell:Creating environment descriptor '/home/jaboy/Documents/RBE500_Project/RBE500_Project/install/inverse_kin/share/inverse_kin/hook/cmake_prefix_path.dsv'
[2.023s] INFO:colcon.colcon_core.shell:Creating environment hook '/home/jaboy/Documents/RBE500_Project/RBE500_Project/install/inverse_kin/share/inverse_kin/hook/cmake_prefix_path.sh'
[2.024s] Level 1:colcon.colcon_core.environment:checking '/home/jaboy/Documents/RBE500_Project/RBE500_Project/install/inverse_kin/lib'
[2.024s] Level 1:colcon.colcon_core.shell:create_environment_hook('inverse_kin', 'ld_library_path_lib')
[2.024s] INFO:colcon.colcon_core.shell:Creating environment hook '/home/jaboy/Documents/RBE500_Project/RBE500_Project/install/inverse_kin/share/inverse_kin/hook/ld_library_path_lib.ps1'
[2.025s] INFO:colcon.colcon_core.shell:Creating environment descriptor '/home/jaboy/Documents/RBE500_Project/RBE500_Project/install/inverse_kin/share/inverse_kin/hook/ld_library_path_lib.dsv'
[2.025s] INFO:colcon.colcon_core.shell:Creating environment hook '/home/jaboy/Documents/RBE500_Project/RBE500_Project/install/inverse_kin/share/inverse_kin/hook/ld_library_path_lib.sh'
[2.025s] Level 1:colcon.colcon_core.environment:checking '/home/jaboy/Documents/RBE500_Project/RBE500_Project/install/inverse_kin/bin'
[2.026s] Level 1:colcon.colcon_core.environment:checking '/home/jaboy/Documents/RBE500_Project/RBE500_Project/install/inverse_kin/lib/pkgconfig/inverse_kin.pc'
[2.026s] Level 1:colcon.colcon_core.environment:checking '/home/jaboy/Documents/RBE500_Project/RBE500_Project/install/inverse_kin/lib/python3.10/site-packages'
[2.026s] Level 1:colcon.colcon_core.environment:checking '/home/jaboy/Documents/RBE500_Project/RBE500_Project/install/inverse_kin/bin'
[2.026s] INFO:colcon.colcon_core.shell:Creating package script '/home/jaboy/Documents/RBE500_Project/RBE500_Project/install/inverse_kin/share/inverse_kin/package.ps1'
[2.027s] INFO:colcon.colcon_core.shell:Creating package descriptor '/home/jaboy/Documents/RBE500_Project/RBE500_Project/install/inverse_kin/share/inverse_kin/package.dsv'
[2.027s] INFO:colcon.colcon_core.shell:Creating package script '/home/jaboy/Documents/RBE500_Project/RBE500_Project/install/inverse_kin/share/inverse_kin/package.sh'
[2.028s] INFO:colcon.colcon_core.shell:Creating package script '/home/jaboy/Documents/RBE500_Project/RBE500_Project/install/inverse_kin/share/inverse_kin/package.bash'
[2.028s] INFO:colcon.colcon_core.shell:Creating package script '/home/jaboy/Documents/RBE500_Project/RBE500_Project/install/inverse_kin/share/inverse_kin/package.zsh'
[2.029s] Level 1:colcon.colcon_core.environment:create_file_with_runtime_dependencies(/home/jaboy/Documents/RBE500_Project/RBE500_Project/install/inverse_kin/share/colcon-core/packages/inverse_kin)
[2.029s] Level 1:colcon.colcon_core.environment:create_environment_scripts_only(inverse_kin)
[2.030s] Level 1:colcon.colcon_core.environment:checking '/home/jaboy/Documents/RBE500_Project/RBE500_Project/install/inverse_kin' for CMake module files
[2.030s] Level 1:colcon.colcon_core.environment:checking '/home/jaboy/Documents/RBE500_Project/RBE500_Project/install/inverse_kin' for CMake config files
[2.031s] Level 1:colcon.colcon_core.shell:create_environment_hook('inverse_kin', 'cmake_prefix_path')
[2.031s] INFO:colcon.colcon_core.shell:Creating environment hook '/home/jaboy/Documents/RBE500_Project/RBE500_Project/install/inverse_kin/share/inverse_kin/hook/cmake_prefix_path.ps1'
[2.032s] INFO:colcon.colcon_core.shell:Creating environment descriptor '/home/jaboy/Documents/RBE500_Project/RBE500_Project/install/inverse_kin/share/inverse_kin/hook/cmake_prefix_path.dsv'
[2.032s] INFO:colcon.colcon_core.shell:Creating environment hook '/home/jaboy/Documents/RBE500_Project/RBE500_Project/install/inverse_kin/share/inverse_kin/hook/cmake_prefix_path.sh'
[2.033s] Level 1:colcon.colcon_core.environment:checking '/home/jaboy/Documents/RBE500_Project/RBE500_Project/install/inverse_kin/lib'
[2.033s] Level 1:colcon.colcon_core.shell:create_environment_hook('inverse_kin', 'ld_library_path_lib')
[2.033s] INFO:colcon.colcon_core.shell:Creating environment hook '/home/jaboy/Documents/RBE500_Project/RBE500_Project/install/inverse_kin/share/inverse_kin/hook/ld_library_path_lib.ps1'
[2.034s] INFO:colcon.colcon_core.shell:Creating environment descriptor '/home/jaboy/Documents/RBE500_Project/RBE500_Project/install/inverse_kin/share/inverse_kin/hook/ld_library_path_lib.dsv'
[2.034s] INFO:colcon.colcon_core.shell:Creating environment hook '/home/jaboy/Documents/RBE500_Project/RBE500_Project/install/inverse_kin/share/inverse_kin/hook/ld_library_path_lib.sh'
[2.034s] Level 1:colcon.colcon_core.environment:checking '/home/jaboy/Documents/RBE500_Project/RBE500_Project/install/inverse_kin/bin'
[2.035s] Level 1:colcon.colcon_core.environment:checking '/home/jaboy/Documents/RBE500_Project/RBE500_Project/install/inverse_kin/lib/pkgconfig/inverse_kin.pc'
[2.035s] Level 1:colcon.colcon_core.environment:checking '/home/jaboy/Documents/RBE500_Project/RBE500_Project/install/inverse_kin/lib/python3.10/site-packages'
[2.035s] Level 1:colcon.colcon_core.environment:checking '/home/jaboy/Documents/RBE500_Project/RBE500_Project/install/inverse_kin/bin'
[2.035s] INFO:colcon.colcon_core.shell:Creating package script '/home/jaboy/Documents/RBE500_Project/RBE500_Project/install/inverse_kin/share/inverse_kin/package.ps1'
[2.036s] INFO:colcon.colcon_core.shell:Creating package descriptor '/home/jaboy/Documents/RBE500_Project/RBE500_Project/install/inverse_kin/share/inverse_kin/package.dsv'
[2.036s] INFO:colcon.colcon_core.shell:Creating package script '/home/jaboy/Documents/RBE500_Project/RBE500_Project/install/inverse_kin/share/inverse_kin/package.sh'
[2.037s] INFO:colcon.colcon_core.shell:Creating package script '/home/jaboy/Documents/RBE500_Project/RBE500_Project/install/inverse_kin/share/inverse_kin/package.bash'
[2.037s] INFO:colcon.colcon_core.shell:Creating package script '/home/jaboy/Documents/RBE500_Project/RBE500_Project/install/inverse_kin/share/inverse_kin/package.zsh'
[2.038s] Level 1:colcon.colcon_core.environment:create_file_with_runtime_dependencies(/home/jaboy/Documents/RBE500_Project/RBE500_Project/install/inverse_kin/share/colcon-core/packages/inverse_kin)
[2.038s] INFO:colcon.colcon_ros.task.ament_python.build:Building ROS package in '/home/jaboy/Documents/RBE500_Project/RBE500_Project/inverse_kinematics' with build type 'ament_python'
[2.038s] Level 1:colcon.colcon_core.shell:create_environment_hook('inverse_kinematics', 'ament_prefix_path')
[2.039s] INFO:colcon.colcon_core.shell:Creating environment hook '/home/jaboy/Documents/RBE500_Project/RBE500_Project/install/inverse_kinematics/share/inverse_kinematics/hook/ament_prefix_path.ps1'
[2.039s] INFO:colcon.colcon_core.shell:Creating environment descriptor '/home/jaboy/Documents/RBE500_Project/RBE500_Project/install/inverse_kinematics/share/inverse_kinematics/hook/ament_prefix_path.dsv'
[2.040s] INFO:colcon.colcon_core.shell:Creating environment hook '/home/jaboy/Documents/RBE500_Project/RBE500_Project/install/inverse_kinematics/share/inverse_kinematics/hook/ament_prefix_path.sh'
[2.040s] INFO:colcon.colcon_core.shell:Skip shell extension 'powershell' for command environment: Not usable outside of PowerShell
[2.041s] DEBUG:colcon.colcon_core.shell:Skip shell extension 'dsv' for command environment
[2.071s] DEBUG:colcon.colcon_core.event_handler.log_command:Invoked command in '/home/jaboy/Documents/RBE500_Project/RBE500_Project/build/custom_interfaces' returned '0': CMAKE_PREFIX_PATH=${CMAKE_PREFIX_PATH}:/home/jaboy/Documents/RBE500_Project/RBE500_Project/install/inverse_kinematics:/home/jaboy/Documents/RBE500_Project/RBE500_Project/install/forward_kinematics:/home/jaboy/Documents/RBE500_Project/RBE500_Project/install/control:/home/jaboy/ros2_humble/install/rqt_bag_plugins:/home/jaboy/ros2_humble/install/rqt_bag:/home/jaboy/ros2_humble/install/launch_testing_examples:/home/jaboy/ros2_humble/install/ros2bag:/home/jaboy/ros2_humble/install/tracetools_test:/home/jaboy/ros2_humble/install/tracetools_launch:/home/jaboy/ros2_humble/install/topic_monitor:/home/jaboy/ros2_humble/install/tf2_tools:/home/jaboy/ros2_humble/install/examples_tf2_py:/home/jaboy/ros2_humble/install/tf2_ros_py:/home/jaboy/ros2_humble/install/sros2:/home/jaboy/ros2_humble/install/rqt_topic:/home/jaboy/ros2_humble/install/rqt_srv:/home/jaboy/ros2_humble/install/rqt_shell:/home/jaboy/ros2_humble/install/rqt_service_caller:/home/jaboy/ros2_humble/install/rqt_reconfigure:/home/jaboy/ros2_humble/install/rqt_py_console:/home/jaboy/ros2_humble/install/rqt_publisher:/home/jaboy/ros2_humble/install/rqt_plot:/home/jaboy/ros2_humble/install/rqt_action:/home/jaboy/ros2_humble/install/rqt_msg:/home/jaboy/ros2_humble/install/rqt_console:/home/jaboy/ros2_humble/install/rqt:/home/jaboy/ros2_humble/install/rqt_graph:/home/jaboy/ros2_humble/install/rqt_gui_py:/home/jaboy/ros2_humble/install/rqt_gui:/home/jaboy/ros2_humble/install/ros2trace:/home/jaboy/ros2_humble/install/ros2topic:/home/jaboy/ros2_humble/install/ros2test:/home/jaboy/ros2_humble/install/ros2component:/home/jaboy/ros2_humble/install/ros2param:/home/jaboy/ros2_humble/install/ros2lifecycle:/home/jaboy/ros2_humble/install/ros2service:/home/jaboy/ros2_humble/install/ros2run:/home/jaboy/ros2_humble/install/ros2launch:/home/jaboy/ros2_humble/install/ros2pkg:/home/jaboy/ros2_humble/install/ros2node:/home/jaboy/ros2_humble/install/ros2multicast:/home/jaboy/ros2_humble/install/ros2interface:/home/jaboy/ros2_humble/install/ros2doctor:/home/jaboy/ros2_humble/install/ros2action:/home/jaboy/ros2_humble/install/ros2cli:/home/jaboy/ros2_humble/install/quality_of_service_demo_py:/home/jaboy/ros2_humble/install/lifecycle_py:/home/jaboy/ros2_humble/install/launch_testing_ros:/home/jaboy/ros2_humble/install/launch_ros:/home/jaboy/ros2_humble/install/examples_rclpy_pointcloud_publisher:/home/jaboy/ros2_humble/install/examples_rclpy_minimal_subscriber:/home/jaboy/ros2_humble/install/examples_rclpy_minimal_service:/home/jaboy/ros2_humble/install/examples_rclpy_minimal_publisher:/home/jaboy/ros2_humble/install/examples_rclpy_minimal_client:/home/jaboy/ros2_humble/install/examples_rclpy_minimal_action_server:/home/jaboy/ros2_humble/install/examples_rclpy_minimal_action_client:/home/jaboy/ros2_humble/install/examples_rclpy_guard_conditions:/home/jaboy/ros2_humble/install/examples_rclpy_executors:/home/jaboy/ros2_humble/install/demo_nodes_py:/home/jaboy/ros2_humble/install/camera_info_manager_py:/home/jaboy/ros2_humble/install/action_tutorials_py:/home/jaboy/ros2_humble/install/ament_uncrustify:/home/jaboy/ros2_humble/install/tracetools_trace:/home/jaboy/ros2_humble/install/tracetools_read:/home/jaboy/ros2_humble/install/rclcpp_lifecycle:/home/jaboy/ros2_humble/install/examples_rclcpp_cbg_executor:/home/jaboy/ros2_humble/install/test_tracetools_launch:/home/jaboy/ros2_humble/install/test_launch_ros:/home/jaboy/ros2_humble/install/sensor_msgs_py:/home/jaboy/ros2_humble/install/rpyutils:/home/jaboy/ros2_humble/install/rosidl_runtime_py:/home/jaboy/ros2_humble/install/rosidl_cli:/home/jaboy/ros2_humble/install/launch_pytest:/home/jaboy/ros2_humble/install/launch_testing:/home/jaboy/ros2_humble/install/launch_yaml:/home/jaboy/ros2_humble/install/launch_xml:/home/jaboy/ros2_humble/install/launch:/home/jaboy/ros2_humble/install/osrf_pycommon:/home/jaboy/ros2_humble/install/domain_coordinator:/home/jaboy/ros2_humble/install/ament_xmllint:/home/jaboy/ros2_humble/install/ament_pyflakes:/home/jaboy/ros2_humble/install/ament_pycodestyle:/home/jaboy/ros2_humble/install/ament_pep257:/home/jaboy/ros2_humble/install/ament_pclint:/home/jaboy/ros2_humble/install/ament_package:/home/jaboy/ros2_humble/install/ament_mypy:/home/jaboy/ros2_humble/install/ament_lint_cmake:/home/jaboy/ros2_humble/install/ament_flake8:/home/jaboy/ros2_humble/install/ament_copyright:/home/jaboy/ros2_humble/install/ament_lint:/home/jaboy/ros2_humble/install/ament_index_python:/home/jaboy/ros2_humble/install/ament_cpplint:/home/jaboy/ros2_humble/install/ament_cppcheck:/home/jaboy/ros2_humble/install/ament_clang_tidy:/home/jaboy/ros2_humble/install/ament_clang_format:/home/jaboy/ros2_ws/install/launch_testing_examples:/home/jaboy/ros2_ws/install/examples_rclpy_pointcloud_publisher:/home/jaboy/ros2_ws/install/examples_rclpy_minimal_subscriber:/home/jaboy/ros2_ws/install/examples_rclpy_minimal_service:/home/jaboy/ros2_ws/install/examples_rclpy_minimal_publisher:/home/jaboy/ros2_ws/install/examples_rclpy_minimal_client:/home/jaboy/ros2_ws/install/examples_rclpy_minimal_action_server:/home/jaboy/ros2_ws/install/examples_rclpy_minimal_action_client:/home/jaboy/ros2_ws/install/examples_rclpy_guard_conditions:/home/jaboy/ros2_ws/install/examples_rclpy_executors:/opt/ros/humble /usr/bin/cmake --build /home/jaboy/Documents/RBE500_Project/RBE500_Project/build/custom_interfaces -- -j16 -l16
[2.072s] DEBUG:colcon.colcon_core.event_handler.log_command:Invoking command in '/home/jaboy/Documents/RBE500_Project/RBE500_Project/build/custom_interfaces': CMAKE_PREFIX_PATH=${CMAKE_PREFIX_PATH}:/home/jaboy/Documents/RBE500_Project/RBE500_Project/install/inverse_kinematics:/home/jaboy/Documents/RBE500_Project/RBE500_Project/install/forward_kinematics:/home/jaboy/Documents/RBE500_Project/RBE500_Project/install/control:/home/jaboy/ros2_humble/install/rqt_bag_plugins:/home/jaboy/ros2_humble/install/rqt_bag:/home/jaboy/ros2_humble/install/launch_testing_examples:/home/jaboy/ros2_humble/install/ros2bag:/home/jaboy/ros2_humble/install/tracetools_test:/home/jaboy/ros2_humble/install/tracetools_launch:/home/jaboy/ros2_humble/install/topic_monitor:/home/jaboy/ros2_humble/install/tf2_tools:/home/jaboy/ros2_humble/install/examples_tf2_py:/home/jaboy/ros2_humble/install/tf2_ros_py:/home/jaboy/ros2_humble/install/sros2:/home/jaboy/ros2_humble/install/rqt_topic:/home/jaboy/ros2_humble/install/rqt_srv:/home/jaboy/ros2_humble/install/rqt_shell:/home/jaboy/ros2_humble/install/rqt_service_caller:/home/jaboy/ros2_humble/install/rqt_reconfigure:/home/jaboy/ros2_humble/install/rqt_py_console:/home/jaboy/ros2_humble/install/rqt_publisher:/home/jaboy/ros2_humble/install/rqt_plot:/home/jaboy/ros2_humble/install/rqt_action:/home/jaboy/ros2_humble/install/rqt_msg:/home/jaboy/ros2_humble/install/rqt_console:/home/jaboy/ros2_humble/install/rqt:/home/jaboy/ros2_humble/install/rqt_graph:/home/jaboy/ros2_humble/install/rqt_gui_py:/home/jaboy/ros2_humble/install/rqt_gui:/home/jaboy/ros2_humble/install/ros2trace:/home/jaboy/ros2_humble/install/ros2topic:/home/jaboy/ros2_humble/install/ros2test:/home/jaboy/ros2_humble/install/ros2component:/home/jaboy/ros2_humble/install/ros2param:/home/jaboy/ros2_humble/install/ros2lifecycle:/home/jaboy/ros2_humble/install/ros2service:/home/jaboy/ros2_humble/install/ros2run:/home/jaboy/ros2_humble/install/ros2launch:/home/jaboy/ros2_humble/install/ros2pkg:/home/jaboy/ros2_humble/install/ros2node:/home/jaboy/ros2_humble/install/ros2multicast:/home/jaboy/ros2_humble/install/ros2interface:/home/jaboy/ros2_humble/install/ros2doctor:/home/jaboy/ros2_humble/install/ros2action:/home/jaboy/ros2_humble/install/ros2cli:/home/jaboy/ros2_humble/install/quality_of_service_demo_py:/home/jaboy/ros2_humble/install/lifecycle_py:/home/jaboy/ros2_humble/install/launch_testing_ros:/home/jaboy/ros2_humble/install/launch_ros:/home/jaboy/ros2_humble/install/examples_rclpy_pointcloud_publisher:/home/jaboy/ros2_humble/install/examples_rclpy_minimal_subscriber:/home/jaboy/ros2_humble/install/examples_rclpy_minimal_service:/home/jaboy/ros2_humble/install/examples_rclpy_minimal_publisher:/home/jaboy/ros2_humble/install/examples_rclpy_minimal_client:/home/jaboy/ros2_humble/install/examples_rclpy_minimal_action_server:/home/jaboy/ros2_humble/install/examples_rclpy_minimal_action_client:/home/jaboy/ros2_humble/install/examples_rclpy_guard_conditions:/home/jaboy/ros2_humble/install/examples_rclpy_executors:/home/jaboy/ros2_humble/install/demo_nodes_py:/home/jaboy/ros2_humble/install/camera_info_manager_py:/home/jaboy/ros2_humble/install/action_tutorials_py:/home/jaboy/ros2_humble/install/ament_uncrustify:/home/jaboy/ros2_humble/install/tracetools_trace:/home/jaboy/ros2_humble/install/tracetools_read:/home/jaboy/ros2_humble/install/rclcpp_lifecycle:/home/jaboy/ros2_humble/install/examples_rclcpp_cbg_executor:/home/jaboy/ros2_humble/install/test_tracetools_launch:/home/jaboy/ros2_humble/install/test_launch_ros:/home/jaboy/ros2_humble/install/sensor_msgs_py:/home/jaboy/ros2_humble/install/rpyutils:/home/jaboy/ros2_humble/install/rosidl_runtime_py:/home/jaboy/ros2_humble/install/rosidl_cli:/home/jaboy/ros2_humble/install/launch_pytest:/home/jaboy/ros2_humble/install/launch_testing:/home/jaboy/ros2_humble/install/launch_yaml:/home/jaboy/ros2_humble/install/launch_xml:/home/jaboy/ros2_humble/install/launch:/home/jaboy/ros2_humble/install/osrf_pycommon:/home/jaboy/ros2_humble/install/domain_coordinator:/home/jaboy/ros2_humble/install/ament_xmllint:/home/jaboy/ros2_humble/install/ament_pyflakes:/home/jaboy/ros2_humble/install/ament_pycodestyle:/home/jaboy/ros2_humble/install/ament_pep257:/home/jaboy/ros2_humble/install/ament_pclint:/home/jaboy/ros2_humble/install/ament_package:/home/jaboy/ros2_humble/install/ament_mypy:/home/jaboy/ros2_humble/install/ament_lint_cmake:/home/jaboy/ros2_humble/install/ament_flake8:/home/jaboy/ros2_humble/install/ament_copyright:/home/jaboy/ros2_humble/install/ament_lint:/home/jaboy/ros2_humble/install/ament_index_python:/home/jaboy/ros2_humble/install/ament_cpplint:/home/jaboy/ros2_humble/install/ament_cppcheck:/home/jaboy/ros2_humble/install/ament_clang_tidy:/home/jaboy/ros2_humble/install/ament_clang_format:/home/jaboy/ros2_ws/install/launch_testing_examples:/home/jaboy/ros2_ws/install/examples_rclpy_pointcloud_publisher:/home/jaboy/ros2_ws/install/examples_rclpy_minimal_subscriber:/home/jaboy/ros2_ws/install/examples_rclpy_minimal_service:/home/jaboy/ros2_ws/install/examples_rclpy_minimal_publisher:/home/jaboy/ros2_ws/install/examples_rclpy_minimal_client:/home/jaboy/ros2_ws/install/examples_rclpy_minimal_action_server:/home/jaboy/ros2_ws/install/examples_rclpy_minimal_action_client:/home/jaboy/ros2_ws/install/examples_rclpy_guard_conditions:/home/jaboy/ros2_ws/install/examples_rclpy_executors:/opt/ros/humble /usr/bin/cmake --install /home/jaboy/Documents/RBE500_Project/RBE500_Project/build/custom_interfaces
[2.624s] INFO:colcon.colcon_core.task.python.build:Building Python package in '/home/jaboy/Documents/RBE500_Project/RBE500_Project/inverse_kinematics'
[2.624s] INFO:colcon.colcon_core.shell:Skip shell extension 'powershell' for command environment: Not usable outside of PowerShell
[2.624s] DEBUG:colcon.colcon_core.shell:Skip shell extension 'dsv' for command environment
[2.651s] Level 1:colcon.colcon_core.environment:create_environment_scripts_only(custom_interfaces)
[2.651s] Level 1:colcon.colcon_core.environment:checking '/home/jaboy/Documents/RBE500_Project/RBE500_Project/install/custom_interfaces' for CMake module files
[2.652s] DEBUG:colcon.colcon_core.event_handler.log_command:Invoking command in '/home/jaboy/Documents/RBE500_Project/RBE500_Project/control': PYTHONPATH=/home/jaboy/Documents/RBE500_Project/RBE500_Project/build/control/prefix_override:/usr/lib/python3/dist-packages/colcon_core/task/python/colcon_distutils_commands:/home/jaboy/Documents/RBE500_Project/RBE500_Project/install/control/lib/python3.10/site-packages:${PYTHONPATH} /usr/bin/python3 -W ignore:setup.py install is deprecated -W ignore:easy_install command is deprecated setup.py egg_info --egg-base ../build/control build --build-base /home/jaboy/Documents/RBE500_Project/RBE500_Project/build/control/build install --record /home/jaboy/Documents/RBE500_Project/RBE500_Project/build/control/install.log --single-version-externally-managed install_data
[2.653s] Level 1:colcon.colcon_core.environment:checking '/home/jaboy/Documents/RBE500_Project/RBE500_Project/install/custom_interfaces' for CMake config files
[2.653s] DEBUG:colcon.colcon_core.event_handler.log_command:Invoking command in '/home/jaboy/Documents/RBE500_Project/RBE500_Project/forward_kinematics': PYTHONPATH=/home/jaboy/Documents/RBE500_Project/RBE500_Project/build/forward_kinematics/prefix_override:/usr/lib/python3/dist-packages/colcon_core/task/python/colcon_distutils_commands:/home/jaboy/Documents/RBE500_Project/RBE500_Project/install/forward_kinematics/lib/python3.10/site-packages:${PYTHONPATH} /usr/bin/python3 -W ignore:setup.py install is deprecated -W ignore:easy_install command is deprecated setup.py egg_info --egg-base ../build/forward_kinematics build --build-base /home/jaboy/Documents/RBE500_Project/RBE500_Project/build/forward_kinematics/build install --record /home/jaboy/Documents/RBE500_Project/RBE500_Project/build/forward_kinematics/install.log --single-version-externally-managed install_data
[2.654s] DEBUG:colcon.colcon_core.event_handler.log_command:Invoked command in '/home/jaboy/Documents/RBE500_Project/RBE500_Project/build/custom_interfaces' returned '0': CMAKE_PREFIX_PATH=${CMAKE_PREFIX_PATH}:/home/jaboy/Documents/RBE500_Project/RBE500_Project/install/inverse_kinematics:/home/jaboy/Documents/RBE500_Project/RBE500_Project/install/forward_kinematics:/home/jaboy/Documents/RBE500_Project/RBE500_Project/install/control:/home/jaboy/ros2_humble/install/rqt_bag_plugins:/home/jaboy/ros2_humble/install/rqt_bag:/home/jaboy/ros2_humble/install/launch_testing_examples:/home/jaboy/ros2_humble/install/ros2bag:/home/jaboy/ros2_humble/install/tracetools_test:/home/jaboy/ros2_humble/install/tracetools_launch:/home/jaboy/ros2_humble/install/topic_monitor:/home/jaboy/ros2_humble/install/tf2_tools:/home/jaboy/ros2_humble/install/examples_tf2_py:/home/jaboy/ros2_humble/install/tf2_ros_py:/home/jaboy/ros2_humble/install/sros2:/home/jaboy/ros2_humble/install/rqt_topic:/home/jaboy/ros2_humble/install/rqt_srv:/home/jaboy/ros2_humble/install/rqt_shell:/home/jaboy/ros2_humble/install/rqt_service_caller:/home/jaboy/ros2_humble/install/rqt_reconfigure:/home/jaboy/ros2_humble/install/rqt_py_console:/home/jaboy/ros2_humble/install/rqt_publisher:/home/jaboy/ros2_humble/install/rqt_plot:/home/jaboy/ros2_humble/install/rqt_action:/home/jaboy/ros2_humble/install/rqt_msg:/home/jaboy/ros2_humble/install/rqt_console:/home/jaboy/ros2_humble/install/rqt:/home/jaboy/ros2_humble/install/rqt_graph:/home/jaboy/ros2_humble/install/rqt_gui_py:/home/jaboy/ros2_humble/install/rqt_gui:/home/jaboy/ros2_humble/install/ros2trace:/home/jaboy/ros2_humble/install/ros2topic:/home/jaboy/ros2_humble/install/ros2test:/home/jaboy/ros2_humble/install/ros2component:/home/jaboy/ros2_humble/install/ros2param:/home/jaboy/ros2_humble/install/ros2lifecycle:/home/jaboy/ros2_humble/install/ros2service:/home/jaboy/ros2_humble/install/ros2run:/home/jaboy/ros2_humble/install/ros2launch:/home/jaboy/ros2_humble/install/ros2pkg:/home/jaboy/ros2_humble/install/ros2node:/home/jaboy/ros2_humble/install/ros2multicast:/home/jaboy/ros2_humble/install/ros2interface:/home/jaboy/ros2_humble/install/ros2doctor:/home/jaboy/ros2_humble/install/ros2action:/home/jaboy/ros2_humble/install/ros2cli:/home/jaboy/ros2_humble/install/quality_of_service_demo_py:/home/jaboy/ros2_humble/install/lifecycle_py:/home/jaboy/ros2_humble/install/launch_testing_ros:/home/jaboy/ros2_humble/install/launch_ros:/home/jaboy/ros2_humble/install/examples_rclpy_pointcloud_publisher:/home/jaboy/ros2_humble/install/examples_rclpy_minimal_subscriber:/home/jaboy/ros2_humble/install/examples_rclpy_minimal_service:/home/jaboy/ros2_humble/install/examples_rclpy_minimal_publisher:/home/jaboy/ros2_humble/install/examples_rclpy_minimal_client:/home/jaboy/ros2_humble/install/examples_rclpy_minimal_action_server:/home/jaboy/ros2_humble/install/examples_rclpy_minimal_action_client:/home/jaboy/ros2_humble/install/examples_rclpy_guard_conditions:/home/jaboy/ros2_humble/install/examples_rclpy_executors:/home/jaboy/ros2_humble/install/demo_nodes_py:/home/jaboy/ros2_humble/install/camera_info_manager_py:/home/jaboy/ros2_humble/install/action_tutorials_py:/home/jaboy/ros2_humble/install/ament_uncrustify:/home/jaboy/ros2_humble/install/tracetools_trace:/home/jaboy/ros2_humble/install/tracetools_read:/home/jaboy/ros2_humble/install/rclcpp_lifecycle:/home/jaboy/ros2_humble/install/examples_rclcpp_cbg_executor:/home/jaboy/ros2_humble/install/test_tracetools_launch:/home/jaboy/ros2_humble/install/test_launch_ros:/home/jaboy/ros2_humble/install/sensor_msgs_py:/home/jaboy/ros2_humble/install/rpyutils:/home/jaboy/ros2_humble/install/rosidl_runtime_py:/home/jaboy/ros2_humble/install/rosidl_cli:/home/jaboy/ros2_humble/install/launch_pytest:/home/jaboy/ros2_humble/install/launch_testing:/home/jaboy/ros2_humble/install/launch_yaml:/home/jaboy/ros2_humble/install/launch_xml:/home/jaboy/ros2_humble/install/launch:/home/jaboy/ros2_humble/install/osrf_pycommon:/home/jaboy/ros2_humble/install/domain_coordinator:/home/jaboy/ros2_humble/install/ament_xmllint:/home/jaboy/ros2_humble/install/ament_pyflakes:/home/jaboy/ros2_humble/install/ament_pycodestyle:/home/jaboy/ros2_humble/install/ament_pep257:/home/jaboy/ros2_humble/install/ament_pclint:/home/jaboy/ros2_humble/install/ament_package:/home/jaboy/ros2_humble/install/ament_mypy:/home/jaboy/ros2_humble/install/ament_lint_cmake:/home/jaboy/ros2_humble/install/ament_flake8:/home/jaboy/ros2_humble/install/ament_copyright:/home/jaboy/ros2_humble/install/ament_lint:/home/jaboy/ros2_humble/install/ament_index_python:/home/jaboy/ros2_humble/install/ament_cpplint:/home/jaboy/ros2_humble/install/ament_cppcheck:/home/jaboy/ros2_humble/install/ament_clang_tidy:/home/jaboy/ros2_humble/install/ament_clang_format:/home/jaboy/ros2_ws/install/launch_testing_examples:/home/jaboy/ros2_ws/install/examples_rclpy_pointcloud_publisher:/home/jaboy/ros2_ws/install/examples_rclpy_minimal_subscriber:/home/jaboy/ros2_ws/install/examples_rclpy_minimal_service:/home/jaboy/ros2_ws/install/examples_rclpy_minimal_publisher:/home/jaboy/ros2_ws/install/examples_rclpy_minimal_client:/home/jaboy/ros2_ws/install/examples_rclpy_minimal_action_server:/home/jaboy/ros2_ws/install/examples_rclpy_minimal_action_client:/home/jaboy/ros2_ws/install/examples_rclpy_guard_conditions:/home/jaboy/ros2_ws/install/examples_rclpy_executors:/opt/ros/humble /usr/bin/cmake --install /home/jaboy/Documents/RBE500_Project/RBE500_Project/build/custom_interfaces
[2.654s] Level 1:colcon.colcon_core.shell:create_environment_hook('custom_interfaces', 'cmake_prefix_path')
[2.654s] INFO:colcon.colcon_core.shell:Creating environment hook '/home/jaboy/Documents/RBE500_Project/RBE500_Project/install/custom_interfaces/share/custom_interfaces/hook/cmake_prefix_path.ps1'
[2.655s] INFO:colcon.colcon_core.shell:Creating environment descriptor '/home/jaboy/Documents/RBE500_Project/RBE500_Project/install/custom_interfaces/share/custom_interfaces/hook/cmake_prefix_path.dsv'
[2.655s] INFO:colcon.colcon_core.shell:Creating environment hook '/home/jaboy/Documents/RBE500_Project/RBE500_Project/install/custom_interfaces/share/custom_interfaces/hook/cmake_prefix_path.sh'
[2.655s] Level 1:colcon.colcon_core.environment:checking '/home/jaboy/Documents/RBE500_Project/RBE500_Project/install/custom_interfaces/lib'
[2.655s] Level 1:colcon.colcon_core.shell:create_environment_hook('custom_interfaces', 'ld_library_path_lib')
[2.656s] INFO:colcon.colcon_core.shell:Creating environment hook '/home/jaboy/Documents/RBE500_Project/RBE500_Project/install/custom_interfaces/share/custom_interfaces/hook/ld_library_path_lib.ps1'
[2.656s] INFO:colcon.colcon_core.shell:Creating environment descriptor '/home/jaboy/Documents/RBE500_Project/RBE500_Project/install/custom_interfaces/share/custom_interfaces/hook/ld_library_path_lib.dsv'
[2.656s] INFO:colcon.colcon_core.shell:Creating environment hook '/home/jaboy/Documents/RBE500_Project/RBE500_Project/install/custom_interfaces/share/custom_interfaces/hook/ld_library_path_lib.sh'
[2.656s] Level 1:colcon.colcon_core.environment:checking '/home/jaboy/Documents/RBE500_Project/RBE500_Project/install/custom_interfaces/bin'
[2.657s] Level 1:colcon.colcon_core.environment:checking '/home/jaboy/Documents/RBE500_Project/RBE500_Project/install/custom_interfaces/lib/pkgconfig/custom_interfaces.pc'
[2.657s] Level 1:colcon.colcon_core.environment:checking '/home/jaboy/Documents/RBE500_Project/RBE500_Project/install/custom_interfaces/lib/python3.10/site-packages'
[2.657s] Level 1:colcon.colcon_core.environment:checking '/home/jaboy/Documents/RBE500_Project/RBE500_Project/install/custom_interfaces/bin'
[2.657s] INFO:colcon.colcon_core.shell:Creating package script '/home/jaboy/Documents/RBE500_Project/RBE500_Project/install/custom_interfaces/share/custom_interfaces/package.ps1'
[2.658s] INFO:colcon.colcon_core.shell:Creating package descriptor '/home/jaboy/Documents/RBE500_Project/RBE500_Project/install/custom_interfaces/share/custom_interfaces/package.dsv'
[2.658s] INFO:colcon.colcon_core.shell:Creating package script '/home/jaboy/Documents/RBE500_Project/RBE500_Project/install/custom_interfaces/share/custom_interfaces/package.sh'
[2.658s] INFO:colcon.colcon_core.shell:Creating package script '/home/jaboy/Documents/RBE500_Project/RBE500_Project/install/custom_interfaces/share/custom_interfaces/package.bash'
[2.658s] INFO:colcon.colcon_core.shell:Creating package script '/home/jaboy/Documents/RBE500_Project/RBE500_Project/install/custom_interfaces/share/custom_interfaces/package.zsh'
[2.659s] Level 1:colcon.colcon_core.environment:create_file_with_runtime_dependencies(/home/jaboy/Documents/RBE500_Project/RBE500_Project/install/custom_interfaces/share/colcon-core/packages/custom_interfaces)
[2.659s] Level 1:colcon.colcon_core.environment:create_environment_scripts_only(custom_interfaces)
[2.659s] Level 1:colcon.colcon_core.environment:checking '/home/jaboy/Documents/RBE500_Project/RBE500_Project/install/custom_interfaces' for CMake module files
[2.660s] Level 1:colcon.colcon_core.environment:checking '/home/jaboy/Documents/RBE500_Project/RBE500_Project/install/custom_interfaces' for CMake config files
[2.661s] Level 1:colcon.colcon_core.shell:create_environment_hook('custom_interfaces', 'cmake_prefix_path')
[2.661s] INFO:colcon.colcon_core.shell:Creating environment hook '/home/jaboy/Documents/RBE500_Project/RBE500_Project/install/custom_interfaces/share/custom_interfaces/hook/cmake_prefix_path.ps1'
[2.661s] INFO:colcon.colcon_core.shell:Creating environment descriptor '/home/jaboy/Documents/RBE500_Project/RBE500_Project/install/custom_interfaces/share/custom_interfaces/hook/cmake_prefix_path.dsv'
[2.661s] INFO:colcon.colcon_core.shell:Creating environment hook '/home/jaboy/Documents/RBE500_Project/RBE500_Project/install/custom_interfaces/share/custom_interfaces/hook/cmake_prefix_path.sh'
[2.662s] Level 1:colcon.colcon_core.environment:checking '/home/jaboy/Documents/RBE500_Project/RBE500_Project/install/custom_interfaces/lib'
[2.662s] Level 1:colcon.colcon_core.shell:create_environment_hook('custom_interfaces', 'ld_library_path_lib')
[2.662s] INFO:colcon.colcon_core.shell:Creating environment hook '/home/jaboy/Documents/RBE500_Project/RBE500_Project/install/custom_interfaces/share/custom_interfaces/hook/ld_library_path_lib.ps1'
[2.662s] INFO:colcon.colcon_core.shell:Creating environment descriptor '/home/jaboy/Documents/RBE500_Project/RBE500_Project/install/custom_interfaces/share/custom_interfaces/hook/ld_library_path_lib.dsv'
[2.663s] INFO:colcon.colcon_core.shell:Creating environment hook '/home/jaboy/Documents/RBE500_Project/RBE500_Project/install/custom_interfaces/share/custom_interfaces/hook/ld_library_path_lib.sh'
[2.663s] Level 1:colcon.colcon_core.environment:checking '/home/jaboy/Documents/RBE500_Project/RBE500_Project/install/custom_interfaces/bin'
[2.663s] Level 1:colcon.colcon_core.environment:checking '/home/jaboy/Documents/RBE500_Project/RBE500_Project/install/custom_interfaces/lib/pkgconfig/custom_interfaces.pc'
[2.663s] Level 1:colcon.colcon_core.environment:checking '/home/jaboy/Documents/RBE500_Project/RBE500_Project/install/custom_interfaces/lib/python3.10/site-packages'
[2.663s] Level 1:colcon.colcon_core.environment:checking '/home/jaboy/Documents/RBE500_Project/RBE500_Project/install/custom_interfaces/bin'
[2.664s] INFO:colcon.colcon_core.shell:Creating package script '/home/jaboy/Documents/RBE500_Project/RBE500_Project/install/custom_interfaces/share/custom_interfaces/package.ps1'
[2.664s] INFO:colcon.colcon_core.shell:Creating package descriptor '/home/jaboy/Documents/RBE500_Project/RBE500_Project/install/custom_interfaces/share/custom_interfaces/package.dsv'
[2.664s] INFO:colcon.colcon_core.shell:Creating package script '/home/jaboy/Documents/RBE500_Project/RBE500_Project/install/custom_interfaces/share/custom_interfaces/package.sh'
[2.665s] INFO:colcon.colcon_core.shell:Creating package script '/home/jaboy/Documents/RBE500_Project/RBE500_Project/install/custom_interfaces/share/custom_interfaces/package.bash'
[2.665s] INFO:colcon.colcon_core.shell:Creating package script '/home/jaboy/Documents/RBE500_Project/RBE500_Project/install/custom_interfaces/share/custom_interfaces/package.zsh'
[2.665s] Level 1:colcon.colcon_core.environment:create_file_with_runtime_dependencies(/home/jaboy/Documents/RBE500_Project/RBE500_Project/install/custom_interfaces/share/colcon-core/packages/custom_interfaces)
[2.669s] DEBUG:colcon.colcon_core.event_handler.log_command:Invoked command in '/home/jaboy/Documents/RBE500_Project/RBE500_Project/build/ros_gz_example_gazebo' returned '0': CMAKE_PREFIX_PATH=/home/jaboy/Documents/RBE500_Project/RBE500_Project/install/ros_gz_example_description:/home/jaboy/Documents/RBE500_Project/RBE500_Project/install/ros_gz_example_bringup:/home/jaboy/Documents/RBE500_Project/RBE500_Project/install/ros_gz_example_gazebo:/home/jaboy/Documents/RBE500_Project/RBE500_Project/install/ros_gz_example_application:/home/jaboy/Documents/RBE500_Project/RBE500_Project/install/inverse_kin:/home/jaboy/Documents/RBE500_Project/RBE500_Project/install/custom_interfaces:/home/jaboy/ros2_humble/install/rosbag2_storage_mcap:/home/jaboy/ros2_humble/install/rosbag2:/home/jaboy/ros2_humble/install/rosbag2_compression_zstd:/home/jaboy/ros2_humble/install/mcap_vendor:/home/jaboy/ros2_humble/install/zstd_vendor:/home/jaboy/ros2_humble/install/rviz_visual_testing_framework:/home/jaboy/ros2_humble/install/rviz2:/home/jaboy/ros2_humble/install/rviz_default_plugins:/home/jaboy/ros2_humble/install/rviz_common:/home/jaboy/ros2_humble/install/rosbag2_py:/home/jaboy/ros2_humble/install/rosbag2_transport:/home/jaboy/ros2_humble/install/rosbag2_storage_default_plugins:/home/jaboy/ros2_humble/install/rosbag2_performance_benchmarking:/home/jaboy/ros2_humble/install/rosbag2_compression:/home/jaboy/ros2_humble/install/rosbag2_cpp:/home/jaboy/ros2_humble/install/rosbag2_storage:/home/jaboy/ros2_humble/install/image_common:/home/jaboy/ros2_humble/install/camera_info_manager:/home/jaboy/ros2_humble/install/camera_calibration_parsers:/home/jaboy/ros2_humble/install/yaml_cpp_vendor:/home/jaboy/ros2_humble/install/interactive_markers:/home/jaboy/ros2_humble/install/common_interfaces:/home/jaboy/ros2_humble/install/visualization_msgs:/home/jaboy/ros2_humble/install/dummy_robot_bringup:/home/jaboy/ros2_humble/install/robot_state_publisher:/home/jaboy/ros2_humble/install/kdl_parser:/home/jaboy/ros2_humble/install/urdf:/home/jaboy/ros2_humble/install/urdfdom:/home/jaboy/ros2_humble/install/urdf_parser_plugin:/home/jaboy/ros2_humble/install/urdfdom_headers:/home/jaboy/ros2_humble/install/turtlesim:/home/jaboy/ros2_humble/install/geometry2:/home/jaboy/ros2_humble/install/tf2_sensor_msgs:/home/jaboy/ros2_humble/install/test_tf2:/home/jaboy/ros2_humble/install/tf2_kdl:/home/jaboy/ros2_humble/install/tf2_geometry_msgs:/home/jaboy/ros2_humble/install/tf2_eigen:/home/jaboy/ros2_humble/install/tf2_bullet:/home/jaboy/ros2_humble/install/tf2_ros:/home/jaboy/ros2_humble/install/tf2_py:/home/jaboy/ros2_humble/install/tf2_msgs:/home/jaboy/ros2_humble/install/test_msgs:/home/jaboy/ros2_humble/install/sros2_cmake:/home/jaboy/ros2_humble/install/ros2cli_common_extensions:/home/jaboy/ros2_humble/install/rqt_py_common:/home/jaboy/ros2_humble/install/rosbag2_storage_mcap_testdata:/home/jaboy/ros2_humble/install/ros_testing:/home/jaboy/ros2_humble/install/ros2cli_test_interfaces:/home/jaboy/ros2_humble/install/quality_of_service_demo_cpp:/home/jaboy/ros2_humble/install/image_transport:/home/jaboy/ros2_humble/install/message_filters:/home/jaboy/ros2_humble/install/demo_nodes_cpp:/home/jaboy/ros2_humble/install/composition:/home/jaboy/ros2_humble/install/laser_geometry:/home/jaboy/ros2_humble/install/rclpy:/home/jaboy/ros2_humble/install/examples_rclcpp_minimal_action_server:/home/jaboy/ros2_humble/install/examples_rclcpp_minimal_action_client:/home/jaboy/ros2_humble/install/action_tutorials_cpp:/home/jaboy/ros2_humble/install/rclcpp_action:/home/jaboy/ros2_humble/install/rcl_action:/home/jaboy/ros2_humble/install/examples_rclcpp_wait_set:/home/jaboy/ros2_humble/install/examples_rclcpp_minimal_service:/home/jaboy/ros2_humble/install/examples_rclcpp_minimal_client:/home/jaboy/ros2_humble/install/examples_rclcpp_async_client:/home/jaboy/ros2_humble/install/example_interfaces:/home/jaboy/ros2_humble/install/action_tutorials_interfaces:/home/jaboy/ros2_humble/install/action_msgs:/home/jaboy/ros2_humble/install/unique_identifier_msgs:/home/jaboy/ros2_humble/install/ament_lint_common:/home/jaboy/ros2_humble/install/ament_cmake_uncrustify:/home/jaboy/ros2_humble/install/uncrustify_vendor:/home/jaboy/ros2_humble/install/trajectory_msgs:/home/jaboy/ros2_humble/install/topic_statistics_demo:/home/jaboy/ros2_humble/install/pendulum_control:/home/jaboy/ros2_humble/install/tlsf_cpp:/home/jaboy/ros2_humble/install/test_tracetools:/home/jaboy/ros2_humble/install/rqt_gui_cpp:/home/jaboy/ros2_humble/install/rosbag2_test_common:/home/jaboy/ros2_humble/install/ros2lifecycle_test_fixtures:/home/jaboy/ros2_humble/install/lifecycle:/home/jaboy/ros2_humble/install/logging_demo:/home/jaboy/ros2_humble/install/image_tools:/home/jaboy/ros2_humble/install/examples_rclcpp_minimal_subscriber:/home/jaboy/ros2_humble/install/examples_rclcpp_minimal_composition:/home/jaboy/ros2_humble/install/demo_nodes_cpp_native:/home/jaboy/ros2_humble/install/rclcpp_components:/home/jaboy/ros2_humble/install/intra_process_demo:/home/jaboy/ros2_humble/install/examples_rclcpp_multithreaded_executor:/home/jaboy/ros2_humble/install/examples_rclcpp_minimal_timer:/home/jaboy/ros2_humble/install/examples_rclcpp_minimal_publisher:/home/jaboy/ros2_humble/install/dummy_sensors:/home/jaboy/ros2_humble/install/dummy_map_server:/home/jaboy/ros2_humble/install/rclcpp:/home/jaboy/ros2_humble/install/rcl_lifecycle:/home/jaboy/ros2_humble/install/libstatistics_collector:/home/jaboy/ros2_humble/install/rcl:/home/jaboy/ros2_humble/install/rmw_implementation:/home/jaboy/ros2_humble/install/rmw_fastrtps_dynamic_cpp:/home/jaboy/ros2_humble/install/rmw_fastrtps_cpp:/home/jaboy/ros2_humble/install/rmw_fastrtps_shared_cpp:/home/jaboy/ros2_humble/install/rmw_cyclonedds_cpp:/home/jaboy/ros2_humble/install/tracetools:/home/jaboy/ros2_humble/install/tlsf:/home/jaboy/ros2_humble/install/tinyxml_vendor:/home/jaboy/ros2_humble/install/qt_gui_core:/home/jaboy/ros2_humble/install/qt_gui_cpp:/home/jaboy/ros2_humble/install/pluginlib:/home/jaboy/ros2_humble/install/tinyxml2_vendor:/home/jaboy/ros2_humble/install/tf2_eigen_kdl:/home/jaboy/ros2_humble/install/tf2:/home/jaboy/ros2_humble/install/test_security:/home/jaboy/ros2_humble/install/test_rmw_implementation:/home/jaboy/ros2_humble/install/test_rclcpp:/home/jaboy/ros2_humble/install/test_quality_of_service:/home/jaboy/ros2_humble/install/test_launch_testing:/home/jaboy/ros2_humble/install/test_interface_files:/home/jaboy/ros2_humble/install/test_communication:/home/jaboy/ros2_humble/install/test_cli_remapping:/home/jaboy/ros2_humble/install/test_cli:/home/jaboy/ros2_humble/install/qt_gui_app:/home/jaboy/ros2_humble/install/qt_gui:/home/jaboy/ros2_humble/install/tango_icons_vendor:/home/jaboy/ros2_humble/install/stereo_msgs:/home/jaboy/ros2_humble/install/std_srvs:/home/jaboy/ros2_humble/install/shape_msgs:/home/jaboy/ros2_humble/install/map_msgs:/home/jaboy/ros2_humble/install/sensor_msgs:/home/jaboy/ros2_humble/install/nav_msgs:/home/jaboy/ros2_humble/install/diagnostic_msgs:/home/jaboy/ros2_humble/install/geometry_msgs:/home/jaboy/ros2_humble/install/actionlib_msgs:/home/jaboy/ros2_humble/install/std_msgs:/home/jaboy/ros2_humble/install/statistics_msgs:/home/jaboy/ros2_humble/install/sqlite3_vendor:/home/jaboy/ros2_humble/install/rcl_logging_spdlog:/home/jaboy/ros2_humble/install/spdlog_vendor:/home/jaboy/ros2_humble/install/shared_queues_vendor:/home/jaboy/ros2_humble/install/rviz_rendering_tests:/home/jaboy/ros2_humble/install/rviz_rendering:/home/jaboy/ros2_humble/install/rviz_ogre_vendor:/home/jaboy/ros2_humble/install/rviz_assimp_vendor:/home/jaboy/ros2_humble/install/rttest:/home/jaboy/ros2_humble/install/rmw_connextddsmicro:/home/jaboy/ros2_humble/install/rmw_connextdds:/home/jaboy/ros2_humble/install/rmw_connextdds_common:/home/jaboy/ros2_humble/install/rti_connext_dds_cmake_module:/home/jaboy/ros2_humble/install/rosgraph_msgs:/home/jaboy/ros2_humble/install/rosbag2_interfaces:/home/jaboy/ros2_humble/install/rmw_dds_common:/home/jaboy/ros2_humble/install/composition_interfaces:/home/jaboy/ros2_humble/install/rcl_interfaces:/home/jaboy/ros2_humble/install/pendulum_msgs:/home/jaboy/ros2_humble/install/lifecycle_msgs:/home/jaboy/ros2_humble/install/builtin_interfaces:/home/jaboy/ros2_humble/install/rosidl_default_runtime:/home/jaboy/ros2_humble/install/rosidl_default_generators:/home/jaboy/ros2_humble/install/rosidl_generator_py:/home/jaboy/ros2_humble/install/rosidl_typesupport_introspection_tests:/home/jaboy/ros2_humble/install/rosidl_typesupport_cpp:/home/jaboy/ros2_humble/install/rosidl_typesupport_introspection_cpp:/home/jaboy/ros2_humble/install/rosidl_typesupport_c:/home/jaboy/ros2_humble/install/rosidl_typesupport_introspection_c:/home/jaboy/ros2_humble/install/rosidl_typesupport_fastrtps_c:/home/jaboy/ros2_humble/install/rosidl_typesupport_fastrtps_cpp:/home/jaboy/ros2_humble/install/rosidl_generator_cpp:/home/jaboy/ros2_humble/install/rosidl_runtime_cpp:/home/jaboy/ros2_humble/install/rcl_yaml_param_parser:/home/jaboy/ros2_humble/install/rmw:/home/jaboy/ros2_humble/install/rosidl_runtime_c:/home/jaboy/ros2_humble/install/rosidl_generator_c:/home/jaboy/ros2_humble/install/rosidl_typesupport_interface:/home/jaboy/ros2_humble/install/rosidl_generator_dds_idl:/home/jaboy/ros2_humble/install/rosidl_cmake:/home/jaboy/ros2_humble/install/rosidl_parser:/home/jaboy/ros2_humble/install/rosidl_adapter:/home/jaboy/ros2_humble/install/rosbag2_tests:/home/jaboy/ros2_humble/install/ros_environment:/home/jaboy/ros2_humble/install/rmw_implementation_cmake:/home/jaboy/ros2_humble/install/resource_retriever:/home/jaboy/ros2_humble/install/class_loader:/home/jaboy/ros2_humble/install/rcpputils:/home/jaboy/ros2_humble/install/rcl_logging_noop:/home/jaboy/ros2_humble/install/rcl_logging_interface:/home/jaboy/ros2_humble/install/rcutils:/home/jaboy/ros2_humble/install/qt_gui_py_common:/home/jaboy/ros2_humble/install/qt_dotgraph:/home/jaboy/ros2_humble/install/python_qt_binding:/home/jaboy/ros2_humble/install/python_orocos_kdl_vendor:/home/jaboy/ros2_humble/install/launch_testing_ament_cmake:/home/jaboy/ros2_humble/install/python_cmake_module:/home/jaboy/ros2_humble/install/pybind11_vendor:/home/jaboy/ros2_humble/install/performance_test_fixture:/home/jaboy/ros2_humble/install/osrf_testing_tools_cpp:/home/jaboy/ros2_humble/install/orocos_kdl_vendor:/home/jaboy/ros2_humble/install/mimick_vendor:/home/jaboy/ros2_humble/install/libyaml_vendor:/home/jaboy/ros2_humble/install/libcurl_vendor:/home/jaboy/ros2_humble/install/keyboard_handler:/home/jaboy/ros2_humble/install/iceoryx_introspection:/home/jaboy/ros2_humble/install/cyclonedds:/home/jaboy/ros2_humble/install/iceoryx_posh:/home/jaboy/ros2_humble/install/iceoryx_hoofs:/home/jaboy/ros2_humble/install/iceoryx_binding_c:/home/jaboy/ros2_humble/install/ament_cmake_ros:/home/jaboy/ros2_humble/install/ament_cmake_auto:/home/jaboy/ros2_humble/install/ament_cmake_gmock:/home/jaboy/ros2_humble/install/gmock_vendor:/home/jaboy/ros2_humble/install/ament_cmake_gtest:/home/jaboy/ros2_humble/install/gtest_vendor:/home/jaboy/ros2_humble/install/ament_cmake_google_benchmark:/home/jaboy/ros2_humble/install/google_benchmark_vendor:/home/jaboy/ros2_humble/install/fastrtps:/home/jaboy/ros2_humble/install/foonathan_memory_vendor:/home/jaboy/ros2_humble/install/fastrtps_cmake_module:/home/jaboy/ros2_humble/install/fastcdr:/home/jaboy/ros2_humble/install/eigen3_cmake_module:/home/jaboy/ros2_humble/install/console_bridge_vendor:/home/jaboy/ros2_humble/install/ament_cmake_xmllint:/home/jaboy/ros2_humble/install/ament_cmake_pyflakes:/home/jaboy/ros2_humble/install/ament_cmake_pycodestyle:/home/jaboy/ros2_humble/install/ament_cmake_pep257:/home/jaboy/ros2_humble/install/ament_cmake_pclint:/home/jaboy/ros2_humble/install/ament_lint_auto:/home/jaboy/ros2_humble/install/ament_cmake:/home/jaboy/ros2_humble/install/ament_cmake_version:/home/jaboy/ros2_humble/install/ament_cmake_vendor_package:/home/jaboy/ros2_humble/install/ament_cmake_pytest:/home/jaboy/ros2_humble/install/ament_cmake_nose:/home/jaboy/ros2_humble/install/ament_cmake_mypy:/home/jaboy/ros2_humble/install/ament_cmake_lint_cmake:/home/jaboy/ros2_humble/install/ament_cmake_flake8:/home/jaboy/ros2_humble/install/ament_cmake_cpplint:/home/jaboy/ros2_humble/install/ament_cmake_cppcheck:/home/jaboy/ros2_humble/install/ament_cmake_copyright:/home/jaboy/ros2_humble/install/ament_cmake_clang_tidy:/home/jaboy/ros2_humble/install/ament_cmake_clang_format:/home/jaboy/ros2_humble/install/ament_cmake_test:/home/jaboy/ros2_humble/install/ament_cmake_target_dependencies:/home/jaboy/ros2_humble/install/ament_cmake_python:/home/jaboy/ros2_humble/install/ament_cmake_export_dependencies:/home/jaboy/ros2_humble/install/ament_cmake_libraries:/home/jaboy/ros2_humble/install/ament_cmake_include_directories:/home/jaboy/ros2_humble/install/ament_cmake_gen_version_h:/home/jaboy/ros2_humble/install/ament_cmake_export_targets:/home/jaboy/ros2_humble/install/ament_cmake_export_link_flags:/home/jaboy/ros2_humble/install/ament_cmake_export_interfaces:/home/jaboy/ros2_humble/install/ament_cmake_export_libraries:/home/jaboy/ros2_humble/install/ament_cmake_export_include_directories:/home/jaboy/ros2_humble/install/ament_cmake_export_definitions:/home/jaboy/ros2_humble/install/ament_cmake_core:/home/jaboy/ros2_humble/install/ament_index_cpp:/home/jaboy/ros2_ws/install/quat_to_euler:/home/jaboy/ros2_ws/install/hw3-kinematics:/home/jaboy/ros2_ws/install/examples_rclcpp_wait_set:/home/jaboy/ros2_ws/install/examples_rclcpp_multithreaded_executor:/home/jaboy/ros2_ws/install/examples_rclcpp_minimal_timer:/home/jaboy/ros2_ws/install/examples_rclcpp_minimal_subscriber:/home/jaboy/ros2_ws/install/examples_rclcpp_minimal_service:/home/jaboy/ros2_ws/install/examples_rclcpp_minimal_publisher:/home/jaboy/ros2_ws/install/examples_rclcpp_minimal_composition:/home/jaboy/ros2_ws/install/examples_rclcpp_minimal_client:/home/jaboy/ros2_ws/install/examples_rclcpp_minimal_action_server:/home/jaboy/ros2_ws/install/examples_rclcpp_minimal_action_client:/home/jaboy/ros2_ws/install/examples_rclcpp_cbg_executor:/home/jaboy/ros2_ws/install/examples_rclcpp_async_client:/home/jaboy/Documents/RBE500_Project/RBE500_Project/install/inverse_kinematics:/home/jaboy/Documents/RBE500_Project/RBE500_Project/install/forward_kinematics:/home/jaboy/Documents/RBE500_Project/RBE500_Project/install/control:/home/jaboy/ros2_humble/install/rqt_bag_plugins:/home/jaboy/ros2_humble/install/rqt_bag:/home/jaboy/ros2_humble/install/launch_testing_examples:/home/jaboy/ros2_humble/install/ros2bag:/home/jaboy/ros2_humble/install/tracetools_test:/home/jaboy/ros2_humble/install/tracetools_launch:/home/jaboy/ros2_humble/install/topic_monitor:/home/jaboy/ros2_humble/install/tf2_tools:/home/jaboy/ros2_humble/install/examples_tf2_py:/home/jaboy/ros2_humble/install/tf2_ros_py:/home/jaboy/ros2_humble/install/sros2:/home/jaboy/ros2_humble/install/rqt_topic:/home/jaboy/ros2_humble/install/rqt_srv:/home/jaboy/ros2_humble/install/rqt_shell:/home/jaboy/ros2_humble/install/rqt_service_caller:/home/jaboy/ros2_humble/install/rqt_reconfigure:/home/jaboy/ros2_humble/install/rqt_py_console:/home/jaboy/ros2_humble/install/rqt_publisher:/home/jaboy/ros2_humble/install/rqt_plot:/home/jaboy/ros2_humble/install/rqt_action:/home/jaboy/ros2_humble/install/rqt_msg:/home/jaboy/ros2_humble/install/rqt_console:/home/jaboy/ros2_humble/install/rqt:/home/jaboy/ros2_humble/install/rqt_graph:/home/jaboy/ros2_humble/install/rqt_gui_py:/home/jaboy/ros2_humble/install/rqt_gui:/home/jaboy/ros2_humble/install/ros2trace:/home/jaboy/ros2_humble/install/ros2topic:/home/jaboy/ros2_humble/install/ros2test:/home/jaboy/ros2_humble/install/ros2component:/home/jaboy/ros2_humble/install/ros2param:/home/jaboy/ros2_humble/install/ros2lifecycle:/home/jaboy/ros2_humble/install/ros2service:/home/jaboy/ros2_humble/install/ros2run:/home/jaboy/ros2_humble/install/ros2launch:/home/jaboy/ros2_humble/install/ros2pkg:/home/jaboy/ros2_humble/install/ros2node:/home/jaboy/ros2_humble/install/ros2multicast:/home/jaboy/ros2_humble/install/ros2interface:/home/jaboy/ros2_humble/install/ros2doctor:/home/jaboy/ros2_humble/install/ros2action:/home/jaboy/ros2_humble/install/ros2cli:/home/jaboy/ros2_humble/install/quality_of_service_demo_py:/home/jaboy/ros2_humble/install/lifecycle_py:/home/jaboy/ros2_humble/install/launch_testing_ros:/home/jaboy/ros2_humble/install/launch_ros:/home/jaboy/ros2_humble/install/examples_rclpy_pointcloud_publisher:/home/jaboy/ros2_humble/install/examples_rclpy_minimal_subscriber:/home/jaboy/ros2_humble/install/examples_rclpy_minimal_service:/home/jaboy/ros2_humble/install/examples_rclpy_minimal_publisher:/home/jaboy/ros2_humble/install/examples_rclpy_minimal_client:/home/jaboy/ros2_humble/install/examples_rclpy_minimal_action_server:/home/jaboy/ros2_humble/install/examples_rclpy_minimal_action_client:/home/jaboy/ros2_humble/install/examples_rclpy_guard_conditions:/home/jaboy/ros2_humble/install/examples_rclpy_executors:/home/jaboy/ros2_humble/install/demo_nodes_py:/home/jaboy/ros2_humble/install/camera_info_manager_py:/home/jaboy/ros2_humble/install/action_tutorials_py:/home/jaboy/ros2_humble/install/ament_uncrustify:/home/jaboy/ros2_humble/install/tracetools_trace:/home/jaboy/ros2_humble/install/tracetools_read:/home/jaboy/ros2_humble/install/rclcpp_lifecycle:/home/jaboy/ros2_humble/install/examples_rclcpp_cbg_executor:/home/jaboy/ros2_humble/install/test_tracetools_launch:/home/jaboy/ros2_humble/install/test_launch_ros:/home/jaboy/ros2_humble/install/sensor_msgs_py:/home/jaboy/ros2_humble/install/rpyutils:/home/jaboy/ros2_humble/install/rosidl_runtime_py:/home/jaboy/ros2_humble/install/rosidl_cli:/home/jaboy/ros2_humble/install/launch_pytest:/home/jaboy/ros2_humble/install/launch_testing:/home/jaboy/ros2_humble/install/launch_yaml:/home/jaboy/ros2_humble/install/launch_xml:/home/jaboy/ros2_humble/install/launch:/home/jaboy/ros2_humble/install/osrf_pycommon:/home/jaboy/ros2_humble/install/domain_coordinator:/home/jaboy/ros2_humble/install/ament_xmllint:/home/jaboy/ros2_humble/install/ament_pyflakes:/home/jaboy/ros2_humble/install/ament_pycodestyle:/home/jaboy/ros2_humble/install/ament_pep257:/home/jaboy/ros2_humble/install/ament_pclint:/home/jaboy/ros2_humble/install/ament_package:/home/jaboy/ros2_humble/install/ament_mypy:/home/jaboy/ros2_humble/install/ament_lint_cmake:/home/jaboy/ros2_humble/install/ament_flake8:/home/jaboy/ros2_humble/install/ament_copyright:/home/jaboy/ros2_humble/install/ament_lint:/home/jaboy/ros2_humble/install/ament_index_python:/home/jaboy/ros2_humble/install/ament_cpplint:/home/jaboy/ros2_humble/install/ament_cppcheck:/home/jaboy/ros2_humble/install/ament_clang_tidy:/home/jaboy/ros2_humble/install/ament_clang_format:/home/jaboy/ros2_ws/install/launch_testing_examples:/home/jaboy/ros2_ws/install/examples_rclpy_pointcloud_publisher:/home/jaboy/ros2_ws/install/examples_rclpy_minimal_subscriber:/home/jaboy/ros2_ws/install/examples_rclpy_minimal_service:/home/jaboy/ros2_ws/install/examples_rclpy_minimal_publisher:/home/jaboy/ros2_ws/install/examples_rclpy_minimal_client:/home/jaboy/ros2_ws/install/examples_rclpy_minimal_action_server:/home/jaboy/ros2_ws/install/examples_rclpy_minimal_action_client:/home/jaboy/ros2_ws/install/examples_rclpy_guard_conditions:/home/jaboy/ros2_ws/install/examples_rclpy_executors:/opt/ros/humble IGN_GAZEBO_RESOURCE_PATH=/home/jaboy/Documents/RBE500_Project/RBE500_Project/install/ros_gz_example_description/share/ros_gz_example_description/models:${IGN_GAZEBO_RESOURCE_PATH} /usr/bin/cmake --build /home/jaboy/Documents/RBE500_Project/RBE500_Project/build/ros_gz_example_gazebo -- -j16 -l16
[2.670s] DEBUG:colcon.colcon_core.event_handler.log_command:Invoking command in '/home/jaboy/Documents/RBE500_Project/RBE500_Project/build/ros_gz_example_gazebo': CMAKE_PREFIX_PATH=/home/jaboy/Documents/RBE500_Project/RBE500_Project/install/ros_gz_example_description:/home/jaboy/Documents/RBE500_Project/RBE500_Project/install/ros_gz_example_bringup:/home/jaboy/Documents/RBE500_Project/RBE500_Project/install/ros_gz_example_gazebo:/home/jaboy/Documents/RBE500_Project/RBE500_Project/install/ros_gz_example_application:/home/jaboy/Documents/RBE500_Project/RBE500_Project/install/inverse_kin:/home/jaboy/Documents/RBE500_Project/RBE500_Project/install/custom_interfaces:/home/jaboy/ros2_humble/install/rosbag2_storage_mcap:/home/jaboy/ros2_humble/install/rosbag2:/home/jaboy/ros2_humble/install/rosbag2_compression_zstd:/home/jaboy/ros2_humble/install/mcap_vendor:/home/jaboy/ros2_humble/install/zstd_vendor:/home/jaboy/ros2_humble/install/rviz_visual_testing_framework:/home/jaboy/ros2_humble/install/rviz2:/home/jaboy/ros2_humble/install/rviz_default_plugins:/home/jaboy/ros2_humble/install/rviz_common:/home/jaboy/ros2_humble/install/rosbag2_py:/home/jaboy/ros2_humble/install/rosbag2_transport:/home/jaboy/ros2_humble/install/rosbag2_storage_default_plugins:/home/jaboy/ros2_humble/install/rosbag2_performance_benchmarking:/home/jaboy/ros2_humble/install/rosbag2_compression:/home/jaboy/ros2_humble/install/rosbag2_cpp:/home/jaboy/ros2_humble/install/rosbag2_storage:/home/jaboy/ros2_humble/install/image_common:/home/jaboy/ros2_humble/install/camera_info_manager:/home/jaboy/ros2_humble/install/camera_calibration_parsers:/home/jaboy/ros2_humble/install/yaml_cpp_vendor:/home/jaboy/ros2_humble/install/interactive_markers:/home/jaboy/ros2_humble/install/common_interfaces:/home/jaboy/ros2_humble/install/visualization_msgs:/home/jaboy/ros2_humble/install/dummy_robot_bringup:/home/jaboy/ros2_humble/install/robot_state_publisher:/home/jaboy/ros2_humble/install/kdl_parser:/home/jaboy/ros2_humble/install/urdf:/home/jaboy/ros2_humble/install/urdfdom:/home/jaboy/ros2_humble/install/urdf_parser_plugin:/home/jaboy/ros2_humble/install/urdfdom_headers:/home/jaboy/ros2_humble/install/turtlesim:/home/jaboy/ros2_humble/install/geometry2:/home/jaboy/ros2_humble/install/tf2_sensor_msgs:/home/jaboy/ros2_humble/install/test_tf2:/home/jaboy/ros2_humble/install/tf2_kdl:/home/jaboy/ros2_humble/install/tf2_geometry_msgs:/home/jaboy/ros2_humble/install/tf2_eigen:/home/jaboy/ros2_humble/install/tf2_bullet:/home/jaboy/ros2_humble/install/tf2_ros:/home/jaboy/ros2_humble/install/tf2_py:/home/jaboy/ros2_humble/install/tf2_msgs:/home/jaboy/ros2_humble/install/test_msgs:/home/jaboy/ros2_humble/install/sros2_cmake:/home/jaboy/ros2_humble/install/ros2cli_common_extensions:/home/jaboy/ros2_humble/install/rqt_py_common:/home/jaboy/ros2_humble/install/rosbag2_storage_mcap_testdata:/home/jaboy/ros2_humble/install/ros_testing:/home/jaboy/ros2_humble/install/ros2cli_test_interfaces:/home/jaboy/ros2_humble/install/quality_of_service_demo_cpp:/home/jaboy/ros2_humble/install/image_transport:/home/jaboy/ros2_humble/install/message_filters:/home/jaboy/ros2_humble/install/demo_nodes_cpp:/home/jaboy/ros2_humble/install/composition:/home/jaboy/ros2_humble/install/laser_geometry:/home/jaboy/ros2_humble/install/rclpy:/home/jaboy/ros2_humble/install/examples_rclcpp_minimal_action_server:/home/jaboy/ros2_humble/install/examples_rclcpp_minimal_action_client:/home/jaboy/ros2_humble/install/action_tutorials_cpp:/home/jaboy/ros2_humble/install/rclcpp_action:/home/jaboy/ros2_humble/install/rcl_action:/home/jaboy/ros2_humble/install/examples_rclcpp_wait_set:/home/jaboy/ros2_humble/install/examples_rclcpp_minimal_service:/home/jaboy/ros2_humble/install/examples_rclcpp_minimal_client:/home/jaboy/ros2_humble/install/examples_rclcpp_async_client:/home/jaboy/ros2_humble/install/example_interfaces:/home/jaboy/ros2_humble/install/action_tutorials_interfaces:/home/jaboy/ros2_humble/install/action_msgs:/home/jaboy/ros2_humble/install/unique_identifier_msgs:/home/jaboy/ros2_humble/install/ament_lint_common:/home/jaboy/ros2_humble/install/ament_cmake_uncrustify:/home/jaboy/ros2_humble/install/uncrustify_vendor:/home/jaboy/ros2_humble/install/trajectory_msgs:/home/jaboy/ros2_humble/install/topic_statistics_demo:/home/jaboy/ros2_humble/install/pendulum_control:/home/jaboy/ros2_humble/install/tlsf_cpp:/home/jaboy/ros2_humble/install/test_tracetools:/home/jaboy/ros2_humble/install/rqt_gui_cpp:/home/jaboy/ros2_humble/install/rosbag2_test_common:/home/jaboy/ros2_humble/install/ros2lifecycle_test_fixtures:/home/jaboy/ros2_humble/install/lifecycle:/home/jaboy/ros2_humble/install/logging_demo:/home/jaboy/ros2_humble/install/image_tools:/home/jaboy/ros2_humble/install/examples_rclcpp_minimal_subscriber:/home/jaboy/ros2_humble/install/examples_rclcpp_minimal_composition:/home/jaboy/ros2_humble/install/demo_nodes_cpp_native:/home/jaboy/ros2_humble/install/rclcpp_components:/home/jaboy/ros2_humble/install/intra_process_demo:/home/jaboy/ros2_humble/install/examples_rclcpp_multithreaded_executor:/home/jaboy/ros2_humble/install/examples_rclcpp_minimal_timer:/home/jaboy/ros2_humble/install/examples_rclcpp_minimal_publisher:/home/jaboy/ros2_humble/install/dummy_sensors:/home/jaboy/ros2_humble/install/dummy_map_server:/home/jaboy/ros2_humble/install/rclcpp:/home/jaboy/ros2_humble/install/rcl_lifecycle:/home/jaboy/ros2_humble/install/libstatistics_collector:/home/jaboy/ros2_humble/install/rcl:/home/jaboy/ros2_humble/install/rmw_implementation:/home/jaboy/ros2_humble/install/rmw_fastrtps_dynamic_cpp:/home/jaboy/ros2_humble/install/rmw_fastrtps_cpp:/home/jaboy/ros2_humble/install/rmw_fastrtps_shared_cpp:/home/jaboy/ros2_humble/install/rmw_cyclonedds_cpp:/home/jaboy/ros2_humble/install/tracetools:/home/jaboy/ros2_humble/install/tlsf:/home/jaboy/ros2_humble/install/tinyxml_vendor:/home/jaboy/ros2_humble/install/qt_gui_core:/home/jaboy/ros2_humble/install/qt_gui_cpp:/home/jaboy/ros2_humble/install/pluginlib:/home/jaboy/ros2_humble/install/tinyxml2_vendor:/home/jaboy/ros2_humble/install/tf2_eigen_kdl:/home/jaboy/ros2_humble/install/tf2:/home/jaboy/ros2_humble/install/test_security:/home/jaboy/ros2_humble/install/test_rmw_implementation:/home/jaboy/ros2_humble/install/test_rclcpp:/home/jaboy/ros2_humble/install/test_quality_of_service:/home/jaboy/ros2_humble/install/test_launch_testing:/home/jaboy/ros2_humble/install/test_interface_files:/home/jaboy/ros2_humble/install/test_communication:/home/jaboy/ros2_humble/install/test_cli_remapping:/home/jaboy/ros2_humble/install/test_cli:/home/jaboy/ros2_humble/install/qt_gui_app:/home/jaboy/ros2_humble/install/qt_gui:/home/jaboy/ros2_humble/install/tango_icons_vendor:/home/jaboy/ros2_humble/install/stereo_msgs:/home/jaboy/ros2_humble/install/std_srvs:/home/jaboy/ros2_humble/install/shape_msgs:/home/jaboy/ros2_humble/install/map_msgs:/home/jaboy/ros2_humble/install/sensor_msgs:/home/jaboy/ros2_humble/install/nav_msgs:/home/jaboy/ros2_humble/install/diagnostic_msgs:/home/jaboy/ros2_humble/install/geometry_msgs:/home/jaboy/ros2_humble/install/actionlib_msgs:/home/jaboy/ros2_humble/install/std_msgs:/home/jaboy/ros2_humble/install/statistics_msgs:/home/jaboy/ros2_humble/install/sqlite3_vendor:/home/jaboy/ros2_humble/install/rcl_logging_spdlog:/home/jaboy/ros2_humble/install/spdlog_vendor:/home/jaboy/ros2_humble/install/shared_queues_vendor:/home/jaboy/ros2_humble/install/rviz_rendering_tests:/home/jaboy/ros2_humble/install/rviz_rendering:/home/jaboy/ros2_humble/install/rviz_ogre_vendor:/home/jaboy/ros2_humble/install/rviz_assimp_vendor:/home/jaboy/ros2_humble/install/rttest:/home/jaboy/ros2_humble/install/rmw_connextddsmicro:/home/jaboy/ros2_humble/install/rmw_connextdds:/home/jaboy/ros2_humble/install/rmw_connextdds_common:/home/jaboy/ros2_humble/install/rti_connext_dds_cmake_module:/home/jaboy/ros2_humble/install/rosgraph_msgs:/home/jaboy/ros2_humble/install/rosbag2_interfaces:/home/jaboy/ros2_humble/install/rmw_dds_common:/home/jaboy/ros2_humble/install/composition_interfaces:/home/jaboy/ros2_humble/install/rcl_interfaces:/home/jaboy/ros2_humble/install/pendulum_msgs:/home/jaboy/ros2_humble/install/lifecycle_msgs:/home/jaboy/ros2_humble/install/builtin_interfaces:/home/jaboy/ros2_humble/install/rosidl_default_runtime:/home/jaboy/ros2_humble/install/rosidl_default_generators:/home/jaboy/ros2_humble/install/rosidl_generator_py:/home/jaboy/ros2_humble/install/rosidl_typesupport_introspection_tests:/home/jaboy/ros2_humble/install/rosidl_typesupport_cpp:/home/jaboy/ros2_humble/install/rosidl_typesupport_introspection_cpp:/home/jaboy/ros2_humble/install/rosidl_typesupport_c:/home/jaboy/ros2_humble/install/rosidl_typesupport_introspection_c:/home/jaboy/ros2_humble/install/rosidl_typesupport_fastrtps_c:/home/jaboy/ros2_humble/install/rosidl_typesupport_fastrtps_cpp:/home/jaboy/ros2_humble/install/rosidl_generator_cpp:/home/jaboy/ros2_humble/install/rosidl_runtime_cpp:/home/jaboy/ros2_humble/install/rcl_yaml_param_parser:/home/jaboy/ros2_humble/install/rmw:/home/jaboy/ros2_humble/install/rosidl_runtime_c:/home/jaboy/ros2_humble/install/rosidl_generator_c:/home/jaboy/ros2_humble/install/rosidl_typesupport_interface:/home/jaboy/ros2_humble/install/rosidl_generator_dds_idl:/home/jaboy/ros2_humble/install/rosidl_cmake:/home/jaboy/ros2_humble/install/rosidl_parser:/home/jaboy/ros2_humble/install/rosidl_adapter:/home/jaboy/ros2_humble/install/rosbag2_tests:/home/jaboy/ros2_humble/install/ros_environment:/home/jaboy/ros2_humble/install/rmw_implementation_cmake:/home/jaboy/ros2_humble/install/resource_retriever:/home/jaboy/ros2_humble/install/class_loader:/home/jaboy/ros2_humble/install/rcpputils:/home/jaboy/ros2_humble/install/rcl_logging_noop:/home/jaboy/ros2_humble/install/rcl_logging_interface:/home/jaboy/ros2_humble/install/rcutils:/home/jaboy/ros2_humble/install/qt_gui_py_common:/home/jaboy/ros2_humble/install/qt_dotgraph:/home/jaboy/ros2_humble/install/python_qt_binding:/home/jaboy/ros2_humble/install/python_orocos_kdl_vendor:/home/jaboy/ros2_humble/install/launch_testing_ament_cmake:/home/jaboy/ros2_humble/install/python_cmake_module:/home/jaboy/ros2_humble/install/pybind11_vendor:/home/jaboy/ros2_humble/install/performance_test_fixture:/home/jaboy/ros2_humble/install/osrf_testing_tools_cpp:/home/jaboy/ros2_humble/install/orocos_kdl_vendor:/home/jaboy/ros2_humble/install/mimick_vendor:/home/jaboy/ros2_humble/install/libyaml_vendor:/home/jaboy/ros2_humble/install/libcurl_vendor:/home/jaboy/ros2_humble/install/keyboard_handler:/home/jaboy/ros2_humble/install/iceoryx_introspection:/home/jaboy/ros2_humble/install/cyclonedds:/home/jaboy/ros2_humble/install/iceoryx_posh:/home/jaboy/ros2_humble/install/iceoryx_hoofs:/home/jaboy/ros2_humble/install/iceoryx_binding_c:/home/jaboy/ros2_humble/install/ament_cmake_ros:/home/jaboy/ros2_humble/install/ament_cmake_auto:/home/jaboy/ros2_humble/install/ament_cmake_gmock:/home/jaboy/ros2_humble/install/gmock_vendor:/home/jaboy/ros2_humble/install/ament_cmake_gtest:/home/jaboy/ros2_humble/install/gtest_vendor:/home/jaboy/ros2_humble/install/ament_cmake_google_benchmark:/home/jaboy/ros2_humble/install/google_benchmark_vendor:/home/jaboy/ros2_humble/install/fastrtps:/home/jaboy/ros2_humble/install/foonathan_memory_vendor:/home/jaboy/ros2_humble/install/fastrtps_cmake_module:/home/jaboy/ros2_humble/install/fastcdr:/home/jaboy/ros2_humble/install/eigen3_cmake_module:/home/jaboy/ros2_humble/install/console_bridge_vendor:/home/jaboy/ros2_humble/install/ament_cmake_xmllint:/home/jaboy/ros2_humble/install/ament_cmake_pyflakes:/home/jaboy/ros2_humble/install/ament_cmake_pycodestyle:/home/jaboy/ros2_humble/install/ament_cmake_pep257:/home/jaboy/ros2_humble/install/ament_cmake_pclint:/home/jaboy/ros2_humble/install/ament_lint_auto:/home/jaboy/ros2_humble/install/ament_cmake:/home/jaboy/ros2_humble/install/ament_cmake_version:/home/jaboy/ros2_humble/install/ament_cmake_vendor_package:/home/jaboy/ros2_humble/install/ament_cmake_pytest:/home/jaboy/ros2_humble/install/ament_cmake_nose:/home/jaboy/ros2_humble/install/ament_cmake_mypy:/home/jaboy/ros2_humble/install/ament_cmake_lint_cmake:/home/jaboy/ros2_humble/install/ament_cmake_flake8:/home/jaboy/ros2_humble/install/ament_cmake_cpplint:/home/jaboy/ros2_humble/install/ament_cmake_cppcheck:/home/jaboy/ros2_humble/install/ament_cmake_copyright:/home/jaboy/ros2_humble/install/ament_cmake_clang_tidy:/home/jaboy/ros2_humble/install/ament_cmake_clang_format:/home/jaboy/ros2_humble/install/ament_cmake_test:/home/jaboy/ros2_humble/install/ament_cmake_target_dependencies:/home/jaboy/ros2_humble/install/ament_cmake_python:/home/jaboy/ros2_humble/install/ament_cmake_export_dependencies:/home/jaboy/ros2_humble/install/ament_cmake_libraries:/home/jaboy/ros2_humble/install/ament_cmake_include_directories:/home/jaboy/ros2_humble/install/ament_cmake_gen_version_h:/home/jaboy/ros2_humble/install/ament_cmake_export_targets:/home/jaboy/ros2_humble/install/ament_cmake_export_link_flags:/home/jaboy/ros2_humble/install/ament_cmake_export_interfaces:/home/jaboy/ros2_humble/install/ament_cmake_export_libraries:/home/jaboy/ros2_humble/install/ament_cmake_export_include_directories:/home/jaboy/ros2_humble/install/ament_cmake_export_definitions:/home/jaboy/ros2_humble/install/ament_cmake_core:/home/jaboy/ros2_humble/install/ament_index_cpp:/home/jaboy/ros2_ws/install/quat_to_euler:/home/jaboy/ros2_ws/install/hw3-kinematics:/home/jaboy/ros2_ws/install/examples_rclcpp_wait_set:/home/jaboy/ros2_ws/install/examples_rclcpp_multithreaded_executor:/home/jaboy/ros2_ws/install/examples_rclcpp_minimal_timer:/home/jaboy/ros2_ws/install/examples_rclcpp_minimal_subscriber:/home/jaboy/ros2_ws/install/examples_rclcpp_minimal_service:/home/jaboy/ros2_ws/install/examples_rclcpp_minimal_publisher:/home/jaboy/ros2_ws/install/examples_rclcpp_minimal_composition:/home/jaboy/ros2_ws/install/examples_rclcpp_minimal_client:/home/jaboy/ros2_ws/install/examples_rclcpp_minimal_action_server:/home/jaboy/ros2_ws/install/examples_rclcpp_minimal_action_client:/home/jaboy/ros2_ws/install/examples_rclcpp_cbg_executor:/home/jaboy/ros2_ws/install/examples_rclcpp_async_client:/home/jaboy/Documents/RBE500_Project/RBE500_Project/install/inverse_kinematics:/home/jaboy/Documents/RBE500_Project/RBE500_Project/install/forward_kinematics:/home/jaboy/Documents/RBE500_Project/RBE500_Project/install/control:/home/jaboy/ros2_humble/install/rqt_bag_plugins:/home/jaboy/ros2_humble/install/rqt_bag:/home/jaboy/ros2_humble/install/launch_testing_examples:/home/jaboy/ros2_humble/install/ros2bag:/home/jaboy/ros2_humble/install/tracetools_test:/home/jaboy/ros2_humble/install/tracetools_launch:/home/jaboy/ros2_humble/install/topic_monitor:/home/jaboy/ros2_humble/install/tf2_tools:/home/jaboy/ros2_humble/install/examples_tf2_py:/home/jaboy/ros2_humble/install/tf2_ros_py:/home/jaboy/ros2_humble/install/sros2:/home/jaboy/ros2_humble/install/rqt_topic:/home/jaboy/ros2_humble/install/rqt_srv:/home/jaboy/ros2_humble/install/rqt_shell:/home/jaboy/ros2_humble/install/rqt_service_caller:/home/jaboy/ros2_humble/install/rqt_reconfigure:/home/jaboy/ros2_humble/install/rqt_py_console:/home/jaboy/ros2_humble/install/rqt_publisher:/home/jaboy/ros2_humble/install/rqt_plot:/home/jaboy/ros2_humble/install/rqt_action:/home/jaboy/ros2_humble/install/rqt_msg:/home/jaboy/ros2_humble/install/rqt_console:/home/jaboy/ros2_humble/install/rqt:/home/jaboy/ros2_humble/install/rqt_graph:/home/jaboy/ros2_humble/install/rqt_gui_py:/home/jaboy/ros2_humble/install/rqt_gui:/home/jaboy/ros2_humble/install/ros2trace:/home/jaboy/ros2_humble/install/ros2topic:/home/jaboy/ros2_humble/install/ros2test:/home/jaboy/ros2_humble/install/ros2component:/home/jaboy/ros2_humble/install/ros2param:/home/jaboy/ros2_humble/install/ros2lifecycle:/home/jaboy/ros2_humble/install/ros2service:/home/jaboy/ros2_humble/install/ros2run:/home/jaboy/ros2_humble/install/ros2launch:/home/jaboy/ros2_humble/install/ros2pkg:/home/jaboy/ros2_humble/install/ros2node:/home/jaboy/ros2_humble/install/ros2multicast:/home/jaboy/ros2_humble/install/ros2interface:/home/jaboy/ros2_humble/install/ros2doctor:/home/jaboy/ros2_humble/install/ros2action:/home/jaboy/ros2_humble/install/ros2cli:/home/jaboy/ros2_humble/install/quality_of_service_demo_py:/home/jaboy/ros2_humble/install/lifecycle_py:/home/jaboy/ros2_humble/install/launch_testing_ros:/home/jaboy/ros2_humble/install/launch_ros:/home/jaboy/ros2_humble/install/examples_rclpy_pointcloud_publisher:/home/jaboy/ros2_humble/install/examples_rclpy_minimal_subscriber:/home/jaboy/ros2_humble/install/examples_rclpy_minimal_service:/home/jaboy/ros2_humble/install/examples_rclpy_minimal_publisher:/home/jaboy/ros2_humble/install/examples_rclpy_minimal_client:/home/jaboy/ros2_humble/install/examples_rclpy_minimal_action_server:/home/jaboy/ros2_humble/install/examples_rclpy_minimal_action_client:/home/jaboy/ros2_humble/install/examples_rclpy_guard_conditions:/home/jaboy/ros2_humble/install/examples_rclpy_executors:/home/jaboy/ros2_humble/install/demo_nodes_py:/home/jaboy/ros2_humble/install/camera_info_manager_py:/home/jaboy/ros2_humble/install/action_tutorials_py:/home/jaboy/ros2_humble/install/ament_uncrustify:/home/jaboy/ros2_humble/install/tracetools_trace:/home/jaboy/ros2_humble/install/tracetools_read:/home/jaboy/ros2_humble/install/rclcpp_lifecycle:/home/jaboy/ros2_humble/install/examples_rclcpp_cbg_executor:/home/jaboy/ros2_humble/install/test_tracetools_launch:/home/jaboy/ros2_humble/install/test_launch_ros:/home/jaboy/ros2_humble/install/sensor_msgs_py:/home/jaboy/ros2_humble/install/rpyutils:/home/jaboy/ros2_humble/install/rosidl_runtime_py:/home/jaboy/ros2_humble/install/rosidl_cli:/home/jaboy/ros2_humble/install/launch_pytest:/home/jaboy/ros2_humble/install/launch_testing:/home/jaboy/ros2_humble/install/launch_yaml:/home/jaboy/ros2_humble/install/launch_xml:/home/jaboy/ros2_humble/install/launch:/home/jaboy/ros2_humble/install/osrf_pycommon:/home/jaboy/ros2_humble/install/domain_coordinator:/home/jaboy/ros2_humble/install/ament_xmllint:/home/jaboy/ros2_humble/install/ament_pyflakes:/home/jaboy/ros2_humble/install/ament_pycodestyle:/home/jaboy/ros2_humble/install/ament_pep257:/home/jaboy/ros2_humble/install/ament_pclint:/home/jaboy/ros2_humble/install/ament_package:/home/jaboy/ros2_humble/install/ament_mypy:/home/jaboy/ros2_humble/install/ament_lint_cmake:/home/jaboy/ros2_humble/install/ament_flake8:/home/jaboy/ros2_humble/install/ament_copyright:/home/jaboy/ros2_humble/install/ament_lint:/home/jaboy/ros2_humble/install/ament_index_python:/home/jaboy/ros2_humble/install/ament_cpplint:/home/jaboy/ros2_humble/install/ament_cppcheck:/home/jaboy/ros2_humble/install/ament_clang_tidy:/home/jaboy/ros2_humble/install/ament_clang_format:/home/jaboy/ros2_ws/install/launch_testing_examples:/home/jaboy/ros2_ws/install/examples_rclpy_pointcloud_publisher:/home/jaboy/ros2_ws/install/examples_rclpy_minimal_subscriber:/home/jaboy/ros2_ws/install/examples_rclpy_minimal_service:/home/jaboy/ros2_ws/install/examples_rclpy_minimal_publisher:/home/jaboy/ros2_ws/install/examples_rclpy_minimal_client:/home/jaboy/ros2_ws/install/examples_rclpy_minimal_action_server:/home/jaboy/ros2_ws/install/examples_rclpy_minimal_action_client:/home/jaboy/ros2_ws/install/examples_rclpy_guard_conditions:/home/jaboy/ros2_ws/install/examples_rclpy_executors:/opt/ros/humble IGN_GAZEBO_RESOURCE_PATH=/home/jaboy/Documents/RBE500_Project/RBE500_Project/install/ros_gz_example_description/share/ros_gz_example_description/models:${IGN_GAZEBO_RESOURCE_PATH} /usr/bin/cmake --install /home/jaboy/Documents/RBE500_Project/RBE500_Project/build/ros_gz_example_gazebo
[2.693s] Level 1:colcon.colcon_core.environment:create_environment_scripts_only(ros_gz_example_gazebo)
[2.694s] Level 1:colcon.colcon_core.environment:checking '/home/jaboy/Documents/RBE500_Project/RBE500_Project/install/ros_gz_example_gazebo' for CMake module files
[2.694s] DEBUG:colcon.colcon_core.event_handler.log_command:Invoked command in '/home/jaboy/Documents/RBE500_Project/RBE500_Project/build/ros_gz_example_gazebo' returned '0': CMAKE_PREFIX_PATH=/home/jaboy/Documents/RBE500_Project/RBE500_Project/install/ros_gz_example_description:/home/jaboy/Documents/RBE500_Project/RBE500_Project/install/ros_gz_example_bringup:/home/jaboy/Documents/RBE500_Project/RBE500_Project/install/ros_gz_example_gazebo:/home/jaboy/Documents/RBE500_Project/RBE500_Project/install/ros_gz_example_application:/home/jaboy/Documents/RBE500_Project/RBE500_Project/install/inverse_kin:/home/jaboy/Documents/RBE500_Project/RBE500_Project/install/custom_interfaces:/home/jaboy/ros2_humble/install/rosbag2_storage_mcap:/home/jaboy/ros2_humble/install/rosbag2:/home/jaboy/ros2_humble/install/rosbag2_compression_zstd:/home/jaboy/ros2_humble/install/mcap_vendor:/home/jaboy/ros2_humble/install/zstd_vendor:/home/jaboy/ros2_humble/install/rviz_visual_testing_framework:/home/jaboy/ros2_humble/install/rviz2:/home/jaboy/ros2_humble/install/rviz_default_plugins:/home/jaboy/ros2_humble/install/rviz_common:/home/jaboy/ros2_humble/install/rosbag2_py:/home/jaboy/ros2_humble/install/rosbag2_transport:/home/jaboy/ros2_humble/install/rosbag2_storage_default_plugins:/home/jaboy/ros2_humble/install/rosbag2_performance_benchmarking:/home/jaboy/ros2_humble/install/rosbag2_compression:/home/jaboy/ros2_humble/install/rosbag2_cpp:/home/jaboy/ros2_humble/install/rosbag2_storage:/home/jaboy/ros2_humble/install/image_common:/home/jaboy/ros2_humble/install/camera_info_manager:/home/jaboy/ros2_humble/install/camera_calibration_parsers:/home/jaboy/ros2_humble/install/yaml_cpp_vendor:/home/jaboy/ros2_humble/install/interactive_markers:/home/jaboy/ros2_humble/install/common_interfaces:/home/jaboy/ros2_humble/install/visualization_msgs:/home/jaboy/ros2_humble/install/dummy_robot_bringup:/home/jaboy/ros2_humble/install/robot_state_publisher:/home/jaboy/ros2_humble/install/kdl_parser:/home/jaboy/ros2_humble/install/urdf:/home/jaboy/ros2_humble/install/urdfdom:/home/jaboy/ros2_humble/install/urdf_parser_plugin:/home/jaboy/ros2_humble/install/urdfdom_headers:/home/jaboy/ros2_humble/install/turtlesim:/home/jaboy/ros2_humble/install/geometry2:/home/jaboy/ros2_humble/install/tf2_sensor_msgs:/home/jaboy/ros2_humble/install/test_tf2:/home/jaboy/ros2_humble/install/tf2_kdl:/home/jaboy/ros2_humble/install/tf2_geometry_msgs:/home/jaboy/ros2_humble/install/tf2_eigen:/home/jaboy/ros2_humble/install/tf2_bullet:/home/jaboy/ros2_humble/install/tf2_ros:/home/jaboy/ros2_humble/install/tf2_py:/home/jaboy/ros2_humble/install/tf2_msgs:/home/jaboy/ros2_humble/install/test_msgs:/home/jaboy/ros2_humble/install/sros2_cmake:/home/jaboy/ros2_humble/install/ros2cli_common_extensions:/home/jaboy/ros2_humble/install/rqt_py_common:/home/jaboy/ros2_humble/install/rosbag2_storage_mcap_testdata:/home/jaboy/ros2_humble/install/ros_testing:/home/jaboy/ros2_humble/install/ros2cli_test_interfaces:/home/jaboy/ros2_humble/install/quality_of_service_demo_cpp:/home/jaboy/ros2_humble/install/image_transport:/home/jaboy/ros2_humble/install/message_filters:/home/jaboy/ros2_humble/install/demo_nodes_cpp:/home/jaboy/ros2_humble/install/composition:/home/jaboy/ros2_humble/install/laser_geometry:/home/jaboy/ros2_humble/install/rclpy:/home/jaboy/ros2_humble/install/examples_rclcpp_minimal_action_server:/home/jaboy/ros2_humble/install/examples_rclcpp_minimal_action_client:/home/jaboy/ros2_humble/install/action_tutorials_cpp:/home/jaboy/ros2_humble/install/rclcpp_action:/home/jaboy/ros2_humble/install/rcl_action:/home/jaboy/ros2_humble/install/examples_rclcpp_wait_set:/home/jaboy/ros2_humble/install/examples_rclcpp_minimal_service:/home/jaboy/ros2_humble/install/examples_rclcpp_minimal_client:/home/jaboy/ros2_humble/install/examples_rclcpp_async_client:/home/jaboy/ros2_humble/install/example_interfaces:/home/jaboy/ros2_humble/install/action_tutorials_interfaces:/home/jaboy/ros2_humble/install/action_msgs:/home/jaboy/ros2_humble/install/unique_identifier_msgs:/home/jaboy/ros2_humble/install/ament_lint_common:/home/jaboy/ros2_humble/install/ament_cmake_uncrustify:/home/jaboy/ros2_humble/install/uncrustify_vendor:/home/jaboy/ros2_humble/install/trajectory_msgs:/home/jaboy/ros2_humble/install/topic_statistics_demo:/home/jaboy/ros2_humble/install/pendulum_control:/home/jaboy/ros2_humble/install/tlsf_cpp:/home/jaboy/ros2_humble/install/test_tracetools:/home/jaboy/ros2_humble/install/rqt_gui_cpp:/home/jaboy/ros2_humble/install/rosbag2_test_common:/home/jaboy/ros2_humble/install/ros2lifecycle_test_fixtures:/home/jaboy/ros2_humble/install/lifecycle:/home/jaboy/ros2_humble/install/logging_demo:/home/jaboy/ros2_humble/install/image_tools:/home/jaboy/ros2_humble/install/examples_rclcpp_minimal_subscriber:/home/jaboy/ros2_humble/install/examples_rclcpp_minimal_composition:/home/jaboy/ros2_humble/install/demo_nodes_cpp_native:/home/jaboy/ros2_humble/install/rclcpp_components:/home/jaboy/ros2_humble/install/intra_process_demo:/home/jaboy/ros2_humble/install/examples_rclcpp_multithreaded_executor:/home/jaboy/ros2_humble/install/examples_rclcpp_minimal_timer:/home/jaboy/ros2_humble/install/examples_rclcpp_minimal_publisher:/home/jaboy/ros2_humble/install/dummy_sensors:/home/jaboy/ros2_humble/install/dummy_map_server:/home/jaboy/ros2_humble/install/rclcpp:/home/jaboy/ros2_humble/install/rcl_lifecycle:/home/jaboy/ros2_humble/install/libstatistics_collector:/home/jaboy/ros2_humble/install/rcl:/home/jaboy/ros2_humble/install/rmw_implementation:/home/jaboy/ros2_humble/install/rmw_fastrtps_dynamic_cpp:/home/jaboy/ros2_humble/install/rmw_fastrtps_cpp:/home/jaboy/ros2_humble/install/rmw_fastrtps_shared_cpp:/home/jaboy/ros2_humble/install/rmw_cyclonedds_cpp:/home/jaboy/ros2_humble/install/tracetools:/home/jaboy/ros2_humble/install/tlsf:/home/jaboy/ros2_humble/install/tinyxml_vendor:/home/jaboy/ros2_humble/install/qt_gui_core:/home/jaboy/ros2_humble/install/qt_gui_cpp:/home/jaboy/ros2_humble/install/pluginlib:/home/jaboy/ros2_humble/install/tinyxml2_vendor:/home/jaboy/ros2_humble/install/tf2_eigen_kdl:/home/jaboy/ros2_humble/install/tf2:/home/jaboy/ros2_humble/install/test_security:/home/jaboy/ros2_humble/install/test_rmw_implementation:/home/jaboy/ros2_humble/install/test_rclcpp:/home/jaboy/ros2_humble/install/test_quality_of_service:/home/jaboy/ros2_humble/install/test_launch_testing:/home/jaboy/ros2_humble/install/test_interface_files:/home/jaboy/ros2_humble/install/test_communication:/home/jaboy/ros2_humble/install/test_cli_remapping:/home/jaboy/ros2_humble/install/test_cli:/home/jaboy/ros2_humble/install/qt_gui_app:/home/jaboy/ros2_humble/install/qt_gui:/home/jaboy/ros2_humble/install/tango_icons_vendor:/home/jaboy/ros2_humble/install/stereo_msgs:/home/jaboy/ros2_humble/install/std_srvs:/home/jaboy/ros2_humble/install/shape_msgs:/home/jaboy/ros2_humble/install/map_msgs:/home/jaboy/ros2_humble/install/sensor_msgs:/home/jaboy/ros2_humble/install/nav_msgs:/home/jaboy/ros2_humble/install/diagnostic_msgs:/home/jaboy/ros2_humble/install/geometry_msgs:/home/jaboy/ros2_humble/install/actionlib_msgs:/home/jaboy/ros2_humble/install/std_msgs:/home/jaboy/ros2_humble/install/statistics_msgs:/home/jaboy/ros2_humble/install/sqlite3_vendor:/home/jaboy/ros2_humble/install/rcl_logging_spdlog:/home/jaboy/ros2_humble/install/spdlog_vendor:/home/jaboy/ros2_humble/install/shared_queues_vendor:/home/jaboy/ros2_humble/install/rviz_rendering_tests:/home/jaboy/ros2_humble/install/rviz_rendering:/home/jaboy/ros2_humble/install/rviz_ogre_vendor:/home/jaboy/ros2_humble/install/rviz_assimp_vendor:/home/jaboy/ros2_humble/install/rttest:/home/jaboy/ros2_humble/install/rmw_connextddsmicro:/home/jaboy/ros2_humble/install/rmw_connextdds:/home/jaboy/ros2_humble/install/rmw_connextdds_common:/home/jaboy/ros2_humble/install/rti_connext_dds_cmake_module:/home/jaboy/ros2_humble/install/rosgraph_msgs:/home/jaboy/ros2_humble/install/rosbag2_interfaces:/home/jaboy/ros2_humble/install/rmw_dds_common:/home/jaboy/ros2_humble/install/composition_interfaces:/home/jaboy/ros2_humble/install/rcl_interfaces:/home/jaboy/ros2_humble/install/pendulum_msgs:/home/jaboy/ros2_humble/install/lifecycle_msgs:/home/jaboy/ros2_humble/install/builtin_interfaces:/home/jaboy/ros2_humble/install/rosidl_default_runtime:/home/jaboy/ros2_humble/install/rosidl_default_generators:/home/jaboy/ros2_humble/install/rosidl_generator_py:/home/jaboy/ros2_humble/install/rosidl_typesupport_introspection_tests:/home/jaboy/ros2_humble/install/rosidl_typesupport_cpp:/home/jaboy/ros2_humble/install/rosidl_typesupport_introspection_cpp:/home/jaboy/ros2_humble/install/rosidl_typesupport_c:/home/jaboy/ros2_humble/install/rosidl_typesupport_introspection_c:/home/jaboy/ros2_humble/install/rosidl_typesupport_fastrtps_c:/home/jaboy/ros2_humble/install/rosidl_typesupport_fastrtps_cpp:/home/jaboy/ros2_humble/install/rosidl_generator_cpp:/home/jaboy/ros2_humble/install/rosidl_runtime_cpp:/home/jaboy/ros2_humble/install/rcl_yaml_param_parser:/home/jaboy/ros2_humble/install/rmw:/home/jaboy/ros2_humble/install/rosidl_runtime_c:/home/jaboy/ros2_humble/install/rosidl_generator_c:/home/jaboy/ros2_humble/install/rosidl_typesupport_interface:/home/jaboy/ros2_humble/install/rosidl_generator_dds_idl:/home/jaboy/ros2_humble/install/rosidl_cmake:/home/jaboy/ros2_humble/install/rosidl_parser:/home/jaboy/ros2_humble/install/rosidl_adapter:/home/jaboy/ros2_humble/install/rosbag2_tests:/home/jaboy/ros2_humble/install/ros_environment:/home/jaboy/ros2_humble/install/rmw_implementation_cmake:/home/jaboy/ros2_humble/install/resource_retriever:/home/jaboy/ros2_humble/install/class_loader:/home/jaboy/ros2_humble/install/rcpputils:/home/jaboy/ros2_humble/install/rcl_logging_noop:/home/jaboy/ros2_humble/install/rcl_logging_interface:/home/jaboy/ros2_humble/install/rcutils:/home/jaboy/ros2_humble/install/qt_gui_py_common:/home/jaboy/ros2_humble/install/qt_dotgraph:/home/jaboy/ros2_humble/install/python_qt_binding:/home/jaboy/ros2_humble/install/python_orocos_kdl_vendor:/home/jaboy/ros2_humble/install/launch_testing_ament_cmake:/home/jaboy/ros2_humble/install/python_cmake_module:/home/jaboy/ros2_humble/install/pybind11_vendor:/home/jaboy/ros2_humble/install/performance_test_fixture:/home/jaboy/ros2_humble/install/osrf_testing_tools_cpp:/home/jaboy/ros2_humble/install/orocos_kdl_vendor:/home/jaboy/ros2_humble/install/mimick_vendor:/home/jaboy/ros2_humble/install/libyaml_vendor:/home/jaboy/ros2_humble/install/libcurl_vendor:/home/jaboy/ros2_humble/install/keyboard_handler:/home/jaboy/ros2_humble/install/iceoryx_introspection:/home/jaboy/ros2_humble/install/cyclonedds:/home/jaboy/ros2_humble/install/iceoryx_posh:/home/jaboy/ros2_humble/install/iceoryx_hoofs:/home/jaboy/ros2_humble/install/iceoryx_binding_c:/home/jaboy/ros2_humble/install/ament_cmake_ros:/home/jaboy/ros2_humble/install/ament_cmake_auto:/home/jaboy/ros2_humble/install/ament_cmake_gmock:/home/jaboy/ros2_humble/install/gmock_vendor:/home/jaboy/ros2_humble/install/ament_cmake_gtest:/home/jaboy/ros2_humble/install/gtest_vendor:/home/jaboy/ros2_humble/install/ament_cmake_google_benchmark:/home/jaboy/ros2_humble/install/google_benchmark_vendor:/home/jaboy/ros2_humble/install/fastrtps:/home/jaboy/ros2_humble/install/foonathan_memory_vendor:/home/jaboy/ros2_humble/install/fastrtps_cmake_module:/home/jaboy/ros2_humble/install/fastcdr:/home/jaboy/ros2_humble/install/eigen3_cmake_module:/home/jaboy/ros2_humble/install/console_bridge_vendor:/home/jaboy/ros2_humble/install/ament_cmake_xmllint:/home/jaboy/ros2_humble/install/ament_cmake_pyflakes:/home/jaboy/ros2_humble/install/ament_cmake_pycodestyle:/home/jaboy/ros2_humble/install/ament_cmake_pep257:/home/jaboy/ros2_humble/install/ament_cmake_pclint:/home/jaboy/ros2_humble/install/ament_lint_auto:/home/jaboy/ros2_humble/install/ament_cmake:/home/jaboy/ros2_humble/install/ament_cmake_version:/home/jaboy/ros2_humble/install/ament_cmake_vendor_package:/home/jaboy/ros2_humble/install/ament_cmake_pytest:/home/jaboy/ros2_humble/install/ament_cmake_nose:/home/jaboy/ros2_humble/install/ament_cmake_mypy:/home/jaboy/ros2_humble/install/ament_cmake_lint_cmake:/home/jaboy/ros2_humble/install/ament_cmake_flake8:/home/jaboy/ros2_humble/install/ament_cmake_cpplint:/home/jaboy/ros2_humble/install/ament_cmake_cppcheck:/home/jaboy/ros2_humble/install/ament_cmake_copyright:/home/jaboy/ros2_humble/install/ament_cmake_clang_tidy:/home/jaboy/ros2_humble/install/ament_cmake_clang_format:/home/jaboy/ros2_humble/install/ament_cmake_test:/home/jaboy/ros2_humble/install/ament_cmake_target_dependencies:/home/jaboy/ros2_humble/install/ament_cmake_python:/home/jaboy/ros2_humble/install/ament_cmake_export_dependencies:/home/jaboy/ros2_humble/install/ament_cmake_libraries:/home/jaboy/ros2_humble/install/ament_cmake_include_directories:/home/jaboy/ros2_humble/install/ament_cmake_gen_version_h:/home/jaboy/ros2_humble/install/ament_cmake_export_targets:/home/jaboy/ros2_humble/install/ament_cmake_export_link_flags:/home/jaboy/ros2_humble/install/ament_cmake_export_interfaces:/home/jaboy/ros2_humble/install/ament_cmake_export_libraries:/home/jaboy/ros2_humble/install/ament_cmake_export_include_directories:/home/jaboy/ros2_humble/install/ament_cmake_export_definitions:/home/jaboy/ros2_humble/install/ament_cmake_core:/home/jaboy/ros2_humble/install/ament_index_cpp:/home/jaboy/ros2_ws/install/quat_to_euler:/home/jaboy/ros2_ws/install/hw3-kinematics:/home/jaboy/ros2_ws/install/examples_rclcpp_wait_set:/home/jaboy/ros2_ws/install/examples_rclcpp_multithreaded_executor:/home/jaboy/ros2_ws/install/examples_rclcpp_minimal_timer:/home/jaboy/ros2_ws/install/examples_rclcpp_minimal_subscriber:/home/jaboy/ros2_ws/install/examples_rclcpp_minimal_service:/home/jaboy/ros2_ws/install/examples_rclcpp_minimal_publisher:/home/jaboy/ros2_ws/install/examples_rclcpp_minimal_composition:/home/jaboy/ros2_ws/install/examples_rclcpp_minimal_client:/home/jaboy/ros2_ws/install/examples_rclcpp_minimal_action_server:/home/jaboy/ros2_ws/install/examples_rclcpp_minimal_action_client:/home/jaboy/ros2_ws/install/examples_rclcpp_cbg_executor:/home/jaboy/ros2_ws/install/examples_rclcpp_async_client:/home/jaboy/Documents/RBE500_Project/RBE500_Project/install/inverse_kinematics:/home/jaboy/Documents/RBE500_Project/RBE500_Project/install/forward_kinematics:/home/jaboy/Documents/RBE500_Project/RBE500_Project/install/control:/home/jaboy/ros2_humble/install/rqt_bag_plugins:/home/jaboy/ros2_humble/install/rqt_bag:/home/jaboy/ros2_humble/install/launch_testing_examples:/home/jaboy/ros2_humble/install/ros2bag:/home/jaboy/ros2_humble/install/tracetools_test:/home/jaboy/ros2_humble/install/tracetools_launch:/home/jaboy/ros2_humble/install/topic_monitor:/home/jaboy/ros2_humble/install/tf2_tools:/home/jaboy/ros2_humble/install/examples_tf2_py:/home/jaboy/ros2_humble/install/tf2_ros_py:/home/jaboy/ros2_humble/install/sros2:/home/jaboy/ros2_humble/install/rqt_topic:/home/jaboy/ros2_humble/install/rqt_srv:/home/jaboy/ros2_humble/install/rqt_shell:/home/jaboy/ros2_humble/install/rqt_service_caller:/home/jaboy/ros2_humble/install/rqt_reconfigure:/home/jaboy/ros2_humble/install/rqt_py_console:/home/jaboy/ros2_humble/install/rqt_publisher:/home/jaboy/ros2_humble/install/rqt_plot:/home/jaboy/ros2_humble/install/rqt_action:/home/jaboy/ros2_humble/install/rqt_msg:/home/jaboy/ros2_humble/install/rqt_console:/home/jaboy/ros2_humble/install/rqt:/home/jaboy/ros2_humble/install/rqt_graph:/home/jaboy/ros2_humble/install/rqt_gui_py:/home/jaboy/ros2_humble/install/rqt_gui:/home/jaboy/ros2_humble/install/ros2trace:/home/jaboy/ros2_humble/install/ros2topic:/home/jaboy/ros2_humble/install/ros2test:/home/jaboy/ros2_humble/install/ros2component:/home/jaboy/ros2_humble/install/ros2param:/home/jaboy/ros2_humble/install/ros2lifecycle:/home/jaboy/ros2_humble/install/ros2service:/home/jaboy/ros2_humble/install/ros2run:/home/jaboy/ros2_humble/install/ros2launch:/home/jaboy/ros2_humble/install/ros2pkg:/home/jaboy/ros2_humble/install/ros2node:/home/jaboy/ros2_humble/install/ros2multicast:/home/jaboy/ros2_humble/install/ros2interface:/home/jaboy/ros2_humble/install/ros2doctor:/home/jaboy/ros2_humble/install/ros2action:/home/jaboy/ros2_humble/install/ros2cli:/home/jaboy/ros2_humble/install/quality_of_service_demo_py:/home/jaboy/ros2_humble/install/lifecycle_py:/home/jaboy/ros2_humble/install/launch_testing_ros:/home/jaboy/ros2_humble/install/launch_ros:/home/jaboy/ros2_humble/install/examples_rclpy_pointcloud_publisher:/home/jaboy/ros2_humble/install/examples_rclpy_minimal_subscriber:/home/jaboy/ros2_humble/install/examples_rclpy_minimal_service:/home/jaboy/ros2_humble/install/examples_rclpy_minimal_publisher:/home/jaboy/ros2_humble/install/examples_rclpy_minimal_client:/home/jaboy/ros2_humble/install/examples_rclpy_minimal_action_server:/home/jaboy/ros2_humble/install/examples_rclpy_minimal_action_client:/home/jaboy/ros2_humble/install/examples_rclpy_guard_conditions:/home/jaboy/ros2_humble/install/examples_rclpy_executors:/home/jaboy/ros2_humble/install/demo_nodes_py:/home/jaboy/ros2_humble/install/camera_info_manager_py:/home/jaboy/ros2_humble/install/action_tutorials_py:/home/jaboy/ros2_humble/install/ament_uncrustify:/home/jaboy/ros2_humble/install/tracetools_trace:/home/jaboy/ros2_humble/install/tracetools_read:/home/jaboy/ros2_humble/install/rclcpp_lifecycle:/home/jaboy/ros2_humble/install/examples_rclcpp_cbg_executor:/home/jaboy/ros2_humble/install/test_tracetools_launch:/home/jaboy/ros2_humble/install/test_launch_ros:/home/jaboy/ros2_humble/install/sensor_msgs_py:/home/jaboy/ros2_humble/install/rpyutils:/home/jaboy/ros2_humble/install/rosidl_runtime_py:/home/jaboy/ros2_humble/install/rosidl_cli:/home/jaboy/ros2_humble/install/launch_pytest:/home/jaboy/ros2_humble/install/launch_testing:/home/jaboy/ros2_humble/install/launch_yaml:/home/jaboy/ros2_humble/install/launch_xml:/home/jaboy/ros2_humble/install/launch:/home/jaboy/ros2_humble/install/osrf_pycommon:/home/jaboy/ros2_humble/install/domain_coordinator:/home/jaboy/ros2_humble/install/ament_xmllint:/home/jaboy/ros2_humble/install/ament_pyflakes:/home/jaboy/ros2_humble/install/ament_pycodestyle:/home/jaboy/ros2_humble/install/ament_pep257:/home/jaboy/ros2_humble/install/ament_pclint:/home/jaboy/ros2_humble/install/ament_package:/home/jaboy/ros2_humble/install/ament_mypy:/home/jaboy/ros2_humble/install/ament_lint_cmake:/home/jaboy/ros2_humble/install/ament_flake8:/home/jaboy/ros2_humble/install/ament_copyright:/home/jaboy/ros2_humble/install/ament_lint:/home/jaboy/ros2_humble/install/ament_index_python:/home/jaboy/ros2_humble/install/ament_cpplint:/home/jaboy/ros2_humble/install/ament_cppcheck:/home/jaboy/ros2_humble/install/ament_clang_tidy:/home/jaboy/ros2_humble/install/ament_clang_format:/home/jaboy/ros2_ws/install/launch_testing_examples:/home/jaboy/ros2_ws/install/examples_rclpy_pointcloud_publisher:/home/jaboy/ros2_ws/install/examples_rclpy_minimal_subscriber:/home/jaboy/ros2_ws/install/examples_rclpy_minimal_service:/home/jaboy/ros2_ws/install/examples_rclpy_minimal_publisher:/home/jaboy/ros2_ws/install/examples_rclpy_minimal_client:/home/jaboy/ros2_ws/install/examples_rclpy_minimal_action_server:/home/jaboy/ros2_ws/install/examples_rclpy_minimal_action_client:/home/jaboy/ros2_ws/install/examples_rclpy_guard_conditions:/home/jaboy/ros2_ws/install/examples_rclpy_executors:/opt/ros/humble IGN_GAZEBO_RESOURCE_PATH=/home/jaboy/Documents/RBE500_Project/RBE500_Project/install/ros_gz_example_description/share/ros_gz_example_description/models:${IGN_GAZEBO_RESOURCE_PATH} /usr/bin/cmake --install /home/jaboy/Documents/RBE500_Project/RBE500_Project/build/ros_gz_example_gazebo
[2.694s] Level 1:colcon.colcon_core.environment:checking '/home/jaboy/Documents/RBE500_Project/RBE500_Project/install/ros_gz_example_gazebo' for CMake config files
[2.695s] Level 1:colcon.colcon_core.shell:create_environment_hook('ros_gz_example_gazebo', 'cmake_prefix_path')
[2.695s] INFO:colcon.colcon_core.shell:Creating environment hook '/home/jaboy/Documents/RBE500_Project/RBE500_Project/install/ros_gz_example_gazebo/share/ros_gz_example_gazebo/hook/cmake_prefix_path.ps1'
[2.696s] INFO:colcon.colcon_core.shell:Creating environment descriptor '/home/jaboy/Documents/RBE500_Project/RBE500_Project/install/ros_gz_example_gazebo/share/ros_gz_example_gazebo/hook/cmake_prefix_path.dsv'
[2.696s] INFO:colcon.colcon_core.shell:Creating environment hook '/home/jaboy/Documents/RBE500_Project/RBE500_Project/install/ros_gz_example_gazebo/share/ros_gz_example_gazebo/hook/cmake_prefix_path.sh'
[2.697s] Level 1:colcon.colcon_core.environment:checking '/home/jaboy/Documents/RBE500_Project/RBE500_Project/install/ros_gz_example_gazebo/lib'
[2.697s] Level 1:colcon.colcon_core.environment:checking '/home/jaboy/Documents/RBE500_Project/RBE500_Project/install/ros_gz_example_gazebo/bin'
[2.697s] Level 1:colcon.colcon_core.environment:checking '/home/jaboy/Documents/RBE500_Project/RBE500_Project/install/ros_gz_example_gazebo/lib/pkgconfig/ros_gz_example_gazebo.pc'
[2.697s] Level 1:colcon.colcon_core.environment:checking '/home/jaboy/Documents/RBE500_Project/RBE500_Project/install/ros_gz_example_gazebo/lib/python3.10/site-packages'
[2.697s] Level 1:colcon.colcon_core.environment:checking '/home/jaboy/Documents/RBE500_Project/RBE500_Project/install/ros_gz_example_gazebo/bin'
[2.698s] INFO:colcon.colcon_core.shell:Creating package script '/home/jaboy/Documents/RBE500_Project/RBE500_Project/install/ros_gz_example_gazebo/share/ros_gz_example_gazebo/package.ps1'
[2.698s] INFO:colcon.colcon_core.shell:Creating package descriptor '/home/jaboy/Documents/RBE500_Project/RBE500_Project/install/ros_gz_example_gazebo/share/ros_gz_example_gazebo/package.dsv'
[2.698s] INFO:colcon.colcon_core.shell:Creating package script '/home/jaboy/Documents/RBE500_Project/RBE500_Project/install/ros_gz_example_gazebo/share/ros_gz_example_gazebo/package.sh'
[2.699s] INFO:colcon.colcon_core.shell:Creating package script '/home/jaboy/Documents/RBE500_Project/RBE500_Project/install/ros_gz_example_gazebo/share/ros_gz_example_gazebo/package.bash'
[2.699s] INFO:colcon.colcon_core.shell:Creating package script '/home/jaboy/Documents/RBE500_Project/RBE500_Project/install/ros_gz_example_gazebo/share/ros_gz_example_gazebo/package.zsh'
[2.700s] Level 1:colcon.colcon_core.environment:create_file_with_runtime_dependencies(/home/jaboy/Documents/RBE500_Project/RBE500_Project/install/ros_gz_example_gazebo/share/colcon-core/packages/ros_gz_example_gazebo)
[2.700s] Level 1:colcon.colcon_core.environment:create_environment_scripts_only(ros_gz_example_gazebo)
[2.700s] Level 1:colcon.colcon_core.environment:checking '/home/jaboy/Documents/RBE500_Project/RBE500_Project/install/ros_gz_example_gazebo' for CMake module files
[2.701s] Level 1:colcon.colcon_core.environment:checking '/home/jaboy/Documents/RBE500_Project/RBE500_Project/install/ros_gz_example_gazebo' for CMake config files
[2.701s] Level 1:colcon.colcon_core.shell:create_environment_hook('ros_gz_example_gazebo', 'cmake_prefix_path')
[2.701s] INFO:colcon.colcon_core.shell:Creating environment hook '/home/jaboy/Documents/RBE500_Project/RBE500_Project/install/ros_gz_example_gazebo/share/ros_gz_example_gazebo/hook/cmake_prefix_path.ps1'
[2.702s] INFO:colcon.colcon_core.shell:Creating environment descriptor '/home/jaboy/Documents/RBE500_Project/RBE500_Project/install/ros_gz_example_gazebo/share/ros_gz_example_gazebo/hook/cmake_prefix_path.dsv'
[2.702s] INFO:colcon.colcon_core.shell:Creating environment hook '/home/jaboy/Documents/RBE500_Project/RBE500_Project/install/ros_gz_example_gazebo/share/ros_gz_example_gazebo/hook/cmake_prefix_path.sh'
[2.703s] Level 1:colcon.colcon_core.environment:checking '/home/jaboy/Documents/RBE500_Project/RBE500_Project/install/ros_gz_example_gazebo/lib'
[2.703s] Level 1:colcon.colcon_core.environment:checking '/home/jaboy/Documents/RBE500_Project/RBE500_Project/install/ros_gz_example_gazebo/bin'
[2.703s] Level 1:colcon.colcon_core.environment:checking '/home/jaboy/Documents/RBE500_Project/RBE500_Project/install/ros_gz_example_gazebo/lib/pkgconfig/ros_gz_example_gazebo.pc'
[2.703s] Level 1:colcon.colcon_core.environment:checking '/home/jaboy/Documents/RBE500_Project/RBE500_Project/install/ros_gz_example_gazebo/lib/python3.10/site-packages'
[2.703s] Level 1:colcon.colcon_core.environment:checking '/home/jaboy/Documents/RBE500_Project/RBE500_Project/install/ros_gz_example_gazebo/bin'
[2.703s] INFO:colcon.colcon_core.shell:Creating package script '/home/jaboy/Documents/RBE500_Project/RBE500_Project/install/ros_gz_example_gazebo/share/ros_gz_example_gazebo/package.ps1'
[2.704s] INFO:colcon.colcon_core.shell:Creating package descriptor '/home/jaboy/Documents/RBE500_Project/RBE500_Project/install/ros_gz_example_gazebo/share/ros_gz_example_gazebo/package.dsv'
[2.704s] INFO:colcon.colcon_core.shell:Creating package script '/home/jaboy/Documents/RBE500_Project/RBE500_Project/install/ros_gz_example_gazebo/share/ros_gz_example_gazebo/package.sh'
[2.705s] INFO:colcon.colcon_core.shell:Creating package script '/home/jaboy/Documents/RBE500_Project/RBE500_Project/install/ros_gz_example_gazebo/share/ros_gz_example_gazebo/package.bash'
[2.705s] INFO:colcon.colcon_core.shell:Creating package script '/home/jaboy/Documents/RBE500_Project/RBE500_Project/install/ros_gz_example_gazebo/share/ros_gz_example_gazebo/package.zsh'
[2.705s] Level 1:colcon.colcon_core.environment:create_file_with_runtime_dependencies(/home/jaboy/Documents/RBE500_Project/RBE500_Project/install/ros_gz_example_gazebo/share/colcon-core/packages/ros_gz_example_gazebo)
[2.706s] INFO:colcon.colcon_ros.task.ament_cmake.build:Building ROS package in '/home/jaboy/Documents/RBE500_Project/RBE500_Project/ros_gz_example_bringup' with build type 'ament_cmake'
[2.706s] INFO:colcon.colcon_cmake.task.cmake.build:Building CMake package in '/home/jaboy/Documents/RBE500_Project/RBE500_Project/ros_gz_example_bringup'
[2.706s] INFO:colcon.colcon_core.shell:Skip shell extension 'powershell' for command environment: Not usable outside of PowerShell
[2.706s] DEBUG:colcon.colcon_core.shell:Skip shell extension 'dsv' for command environment
[2.756s] DEBUG:colcon.colcon_core.event_handler.log_command:Invoking command in '/home/jaboy/Documents/RBE500_Project/RBE500_Project/build/ros_gz_example_bringup': CMAKE_PREFIX_PATH=/home/jaboy/Documents/RBE500_Project/RBE500_Project/install/ros_gz_example_gazebo:/home/jaboy/Documents/RBE500_Project/RBE500_Project/install/ros_gz_example_description:/home/jaboy/Documents/RBE500_Project/RBE500_Project/install/ros_gz_example_bringup:/home/jaboy/Documents/RBE500_Project/RBE500_Project/install/ros_gz_example_application:/home/jaboy/Documents/RBE500_Project/RBE500_Project/install/inverse_kin:/home/jaboy/Documents/RBE500_Project/RBE500_Project/install/custom_interfaces:/home/jaboy/ros2_humble/install/rosbag2_storage_mcap:/home/jaboy/ros2_humble/install/rosbag2:/home/jaboy/ros2_humble/install/rosbag2_compression_zstd:/home/jaboy/ros2_humble/install/mcap_vendor:/home/jaboy/ros2_humble/install/zstd_vendor:/home/jaboy/ros2_humble/install/rviz_visual_testing_framework:/home/jaboy/ros2_humble/install/rviz2:/home/jaboy/ros2_humble/install/rviz_default_plugins:/home/jaboy/ros2_humble/install/rviz_common:/home/jaboy/ros2_humble/install/rosbag2_py:/home/jaboy/ros2_humble/install/rosbag2_transport:/home/jaboy/ros2_humble/install/rosbag2_storage_default_plugins:/home/jaboy/ros2_humble/install/rosbag2_performance_benchmarking:/home/jaboy/ros2_humble/install/rosbag2_compression:/home/jaboy/ros2_humble/install/rosbag2_cpp:/home/jaboy/ros2_humble/install/rosbag2_storage:/home/jaboy/ros2_humble/install/image_common:/home/jaboy/ros2_humble/install/camera_info_manager:/home/jaboy/ros2_humble/install/camera_calibration_parsers:/home/jaboy/ros2_humble/install/yaml_cpp_vendor:/home/jaboy/ros2_humble/install/interactive_markers:/home/jaboy/ros2_humble/install/common_interfaces:/home/jaboy/ros2_humble/install/visualization_msgs:/home/jaboy/ros2_humble/install/dummy_robot_bringup:/home/jaboy/ros2_humble/install/robot_state_publisher:/home/jaboy/ros2_humble/install/kdl_parser:/home/jaboy/ros2_humble/install/urdf:/home/jaboy/ros2_humble/install/urdfdom:/home/jaboy/ros2_humble/install/urdf_parser_plugin:/home/jaboy/ros2_humble/install/urdfdom_headers:/home/jaboy/ros2_humble/install/turtlesim:/home/jaboy/ros2_humble/install/geometry2:/home/jaboy/ros2_humble/install/tf2_sensor_msgs:/home/jaboy/ros2_humble/install/test_tf2:/home/jaboy/ros2_humble/install/tf2_kdl:/home/jaboy/ros2_humble/install/tf2_geometry_msgs:/home/jaboy/ros2_humble/install/tf2_eigen:/home/jaboy/ros2_humble/install/tf2_bullet:/home/jaboy/ros2_humble/install/tf2_ros:/home/jaboy/ros2_humble/install/tf2_py:/home/jaboy/ros2_humble/install/tf2_msgs:/home/jaboy/ros2_humble/install/test_msgs:/home/jaboy/ros2_humble/install/sros2_cmake:/home/jaboy/ros2_humble/install/ros2cli_common_extensions:/home/jaboy/ros2_humble/install/rqt_py_common:/home/jaboy/ros2_humble/install/rosbag2_storage_mcap_testdata:/home/jaboy/ros2_humble/install/ros_testing:/home/jaboy/ros2_humble/install/ros2cli_test_interfaces:/home/jaboy/ros2_humble/install/quality_of_service_demo_cpp:/home/jaboy/ros2_humble/install/image_transport:/home/jaboy/ros2_humble/install/message_filters:/home/jaboy/ros2_humble/install/demo_nodes_cpp:/home/jaboy/ros2_humble/install/composition:/home/jaboy/ros2_humble/install/laser_geometry:/home/jaboy/ros2_humble/install/rclpy:/home/jaboy/ros2_humble/install/examples_rclcpp_minimal_action_server:/home/jaboy/ros2_humble/install/examples_rclcpp_minimal_action_client:/home/jaboy/ros2_humble/install/action_tutorials_cpp:/home/jaboy/ros2_humble/install/rclcpp_action:/home/jaboy/ros2_humble/install/rcl_action:/home/jaboy/ros2_humble/install/examples_rclcpp_wait_set:/home/jaboy/ros2_humble/install/examples_rclcpp_minimal_service:/home/jaboy/ros2_humble/install/examples_rclcpp_minimal_client:/home/jaboy/ros2_humble/install/examples_rclcpp_async_client:/home/jaboy/ros2_humble/install/example_interfaces:/home/jaboy/ros2_humble/install/action_tutorials_interfaces:/home/jaboy/ros2_humble/install/action_msgs:/home/jaboy/ros2_humble/install/unique_identifier_msgs:/home/jaboy/ros2_humble/install/ament_lint_common:/home/jaboy/ros2_humble/install/ament_cmake_uncrustify:/home/jaboy/ros2_humble/install/uncrustify_vendor:/home/jaboy/ros2_humble/install/trajectory_msgs:/home/jaboy/ros2_humble/install/topic_statistics_demo:/home/jaboy/ros2_humble/install/pendulum_control:/home/jaboy/ros2_humble/install/tlsf_cpp:/home/jaboy/ros2_humble/install/test_tracetools:/home/jaboy/ros2_humble/install/rqt_gui_cpp:/home/jaboy/ros2_humble/install/rosbag2_test_common:/home/jaboy/ros2_humble/install/ros2lifecycle_test_fixtures:/home/jaboy/ros2_humble/install/lifecycle:/home/jaboy/ros2_humble/install/logging_demo:/home/jaboy/ros2_humble/install/image_tools:/home/jaboy/ros2_humble/install/examples_rclcpp_minimal_subscriber:/home/jaboy/ros2_humble/install/examples_rclcpp_minimal_composition:/home/jaboy/ros2_humble/install/demo_nodes_cpp_native:/home/jaboy/ros2_humble/install/rclcpp_components:/home/jaboy/ros2_humble/install/intra_process_demo:/home/jaboy/ros2_humble/install/examples_rclcpp_multithreaded_executor:/home/jaboy/ros2_humble/install/examples_rclcpp_minimal_timer:/home/jaboy/ros2_humble/install/examples_rclcpp_minimal_publisher:/home/jaboy/ros2_humble/install/dummy_sensors:/home/jaboy/ros2_humble/install/dummy_map_server:/home/jaboy/ros2_humble/install/rclcpp:/home/jaboy/ros2_humble/install/rcl_lifecycle:/home/jaboy/ros2_humble/install/libstatistics_collector:/home/jaboy/ros2_humble/install/rcl:/home/jaboy/ros2_humble/install/rmw_implementation:/home/jaboy/ros2_humble/install/rmw_fastrtps_dynamic_cpp:/home/jaboy/ros2_humble/install/rmw_fastrtps_cpp:/home/jaboy/ros2_humble/install/rmw_fastrtps_shared_cpp:/home/jaboy/ros2_humble/install/rmw_cyclonedds_cpp:/home/jaboy/ros2_humble/install/tracetools:/home/jaboy/ros2_humble/install/tlsf:/home/jaboy/ros2_humble/install/tinyxml_vendor:/home/jaboy/ros2_humble/install/qt_gui_core:/home/jaboy/ros2_humble/install/qt_gui_cpp:/home/jaboy/ros2_humble/install/pluginlib:/home/jaboy/ros2_humble/install/tinyxml2_vendor:/home/jaboy/ros2_humble/install/tf2_eigen_kdl:/home/jaboy/ros2_humble/install/tf2:/home/jaboy/ros2_humble/install/test_security:/home/jaboy/ros2_humble/install/test_rmw_implementation:/home/jaboy/ros2_humble/install/test_rclcpp:/home/jaboy/ros2_humble/install/test_quality_of_service:/home/jaboy/ros2_humble/install/test_launch_testing:/home/jaboy/ros2_humble/install/test_interface_files:/home/jaboy/ros2_humble/install/test_communication:/home/jaboy/ros2_humble/install/test_cli_remapping:/home/jaboy/ros2_humble/install/test_cli:/home/jaboy/ros2_humble/install/qt_gui_app:/home/jaboy/ros2_humble/install/qt_gui:/home/jaboy/ros2_humble/install/tango_icons_vendor:/home/jaboy/ros2_humble/install/stereo_msgs:/home/jaboy/ros2_humble/install/std_srvs:/home/jaboy/ros2_humble/install/shape_msgs:/home/jaboy/ros2_humble/install/map_msgs:/home/jaboy/ros2_humble/install/sensor_msgs:/home/jaboy/ros2_humble/install/nav_msgs:/home/jaboy/ros2_humble/install/diagnostic_msgs:/home/jaboy/ros2_humble/install/geometry_msgs:/home/jaboy/ros2_humble/install/actionlib_msgs:/home/jaboy/ros2_humble/install/std_msgs:/home/jaboy/ros2_humble/install/statistics_msgs:/home/jaboy/ros2_humble/install/sqlite3_vendor:/home/jaboy/ros2_humble/install/rcl_logging_spdlog:/home/jaboy/ros2_humble/install/spdlog_vendor:/home/jaboy/ros2_humble/install/shared_queues_vendor:/home/jaboy/ros2_humble/install/rviz_rendering_tests:/home/jaboy/ros2_humble/install/rviz_rendering:/home/jaboy/ros2_humble/install/rviz_ogre_vendor:/home/jaboy/ros2_humble/install/rviz_assimp_vendor:/home/jaboy/ros2_humble/install/rttest:/home/jaboy/ros2_humble/install/rmw_connextddsmicro:/home/jaboy/ros2_humble/install/rmw_connextdds:/home/jaboy/ros2_humble/install/rmw_connextdds_common:/home/jaboy/ros2_humble/install/rti_connext_dds_cmake_module:/home/jaboy/ros2_humble/install/rosgraph_msgs:/home/jaboy/ros2_humble/install/rosbag2_interfaces:/home/jaboy/ros2_humble/install/rmw_dds_common:/home/jaboy/ros2_humble/install/composition_interfaces:/home/jaboy/ros2_humble/install/rcl_interfaces:/home/jaboy/ros2_humble/install/pendulum_msgs:/home/jaboy/ros2_humble/install/lifecycle_msgs:/home/jaboy/ros2_humble/install/builtin_interfaces:/home/jaboy/ros2_humble/install/rosidl_default_runtime:/home/jaboy/ros2_humble/install/rosidl_default_generators:/home/jaboy/ros2_humble/install/rosidl_generator_py:/home/jaboy/ros2_humble/install/rosidl_typesupport_introspection_tests:/home/jaboy/ros2_humble/install/rosidl_typesupport_cpp:/home/jaboy/ros2_humble/install/rosidl_typesupport_introspection_cpp:/home/jaboy/ros2_humble/install/rosidl_typesupport_c:/home/jaboy/ros2_humble/install/rosidl_typesupport_introspection_c:/home/jaboy/ros2_humble/install/rosidl_typesupport_fastrtps_c:/home/jaboy/ros2_humble/install/rosidl_typesupport_fastrtps_cpp:/home/jaboy/ros2_humble/install/rosidl_generator_cpp:/home/jaboy/ros2_humble/install/rosidl_runtime_cpp:/home/jaboy/ros2_humble/install/rcl_yaml_param_parser:/home/jaboy/ros2_humble/install/rmw:/home/jaboy/ros2_humble/install/rosidl_runtime_c:/home/jaboy/ros2_humble/install/rosidl_generator_c:/home/jaboy/ros2_humble/install/rosidl_typesupport_interface:/home/jaboy/ros2_humble/install/rosidl_generator_dds_idl:/home/jaboy/ros2_humble/install/rosidl_cmake:/home/jaboy/ros2_humble/install/rosidl_parser:/home/jaboy/ros2_humble/install/rosidl_adapter:/home/jaboy/ros2_humble/install/rosbag2_tests:/home/jaboy/ros2_humble/install/ros_environment:/home/jaboy/ros2_humble/install/rmw_implementation_cmake:/home/jaboy/ros2_humble/install/resource_retriever:/home/jaboy/ros2_humble/install/class_loader:/home/jaboy/ros2_humble/install/rcpputils:/home/jaboy/ros2_humble/install/rcl_logging_noop:/home/jaboy/ros2_humble/install/rcl_logging_interface:/home/jaboy/ros2_humble/install/rcutils:/home/jaboy/ros2_humble/install/qt_gui_py_common:/home/jaboy/ros2_humble/install/qt_dotgraph:/home/jaboy/ros2_humble/install/python_qt_binding:/home/jaboy/ros2_humble/install/python_orocos_kdl_vendor:/home/jaboy/ros2_humble/install/launch_testing_ament_cmake:/home/jaboy/ros2_humble/install/python_cmake_module:/home/jaboy/ros2_humble/install/pybind11_vendor:/home/jaboy/ros2_humble/install/performance_test_fixture:/home/jaboy/ros2_humble/install/osrf_testing_tools_cpp:/home/jaboy/ros2_humble/install/orocos_kdl_vendor:/home/jaboy/ros2_humble/install/mimick_vendor:/home/jaboy/ros2_humble/install/libyaml_vendor:/home/jaboy/ros2_humble/install/libcurl_vendor:/home/jaboy/ros2_humble/install/keyboard_handler:/home/jaboy/ros2_humble/install/iceoryx_introspection:/home/jaboy/ros2_humble/install/cyclonedds:/home/jaboy/ros2_humble/install/iceoryx_posh:/home/jaboy/ros2_humble/install/iceoryx_hoofs:/home/jaboy/ros2_humble/install/iceoryx_binding_c:/home/jaboy/ros2_humble/install/ament_cmake_ros:/home/jaboy/ros2_humble/install/ament_cmake_auto:/home/jaboy/ros2_humble/install/ament_cmake_gmock:/home/jaboy/ros2_humble/install/gmock_vendor:/home/jaboy/ros2_humble/install/ament_cmake_gtest:/home/jaboy/ros2_humble/install/gtest_vendor:/home/jaboy/ros2_humble/install/ament_cmake_google_benchmark:/home/jaboy/ros2_humble/install/google_benchmark_vendor:/home/jaboy/ros2_humble/install/fastrtps:/home/jaboy/ros2_humble/install/foonathan_memory_vendor:/home/jaboy/ros2_humble/install/fastrtps_cmake_module:/home/jaboy/ros2_humble/install/fastcdr:/home/jaboy/ros2_humble/install/eigen3_cmake_module:/home/jaboy/ros2_humble/install/console_bridge_vendor:/home/jaboy/ros2_humble/install/ament_cmake_xmllint:/home/jaboy/ros2_humble/install/ament_cmake_pyflakes:/home/jaboy/ros2_humble/install/ament_cmake_pycodestyle:/home/jaboy/ros2_humble/install/ament_cmake_pep257:/home/jaboy/ros2_humble/install/ament_cmake_pclint:/home/jaboy/ros2_humble/install/ament_lint_auto:/home/jaboy/ros2_humble/install/ament_cmake:/home/jaboy/ros2_humble/install/ament_cmake_version:/home/jaboy/ros2_humble/install/ament_cmake_vendor_package:/home/jaboy/ros2_humble/install/ament_cmake_pytest:/home/jaboy/ros2_humble/install/ament_cmake_nose:/home/jaboy/ros2_humble/install/ament_cmake_mypy:/home/jaboy/ros2_humble/install/ament_cmake_lint_cmake:/home/jaboy/ros2_humble/install/ament_cmake_flake8:/home/jaboy/ros2_humble/install/ament_cmake_cpplint:/home/jaboy/ros2_humble/install/ament_cmake_cppcheck:/home/jaboy/ros2_humble/install/ament_cmake_copyright:/home/jaboy/ros2_humble/install/ament_cmake_clang_tidy:/home/jaboy/ros2_humble/install/ament_cmake_clang_format:/home/jaboy/ros2_humble/install/ament_cmake_test:/home/jaboy/ros2_humble/install/ament_cmake_target_dependencies:/home/jaboy/ros2_humble/install/ament_cmake_python:/home/jaboy/ros2_humble/install/ament_cmake_export_dependencies:/home/jaboy/ros2_humble/install/ament_cmake_libraries:/home/jaboy/ros2_humble/install/ament_cmake_include_directories:/home/jaboy/ros2_humble/install/ament_cmake_gen_version_h:/home/jaboy/ros2_humble/install/ament_cmake_export_targets:/home/jaboy/ros2_humble/install/ament_cmake_export_link_flags:/home/jaboy/ros2_humble/install/ament_cmake_export_interfaces:/home/jaboy/ros2_humble/install/ament_cmake_export_libraries:/home/jaboy/ros2_humble/install/ament_cmake_export_include_directories:/home/jaboy/ros2_humble/install/ament_cmake_export_definitions:/home/jaboy/ros2_humble/install/ament_cmake_core:/home/jaboy/ros2_humble/install/ament_index_cpp:/home/jaboy/ros2_ws/install/quat_to_euler:/home/jaboy/ros2_ws/install/hw3-kinematics:/home/jaboy/ros2_ws/install/examples_rclcpp_wait_set:/home/jaboy/ros2_ws/install/examples_rclcpp_multithreaded_executor:/home/jaboy/ros2_ws/install/examples_rclcpp_minimal_timer:/home/jaboy/ros2_ws/install/examples_rclcpp_minimal_subscriber:/home/jaboy/ros2_ws/install/examples_rclcpp_minimal_service:/home/jaboy/ros2_ws/install/examples_rclcpp_minimal_publisher:/home/jaboy/ros2_ws/install/examples_rclcpp_minimal_composition:/home/jaboy/ros2_ws/install/examples_rclcpp_minimal_client:/home/jaboy/ros2_ws/install/examples_rclcpp_minimal_action_server:/home/jaboy/ros2_ws/install/examples_rclcpp_minimal_action_client:/home/jaboy/ros2_ws/install/examples_rclcpp_cbg_executor:/home/jaboy/ros2_ws/install/examples_rclcpp_async_client:/home/jaboy/Documents/RBE500_Project/RBE500_Project/install/inverse_kinematics:/home/jaboy/Documents/RBE500_Project/RBE500_Project/install/forward_kinematics:/home/jaboy/Documents/RBE500_Project/RBE500_Project/install/control:/home/jaboy/ros2_humble/install/rqt_bag_plugins:/home/jaboy/ros2_humble/install/rqt_bag:/home/jaboy/ros2_humble/install/launch_testing_examples:/home/jaboy/ros2_humble/install/ros2bag:/home/jaboy/ros2_humble/install/tracetools_test:/home/jaboy/ros2_humble/install/tracetools_launch:/home/jaboy/ros2_humble/install/topic_monitor:/home/jaboy/ros2_humble/install/tf2_tools:/home/jaboy/ros2_humble/install/examples_tf2_py:/home/jaboy/ros2_humble/install/tf2_ros_py:/home/jaboy/ros2_humble/install/sros2:/home/jaboy/ros2_humble/install/rqt_topic:/home/jaboy/ros2_humble/install/rqt_srv:/home/jaboy/ros2_humble/install/rqt_shell:/home/jaboy/ros2_humble/install/rqt_service_caller:/home/jaboy/ros2_humble/install/rqt_reconfigure:/home/jaboy/ros2_humble/install/rqt_py_console:/home/jaboy/ros2_humble/install/rqt_publisher:/home/jaboy/ros2_humble/install/rqt_plot:/home/jaboy/ros2_humble/install/rqt_action:/home/jaboy/ros2_humble/install/rqt_msg:/home/jaboy/ros2_humble/install/rqt_console:/home/jaboy/ros2_humble/install/rqt:/home/jaboy/ros2_humble/install/rqt_graph:/home/jaboy/ros2_humble/install/rqt_gui_py:/home/jaboy/ros2_humble/install/rqt_gui:/home/jaboy/ros2_humble/install/ros2trace:/home/jaboy/ros2_humble/install/ros2topic:/home/jaboy/ros2_humble/install/ros2test:/home/jaboy/ros2_humble/install/ros2component:/home/jaboy/ros2_humble/install/ros2param:/home/jaboy/ros2_humble/install/ros2lifecycle:/home/jaboy/ros2_humble/install/ros2service:/home/jaboy/ros2_humble/install/ros2run:/home/jaboy/ros2_humble/install/ros2launch:/home/jaboy/ros2_humble/install/ros2pkg:/home/jaboy/ros2_humble/install/ros2node:/home/jaboy/ros2_humble/install/ros2multicast:/home/jaboy/ros2_humble/install/ros2interface:/home/jaboy/ros2_humble/install/ros2doctor:/home/jaboy/ros2_humble/install/ros2action:/home/jaboy/ros2_humble/install/ros2cli:/home/jaboy/ros2_humble/install/quality_of_service_demo_py:/home/jaboy/ros2_humble/install/lifecycle_py:/home/jaboy/ros2_humble/install/launch_testing_ros:/home/jaboy/ros2_humble/install/launch_ros:/home/jaboy/ros2_humble/install/examples_rclpy_pointcloud_publisher:/home/jaboy/ros2_humble/install/examples_rclpy_minimal_subscriber:/home/jaboy/ros2_humble/install/examples_rclpy_minimal_service:/home/jaboy/ros2_humble/install/examples_rclpy_minimal_publisher:/home/jaboy/ros2_humble/install/examples_rclpy_minimal_client:/home/jaboy/ros2_humble/install/examples_rclpy_minimal_action_server:/home/jaboy/ros2_humble/install/examples_rclpy_minimal_action_client:/home/jaboy/ros2_humble/install/examples_rclpy_guard_conditions:/home/jaboy/ros2_humble/install/examples_rclpy_executors:/home/jaboy/ros2_humble/install/demo_nodes_py:/home/jaboy/ros2_humble/install/camera_info_manager_py:/home/jaboy/ros2_humble/install/action_tutorials_py:/home/jaboy/ros2_humble/install/ament_uncrustify:/home/jaboy/ros2_humble/install/tracetools_trace:/home/jaboy/ros2_humble/install/tracetools_read:/home/jaboy/ros2_humble/install/rclcpp_lifecycle:/home/jaboy/ros2_humble/install/examples_rclcpp_cbg_executor:/home/jaboy/ros2_humble/install/test_tracetools_launch:/home/jaboy/ros2_humble/install/test_launch_ros:/home/jaboy/ros2_humble/install/sensor_msgs_py:/home/jaboy/ros2_humble/install/rpyutils:/home/jaboy/ros2_humble/install/rosidl_runtime_py:/home/jaboy/ros2_humble/install/rosidl_cli:/home/jaboy/ros2_humble/install/launch_pytest:/home/jaboy/ros2_humble/install/launch_testing:/home/jaboy/ros2_humble/install/launch_yaml:/home/jaboy/ros2_humble/install/launch_xml:/home/jaboy/ros2_humble/install/launch:/home/jaboy/ros2_humble/install/osrf_pycommon:/home/jaboy/ros2_humble/install/domain_coordinator:/home/jaboy/ros2_humble/install/ament_xmllint:/home/jaboy/ros2_humble/install/ament_pyflakes:/home/jaboy/ros2_humble/install/ament_pycodestyle:/home/jaboy/ros2_humble/install/ament_pep257:/home/jaboy/ros2_humble/install/ament_pclint:/home/jaboy/ros2_humble/install/ament_package:/home/jaboy/ros2_humble/install/ament_mypy:/home/jaboy/ros2_humble/install/ament_lint_cmake:/home/jaboy/ros2_humble/install/ament_flake8:/home/jaboy/ros2_humble/install/ament_copyright:/home/jaboy/ros2_humble/install/ament_lint:/home/jaboy/ros2_humble/install/ament_index_python:/home/jaboy/ros2_humble/install/ament_cpplint:/home/jaboy/ros2_humble/install/ament_cppcheck:/home/jaboy/ros2_humble/install/ament_clang_tidy:/home/jaboy/ros2_humble/install/ament_clang_format:/home/jaboy/ros2_ws/install/launch_testing_examples:/home/jaboy/ros2_ws/install/examples_rclpy_pointcloud_publisher:/home/jaboy/ros2_ws/install/examples_rclpy_minimal_subscriber:/home/jaboy/ros2_ws/install/examples_rclpy_minimal_service:/home/jaboy/ros2_ws/install/examples_rclpy_minimal_publisher:/home/jaboy/ros2_ws/install/examples_rclpy_minimal_client:/home/jaboy/ros2_ws/install/examples_rclpy_minimal_action_server:/home/jaboy/ros2_ws/install/examples_rclpy_minimal_action_client:/home/jaboy/ros2_ws/install/examples_rclpy_guard_conditions:/home/jaboy/ros2_ws/install/examples_rclpy_executors:/opt/ros/humble IGN_GAZEBO_PLUGIN_PATH=/home/jaboy/Documents/RBE500_Project/RBE500_Project/install/ros_gz_example_gazebo/lib/ros_gz_example_gazebo IGN_GAZEBO_RESOURCE_PATH=/home/jaboy/Documents/RBE500_Project/RBE500_Project/install/ros_gz_example_description/share/ros_gz_example_description/models:${IGN_GAZEBO_RESOURCE_PATH} /usr/bin/cmake --build /home/jaboy/Documents/RBE500_Project/RBE500_Project/build/ros_gz_example_bringup -- -j16 -l16
[2.867s] DEBUG:colcon.colcon_core.event_handler.log_command:Invoked command in '/home/jaboy/Documents/RBE500_Project/RBE500_Project/build/ros_gz_example_bringup' returned '0': CMAKE_PREFIX_PATH=/home/jaboy/Documents/RBE500_Project/RBE500_Project/install/ros_gz_example_gazebo:/home/jaboy/Documents/RBE500_Project/RBE500_Project/install/ros_gz_example_description:/home/jaboy/Documents/RBE500_Project/RBE500_Project/install/ros_gz_example_bringup:/home/jaboy/Documents/RBE500_Project/RBE500_Project/install/ros_gz_example_application:/home/jaboy/Documents/RBE500_Project/RBE500_Project/install/inverse_kin:/home/jaboy/Documents/RBE500_Project/RBE500_Project/install/custom_interfaces:/home/jaboy/ros2_humble/install/rosbag2_storage_mcap:/home/jaboy/ros2_humble/install/rosbag2:/home/jaboy/ros2_humble/install/rosbag2_compression_zstd:/home/jaboy/ros2_humble/install/mcap_vendor:/home/jaboy/ros2_humble/install/zstd_vendor:/home/jaboy/ros2_humble/install/rviz_visual_testing_framework:/home/jaboy/ros2_humble/install/rviz2:/home/jaboy/ros2_humble/install/rviz_default_plugins:/home/jaboy/ros2_humble/install/rviz_common:/home/jaboy/ros2_humble/install/rosbag2_py:/home/jaboy/ros2_humble/install/rosbag2_transport:/home/jaboy/ros2_humble/install/rosbag2_storage_default_plugins:/home/jaboy/ros2_humble/install/rosbag2_performance_benchmarking:/home/jaboy/ros2_humble/install/rosbag2_compression:/home/jaboy/ros2_humble/install/rosbag2_cpp:/home/jaboy/ros2_humble/install/rosbag2_storage:/home/jaboy/ros2_humble/install/image_common:/home/jaboy/ros2_humble/install/camera_info_manager:/home/jaboy/ros2_humble/install/camera_calibration_parsers:/home/jaboy/ros2_humble/install/yaml_cpp_vendor:/home/jaboy/ros2_humble/install/interactive_markers:/home/jaboy/ros2_humble/install/common_interfaces:/home/jaboy/ros2_humble/install/visualization_msgs:/home/jaboy/ros2_humble/install/dummy_robot_bringup:/home/jaboy/ros2_humble/install/robot_state_publisher:/home/jaboy/ros2_humble/install/kdl_parser:/home/jaboy/ros2_humble/install/urdf:/home/jaboy/ros2_humble/install/urdfdom:/home/jaboy/ros2_humble/install/urdf_parser_plugin:/home/jaboy/ros2_humble/install/urdfdom_headers:/home/jaboy/ros2_humble/install/turtlesim:/home/jaboy/ros2_humble/install/geometry2:/home/jaboy/ros2_humble/install/tf2_sensor_msgs:/home/jaboy/ros2_humble/install/test_tf2:/home/jaboy/ros2_humble/install/tf2_kdl:/home/jaboy/ros2_humble/install/tf2_geometry_msgs:/home/jaboy/ros2_humble/install/tf2_eigen:/home/jaboy/ros2_humble/install/tf2_bullet:/home/jaboy/ros2_humble/install/tf2_ros:/home/jaboy/ros2_humble/install/tf2_py:/home/jaboy/ros2_humble/install/tf2_msgs:/home/jaboy/ros2_humble/install/test_msgs:/home/jaboy/ros2_humble/install/sros2_cmake:/home/jaboy/ros2_humble/install/ros2cli_common_extensions:/home/jaboy/ros2_humble/install/rqt_py_common:/home/jaboy/ros2_humble/install/rosbag2_storage_mcap_testdata:/home/jaboy/ros2_humble/install/ros_testing:/home/jaboy/ros2_humble/install/ros2cli_test_interfaces:/home/jaboy/ros2_humble/install/quality_of_service_demo_cpp:/home/jaboy/ros2_humble/install/image_transport:/home/jaboy/ros2_humble/install/message_filters:/home/jaboy/ros2_humble/install/demo_nodes_cpp:/home/jaboy/ros2_humble/install/composition:/home/jaboy/ros2_humble/install/laser_geometry:/home/jaboy/ros2_humble/install/rclpy:/home/jaboy/ros2_humble/install/examples_rclcpp_minimal_action_server:/home/jaboy/ros2_humble/install/examples_rclcpp_minimal_action_client:/home/jaboy/ros2_humble/install/action_tutorials_cpp:/home/jaboy/ros2_humble/install/rclcpp_action:/home/jaboy/ros2_humble/install/rcl_action:/home/jaboy/ros2_humble/install/examples_rclcpp_wait_set:/home/jaboy/ros2_humble/install/examples_rclcpp_minimal_service:/home/jaboy/ros2_humble/install/examples_rclcpp_minimal_client:/home/jaboy/ros2_humble/install/examples_rclcpp_async_client:/home/jaboy/ros2_humble/install/example_interfaces:/home/jaboy/ros2_humble/install/action_tutorials_interfaces:/home/jaboy/ros2_humble/install/action_msgs:/home/jaboy/ros2_humble/install/unique_identifier_msgs:/home/jaboy/ros2_humble/install/ament_lint_common:/home/jaboy/ros2_humble/install/ament_cmake_uncrustify:/home/jaboy/ros2_humble/install/uncrustify_vendor:/home/jaboy/ros2_humble/install/trajectory_msgs:/home/jaboy/ros2_humble/install/topic_statistics_demo:/home/jaboy/ros2_humble/install/pendulum_control:/home/jaboy/ros2_humble/install/tlsf_cpp:/home/jaboy/ros2_humble/install/test_tracetools:/home/jaboy/ros2_humble/install/rqt_gui_cpp:/home/jaboy/ros2_humble/install/rosbag2_test_common:/home/jaboy/ros2_humble/install/ros2lifecycle_test_fixtures:/home/jaboy/ros2_humble/install/lifecycle:/home/jaboy/ros2_humble/install/logging_demo:/home/jaboy/ros2_humble/install/image_tools:/home/jaboy/ros2_humble/install/examples_rclcpp_minimal_subscriber:/home/jaboy/ros2_humble/install/examples_rclcpp_minimal_composition:/home/jaboy/ros2_humble/install/demo_nodes_cpp_native:/home/jaboy/ros2_humble/install/rclcpp_components:/home/jaboy/ros2_humble/install/intra_process_demo:/home/jaboy/ros2_humble/install/examples_rclcpp_multithreaded_executor:/home/jaboy/ros2_humble/install/examples_rclcpp_minimal_timer:/home/jaboy/ros2_humble/install/examples_rclcpp_minimal_publisher:/home/jaboy/ros2_humble/install/dummy_sensors:/home/jaboy/ros2_humble/install/dummy_map_server:/home/jaboy/ros2_humble/install/rclcpp:/home/jaboy/ros2_humble/install/rcl_lifecycle:/home/jaboy/ros2_humble/install/libstatistics_collector:/home/jaboy/ros2_humble/install/rcl:/home/jaboy/ros2_humble/install/rmw_implementation:/home/jaboy/ros2_humble/install/rmw_fastrtps_dynamic_cpp:/home/jaboy/ros2_humble/install/rmw_fastrtps_cpp:/home/jaboy/ros2_humble/install/rmw_fastrtps_shared_cpp:/home/jaboy/ros2_humble/install/rmw_cyclonedds_cpp:/home/jaboy/ros2_humble/install/tracetools:/home/jaboy/ros2_humble/install/tlsf:/home/jaboy/ros2_humble/install/tinyxml_vendor:/home/jaboy/ros2_humble/install/qt_gui_core:/home/jaboy/ros2_humble/install/qt_gui_cpp:/home/jaboy/ros2_humble/install/pluginlib:/home/jaboy/ros2_humble/install/tinyxml2_vendor:/home/jaboy/ros2_humble/install/tf2_eigen_kdl:/home/jaboy/ros2_humble/install/tf2:/home/jaboy/ros2_humble/install/test_security:/home/jaboy/ros2_humble/install/test_rmw_implementation:/home/jaboy/ros2_humble/install/test_rclcpp:/home/jaboy/ros2_humble/install/test_quality_of_service:/home/jaboy/ros2_humble/install/test_launch_testing:/home/jaboy/ros2_humble/install/test_interface_files:/home/jaboy/ros2_humble/install/test_communication:/home/jaboy/ros2_humble/install/test_cli_remapping:/home/jaboy/ros2_humble/install/test_cli:/home/jaboy/ros2_humble/install/qt_gui_app:/home/jaboy/ros2_humble/install/qt_gui:/home/jaboy/ros2_humble/install/tango_icons_vendor:/home/jaboy/ros2_humble/install/stereo_msgs:/home/jaboy/ros2_humble/install/std_srvs:/home/jaboy/ros2_humble/install/shape_msgs:/home/jaboy/ros2_humble/install/map_msgs:/home/jaboy/ros2_humble/install/sensor_msgs:/home/jaboy/ros2_humble/install/nav_msgs:/home/jaboy/ros2_humble/install/diagnostic_msgs:/home/jaboy/ros2_humble/install/geometry_msgs:/home/jaboy/ros2_humble/install/actionlib_msgs:/home/jaboy/ros2_humble/install/std_msgs:/home/jaboy/ros2_humble/install/statistics_msgs:/home/jaboy/ros2_humble/install/sqlite3_vendor:/home/jaboy/ros2_humble/install/rcl_logging_spdlog:/home/jaboy/ros2_humble/install/spdlog_vendor:/home/jaboy/ros2_humble/install/shared_queues_vendor:/home/jaboy/ros2_humble/install/rviz_rendering_tests:/home/jaboy/ros2_humble/install/rviz_rendering:/home/jaboy/ros2_humble/install/rviz_ogre_vendor:/home/jaboy/ros2_humble/install/rviz_assimp_vendor:/home/jaboy/ros2_humble/install/rttest:/home/jaboy/ros2_humble/install/rmw_connextddsmicro:/home/jaboy/ros2_humble/install/rmw_connextdds:/home/jaboy/ros2_humble/install/rmw_connextdds_common:/home/jaboy/ros2_humble/install/rti_connext_dds_cmake_module:/home/jaboy/ros2_humble/install/rosgraph_msgs:/home/jaboy/ros2_humble/install/rosbag2_interfaces:/home/jaboy/ros2_humble/install/rmw_dds_common:/home/jaboy/ros2_humble/install/composition_interfaces:/home/jaboy/ros2_humble/install/rcl_interfaces:/home/jaboy/ros2_humble/install/pendulum_msgs:/home/jaboy/ros2_humble/install/lifecycle_msgs:/home/jaboy/ros2_humble/install/builtin_interfaces:/home/jaboy/ros2_humble/install/rosidl_default_runtime:/home/jaboy/ros2_humble/install/rosidl_default_generators:/home/jaboy/ros2_humble/install/rosidl_generator_py:/home/jaboy/ros2_humble/install/rosidl_typesupport_introspection_tests:/home/jaboy/ros2_humble/install/rosidl_typesupport_cpp:/home/jaboy/ros2_humble/install/rosidl_typesupport_introspection_cpp:/home/jaboy/ros2_humble/install/rosidl_typesupport_c:/home/jaboy/ros2_humble/install/rosidl_typesupport_introspection_c:/home/jaboy/ros2_humble/install/rosidl_typesupport_fastrtps_c:/home/jaboy/ros2_humble/install/rosidl_typesupport_fastrtps_cpp:/home/jaboy/ros2_humble/install/rosidl_generator_cpp:/home/jaboy/ros2_humble/install/rosidl_runtime_cpp:/home/jaboy/ros2_humble/install/rcl_yaml_param_parser:/home/jaboy/ros2_humble/install/rmw:/home/jaboy/ros2_humble/install/rosidl_runtime_c:/home/jaboy/ros2_humble/install/rosidl_generator_c:/home/jaboy/ros2_humble/install/rosidl_typesupport_interface:/home/jaboy/ros2_humble/install/rosidl_generator_dds_idl:/home/jaboy/ros2_humble/install/rosidl_cmake:/home/jaboy/ros2_humble/install/rosidl_parser:/home/jaboy/ros2_humble/install/rosidl_adapter:/home/jaboy/ros2_humble/install/rosbag2_tests:/home/jaboy/ros2_humble/install/ros_environment:/home/jaboy/ros2_humble/install/rmw_implementation_cmake:/home/jaboy/ros2_humble/install/resource_retriever:/home/jaboy/ros2_humble/install/class_loader:/home/jaboy/ros2_humble/install/rcpputils:/home/jaboy/ros2_humble/install/rcl_logging_noop:/home/jaboy/ros2_humble/install/rcl_logging_interface:/home/jaboy/ros2_humble/install/rcutils:/home/jaboy/ros2_humble/install/qt_gui_py_common:/home/jaboy/ros2_humble/install/qt_dotgraph:/home/jaboy/ros2_humble/install/python_qt_binding:/home/jaboy/ros2_humble/install/python_orocos_kdl_vendor:/home/jaboy/ros2_humble/install/launch_testing_ament_cmake:/home/jaboy/ros2_humble/install/python_cmake_module:/home/jaboy/ros2_humble/install/pybind11_vendor:/home/jaboy/ros2_humble/install/performance_test_fixture:/home/jaboy/ros2_humble/install/osrf_testing_tools_cpp:/home/jaboy/ros2_humble/install/orocos_kdl_vendor:/home/jaboy/ros2_humble/install/mimick_vendor:/home/jaboy/ros2_humble/install/libyaml_vendor:/home/jaboy/ros2_humble/install/libcurl_vendor:/home/jaboy/ros2_humble/install/keyboard_handler:/home/jaboy/ros2_humble/install/iceoryx_introspection:/home/jaboy/ros2_humble/install/cyclonedds:/home/jaboy/ros2_humble/install/iceoryx_posh:/home/jaboy/ros2_humble/install/iceoryx_hoofs:/home/jaboy/ros2_humble/install/iceoryx_binding_c:/home/jaboy/ros2_humble/install/ament_cmake_ros:/home/jaboy/ros2_humble/install/ament_cmake_auto:/home/jaboy/ros2_humble/install/ament_cmake_gmock:/home/jaboy/ros2_humble/install/gmock_vendor:/home/jaboy/ros2_humble/install/ament_cmake_gtest:/home/jaboy/ros2_humble/install/gtest_vendor:/home/jaboy/ros2_humble/install/ament_cmake_google_benchmark:/home/jaboy/ros2_humble/install/google_benchmark_vendor:/home/jaboy/ros2_humble/install/fastrtps:/home/jaboy/ros2_humble/install/foonathan_memory_vendor:/home/jaboy/ros2_humble/install/fastrtps_cmake_module:/home/jaboy/ros2_humble/install/fastcdr:/home/jaboy/ros2_humble/install/eigen3_cmake_module:/home/jaboy/ros2_humble/install/console_bridge_vendor:/home/jaboy/ros2_humble/install/ament_cmake_xmllint:/home/jaboy/ros2_humble/install/ament_cmake_pyflakes:/home/jaboy/ros2_humble/install/ament_cmake_pycodestyle:/home/jaboy/ros2_humble/install/ament_cmake_pep257:/home/jaboy/ros2_humble/install/ament_cmake_pclint:/home/jaboy/ros2_humble/install/ament_lint_auto:/home/jaboy/ros2_humble/install/ament_cmake:/home/jaboy/ros2_humble/install/ament_cmake_version:/home/jaboy/ros2_humble/install/ament_cmake_vendor_package:/home/jaboy/ros2_humble/install/ament_cmake_pytest:/home/jaboy/ros2_humble/install/ament_cmake_nose:/home/jaboy/ros2_humble/install/ament_cmake_mypy:/home/jaboy/ros2_humble/install/ament_cmake_lint_cmake:/home/jaboy/ros2_humble/install/ament_cmake_flake8:/home/jaboy/ros2_humble/install/ament_cmake_cpplint:/home/jaboy/ros2_humble/install/ament_cmake_cppcheck:/home/jaboy/ros2_humble/install/ament_cmake_copyright:/home/jaboy/ros2_humble/install/ament_cmake_clang_tidy:/home/jaboy/ros2_humble/install/ament_cmake_clang_format:/home/jaboy/ros2_humble/install/ament_cmake_test:/home/jaboy/ros2_humble/install/ament_cmake_target_dependencies:/home/jaboy/ros2_humble/install/ament_cmake_python:/home/jaboy/ros2_humble/install/ament_cmake_export_dependencies:/home/jaboy/ros2_humble/install/ament_cmake_libraries:/home/jaboy/ros2_humble/install/ament_cmake_include_directories:/home/jaboy/ros2_humble/install/ament_cmake_gen_version_h:/home/jaboy/ros2_humble/install/ament_cmake_export_targets:/home/jaboy/ros2_humble/install/ament_cmake_export_link_flags:/home/jaboy/ros2_humble/install/ament_cmake_export_interfaces:/home/jaboy/ros2_humble/install/ament_cmake_export_libraries:/home/jaboy/ros2_humble/install/ament_cmake_export_include_directories:/home/jaboy/ros2_humble/install/ament_cmake_export_definitions:/home/jaboy/ros2_humble/install/ament_cmake_core:/home/jaboy/ros2_humble/install/ament_index_cpp:/home/jaboy/ros2_ws/install/quat_to_euler:/home/jaboy/ros2_ws/install/hw3-kinematics:/home/jaboy/ros2_ws/install/examples_rclcpp_wait_set:/home/jaboy/ros2_ws/install/examples_rclcpp_multithreaded_executor:/home/jaboy/ros2_ws/install/examples_rclcpp_minimal_timer:/home/jaboy/ros2_ws/install/examples_rclcpp_minimal_subscriber:/home/jaboy/ros2_ws/install/examples_rclcpp_minimal_service:/home/jaboy/ros2_ws/install/examples_rclcpp_minimal_publisher:/home/jaboy/ros2_ws/install/examples_rclcpp_minimal_composition:/home/jaboy/ros2_ws/install/examples_rclcpp_minimal_client:/home/jaboy/ros2_ws/install/examples_rclcpp_minimal_action_server:/home/jaboy/ros2_ws/install/examples_rclcpp_minimal_action_client:/home/jaboy/ros2_ws/install/examples_rclcpp_cbg_executor:/home/jaboy/ros2_ws/install/examples_rclcpp_async_client:/home/jaboy/Documents/RBE500_Project/RBE500_Project/install/inverse_kinematics:/home/jaboy/Documents/RBE500_Project/RBE500_Project/install/forward_kinematics:/home/jaboy/Documents/RBE500_Project/RBE500_Project/install/control:/home/jaboy/ros2_humble/install/rqt_bag_plugins:/home/jaboy/ros2_humble/install/rqt_bag:/home/jaboy/ros2_humble/install/launch_testing_examples:/home/jaboy/ros2_humble/install/ros2bag:/home/jaboy/ros2_humble/install/tracetools_test:/home/jaboy/ros2_humble/install/tracetools_launch:/home/jaboy/ros2_humble/install/topic_monitor:/home/jaboy/ros2_humble/install/tf2_tools:/home/jaboy/ros2_humble/install/examples_tf2_py:/home/jaboy/ros2_humble/install/tf2_ros_py:/home/jaboy/ros2_humble/install/sros2:/home/jaboy/ros2_humble/install/rqt_topic:/home/jaboy/ros2_humble/install/rqt_srv:/home/jaboy/ros2_humble/install/rqt_shell:/home/jaboy/ros2_humble/install/rqt_service_caller:/home/jaboy/ros2_humble/install/rqt_reconfigure:/home/jaboy/ros2_humble/install/rqt_py_console:/home/jaboy/ros2_humble/install/rqt_publisher:/home/jaboy/ros2_humble/install/rqt_plot:/home/jaboy/ros2_humble/install/rqt_action:/home/jaboy/ros2_humble/install/rqt_msg:/home/jaboy/ros2_humble/install/rqt_console:/home/jaboy/ros2_humble/install/rqt:/home/jaboy/ros2_humble/install/rqt_graph:/home/jaboy/ros2_humble/install/rqt_gui_py:/home/jaboy/ros2_humble/install/rqt_gui:/home/jaboy/ros2_humble/install/ros2trace:/home/jaboy/ros2_humble/install/ros2topic:/home/jaboy/ros2_humble/install/ros2test:/home/jaboy/ros2_humble/install/ros2component:/home/jaboy/ros2_humble/install/ros2param:/home/jaboy/ros2_humble/install/ros2lifecycle:/home/jaboy/ros2_humble/install/ros2service:/home/jaboy/ros2_humble/install/ros2run:/home/jaboy/ros2_humble/install/ros2launch:/home/jaboy/ros2_humble/install/ros2pkg:/home/jaboy/ros2_humble/install/ros2node:/home/jaboy/ros2_humble/install/ros2multicast:/home/jaboy/ros2_humble/install/ros2interface:/home/jaboy/ros2_humble/install/ros2doctor:/home/jaboy/ros2_humble/install/ros2action:/home/jaboy/ros2_humble/install/ros2cli:/home/jaboy/ros2_humble/install/quality_of_service_demo_py:/home/jaboy/ros2_humble/install/lifecycle_py:/home/jaboy/ros2_humble/install/launch_testing_ros:/home/jaboy/ros2_humble/install/launch_ros:/home/jaboy/ros2_humble/install/examples_rclpy_pointcloud_publisher:/home/jaboy/ros2_humble/install/examples_rclpy_minimal_subscriber:/home/jaboy/ros2_humble/install/examples_rclpy_minimal_service:/home/jaboy/ros2_humble/install/examples_rclpy_minimal_publisher:/home/jaboy/ros2_humble/install/examples_rclpy_minimal_client:/home/jaboy/ros2_humble/install/examples_rclpy_minimal_action_server:/home/jaboy/ros2_humble/install/examples_rclpy_minimal_action_client:/home/jaboy/ros2_humble/install/examples_rclpy_guard_conditions:/home/jaboy/ros2_humble/install/examples_rclpy_executors:/home/jaboy/ros2_humble/install/demo_nodes_py:/home/jaboy/ros2_humble/install/camera_info_manager_py:/home/jaboy/ros2_humble/install/action_tutorials_py:/home/jaboy/ros2_humble/install/ament_uncrustify:/home/jaboy/ros2_humble/install/tracetools_trace:/home/jaboy/ros2_humble/install/tracetools_read:/home/jaboy/ros2_humble/install/rclcpp_lifecycle:/home/jaboy/ros2_humble/install/examples_rclcpp_cbg_executor:/home/jaboy/ros2_humble/install/test_tracetools_launch:/home/jaboy/ros2_humble/install/test_launch_ros:/home/jaboy/ros2_humble/install/sensor_msgs_py:/home/jaboy/ros2_humble/install/rpyutils:/home/jaboy/ros2_humble/install/rosidl_runtime_py:/home/jaboy/ros2_humble/install/rosidl_cli:/home/jaboy/ros2_humble/install/launch_pytest:/home/jaboy/ros2_humble/install/launch_testing:/home/jaboy/ros2_humble/install/launch_yaml:/home/jaboy/ros2_humble/install/launch_xml:/home/jaboy/ros2_humble/install/launch:/home/jaboy/ros2_humble/install/osrf_pycommon:/home/jaboy/ros2_humble/install/domain_coordinator:/home/jaboy/ros2_humble/install/ament_xmllint:/home/jaboy/ros2_humble/install/ament_pyflakes:/home/jaboy/ros2_humble/install/ament_pycodestyle:/home/jaboy/ros2_humble/install/ament_pep257:/home/jaboy/ros2_humble/install/ament_pclint:/home/jaboy/ros2_humble/install/ament_package:/home/jaboy/ros2_humble/install/ament_mypy:/home/jaboy/ros2_humble/install/ament_lint_cmake:/home/jaboy/ros2_humble/install/ament_flake8:/home/jaboy/ros2_humble/install/ament_copyright:/home/jaboy/ros2_humble/install/ament_lint:/home/jaboy/ros2_humble/install/ament_index_python:/home/jaboy/ros2_humble/install/ament_cpplint:/home/jaboy/ros2_humble/install/ament_cppcheck:/home/jaboy/ros2_humble/install/ament_clang_tidy:/home/jaboy/ros2_humble/install/ament_clang_format:/home/jaboy/ros2_ws/install/launch_testing_examples:/home/jaboy/ros2_ws/install/examples_rclpy_pointcloud_publisher:/home/jaboy/ros2_ws/install/examples_rclpy_minimal_subscriber:/home/jaboy/ros2_ws/install/examples_rclpy_minimal_service:/home/jaboy/ros2_ws/install/examples_rclpy_minimal_publisher:/home/jaboy/ros2_ws/install/examples_rclpy_minimal_client:/home/jaboy/ros2_ws/install/examples_rclpy_minimal_action_server:/home/jaboy/ros2_ws/install/examples_rclpy_minimal_action_client:/home/jaboy/ros2_ws/install/examples_rclpy_guard_conditions:/home/jaboy/ros2_ws/install/examples_rclpy_executors:/opt/ros/humble IGN_GAZEBO_PLUGIN_PATH=/home/jaboy/Documents/RBE500_Project/RBE500_Project/install/ros_gz_example_gazebo/lib/ros_gz_example_gazebo IGN_GAZEBO_RESOURCE_PATH=/home/jaboy/Documents/RBE500_Project/RBE500_Project/install/ros_gz_example_description/share/ros_gz_example_description/models:${IGN_GAZEBO_RESOURCE_PATH} /usr/bin/cmake --build /home/jaboy/Documents/RBE500_Project/RBE500_Project/build/ros_gz_example_bringup -- -j16 -l16
[2.870s] DEBUG:colcon.colcon_core.event_handler.log_command:Invoking command in '/home/jaboy/Documents/RBE500_Project/RBE500_Project/build/ros_gz_example_bringup': CMAKE_PREFIX_PATH=/home/jaboy/Documents/RBE500_Project/RBE500_Project/install/ros_gz_example_gazebo:/home/jaboy/Documents/RBE500_Project/RBE500_Project/install/ros_gz_example_description:/home/jaboy/Documents/RBE500_Project/RBE500_Project/install/ros_gz_example_bringup:/home/jaboy/Documents/RBE500_Project/RBE500_Project/install/ros_gz_example_application:/home/jaboy/Documents/RBE500_Project/RBE500_Project/install/inverse_kin:/home/jaboy/Documents/RBE500_Project/RBE500_Project/install/custom_interfaces:/home/jaboy/ros2_humble/install/rosbag2_storage_mcap:/home/jaboy/ros2_humble/install/rosbag2:/home/jaboy/ros2_humble/install/rosbag2_compression_zstd:/home/jaboy/ros2_humble/install/mcap_vendor:/home/jaboy/ros2_humble/install/zstd_vendor:/home/jaboy/ros2_humble/install/rviz_visual_testing_framework:/home/jaboy/ros2_humble/install/rviz2:/home/jaboy/ros2_humble/install/rviz_default_plugins:/home/jaboy/ros2_humble/install/rviz_common:/home/jaboy/ros2_humble/install/rosbag2_py:/home/jaboy/ros2_humble/install/rosbag2_transport:/home/jaboy/ros2_humble/install/rosbag2_storage_default_plugins:/home/jaboy/ros2_humble/install/rosbag2_performance_benchmarking:/home/jaboy/ros2_humble/install/rosbag2_compression:/home/jaboy/ros2_humble/install/rosbag2_cpp:/home/jaboy/ros2_humble/install/rosbag2_storage:/home/jaboy/ros2_humble/install/image_common:/home/jaboy/ros2_humble/install/camera_info_manager:/home/jaboy/ros2_humble/install/camera_calibration_parsers:/home/jaboy/ros2_humble/install/yaml_cpp_vendor:/home/jaboy/ros2_humble/install/interactive_markers:/home/jaboy/ros2_humble/install/common_interfaces:/home/jaboy/ros2_humble/install/visualization_msgs:/home/jaboy/ros2_humble/install/dummy_robot_bringup:/home/jaboy/ros2_humble/install/robot_state_publisher:/home/jaboy/ros2_humble/install/kdl_parser:/home/jaboy/ros2_humble/install/urdf:/home/jaboy/ros2_humble/install/urdfdom:/home/jaboy/ros2_humble/install/urdf_parser_plugin:/home/jaboy/ros2_humble/install/urdfdom_headers:/home/jaboy/ros2_humble/install/turtlesim:/home/jaboy/ros2_humble/install/geometry2:/home/jaboy/ros2_humble/install/tf2_sensor_msgs:/home/jaboy/ros2_humble/install/test_tf2:/home/jaboy/ros2_humble/install/tf2_kdl:/home/jaboy/ros2_humble/install/tf2_geometry_msgs:/home/jaboy/ros2_humble/install/tf2_eigen:/home/jaboy/ros2_humble/install/tf2_bullet:/home/jaboy/ros2_humble/install/tf2_ros:/home/jaboy/ros2_humble/install/tf2_py:/home/jaboy/ros2_humble/install/tf2_msgs:/home/jaboy/ros2_humble/install/test_msgs:/home/jaboy/ros2_humble/install/sros2_cmake:/home/jaboy/ros2_humble/install/ros2cli_common_extensions:/home/jaboy/ros2_humble/install/rqt_py_common:/home/jaboy/ros2_humble/install/rosbag2_storage_mcap_testdata:/home/jaboy/ros2_humble/install/ros_testing:/home/jaboy/ros2_humble/install/ros2cli_test_interfaces:/home/jaboy/ros2_humble/install/quality_of_service_demo_cpp:/home/jaboy/ros2_humble/install/image_transport:/home/jaboy/ros2_humble/install/message_filters:/home/jaboy/ros2_humble/install/demo_nodes_cpp:/home/jaboy/ros2_humble/install/composition:/home/jaboy/ros2_humble/install/laser_geometry:/home/jaboy/ros2_humble/install/rclpy:/home/jaboy/ros2_humble/install/examples_rclcpp_minimal_action_server:/home/jaboy/ros2_humble/install/examples_rclcpp_minimal_action_client:/home/jaboy/ros2_humble/install/action_tutorials_cpp:/home/jaboy/ros2_humble/install/rclcpp_action:/home/jaboy/ros2_humble/install/rcl_action:/home/jaboy/ros2_humble/install/examples_rclcpp_wait_set:/home/jaboy/ros2_humble/install/examples_rclcpp_minimal_service:/home/jaboy/ros2_humble/install/examples_rclcpp_minimal_client:/home/jaboy/ros2_humble/install/examples_rclcpp_async_client:/home/jaboy/ros2_humble/install/example_interfaces:/home/jaboy/ros2_humble/install/action_tutorials_interfaces:/home/jaboy/ros2_humble/install/action_msgs:/home/jaboy/ros2_humble/install/unique_identifier_msgs:/home/jaboy/ros2_humble/install/ament_lint_common:/home/jaboy/ros2_humble/install/ament_cmake_uncrustify:/home/jaboy/ros2_humble/install/uncrustify_vendor:/home/jaboy/ros2_humble/install/trajectory_msgs:/home/jaboy/ros2_humble/install/topic_statistics_demo:/home/jaboy/ros2_humble/install/pendulum_control:/home/jaboy/ros2_humble/install/tlsf_cpp:/home/jaboy/ros2_humble/install/test_tracetools:/home/jaboy/ros2_humble/install/rqt_gui_cpp:/home/jaboy/ros2_humble/install/rosbag2_test_common:/home/jaboy/ros2_humble/install/ros2lifecycle_test_fixtures:/home/jaboy/ros2_humble/install/lifecycle:/home/jaboy/ros2_humble/install/logging_demo:/home/jaboy/ros2_humble/install/image_tools:/home/jaboy/ros2_humble/install/examples_rclcpp_minimal_subscriber:/home/jaboy/ros2_humble/install/examples_rclcpp_minimal_composition:/home/jaboy/ros2_humble/install/demo_nodes_cpp_native:/home/jaboy/ros2_humble/install/rclcpp_components:/home/jaboy/ros2_humble/install/intra_process_demo:/home/jaboy/ros2_humble/install/examples_rclcpp_multithreaded_executor:/home/jaboy/ros2_humble/install/examples_rclcpp_minimal_timer:/home/jaboy/ros2_humble/install/examples_rclcpp_minimal_publisher:/home/jaboy/ros2_humble/install/dummy_sensors:/home/jaboy/ros2_humble/install/dummy_map_server:/home/jaboy/ros2_humble/install/rclcpp:/home/jaboy/ros2_humble/install/rcl_lifecycle:/home/jaboy/ros2_humble/install/libstatistics_collector:/home/jaboy/ros2_humble/install/rcl:/home/jaboy/ros2_humble/install/rmw_implementation:/home/jaboy/ros2_humble/install/rmw_fastrtps_dynamic_cpp:/home/jaboy/ros2_humble/install/rmw_fastrtps_cpp:/home/jaboy/ros2_humble/install/rmw_fastrtps_shared_cpp:/home/jaboy/ros2_humble/install/rmw_cyclonedds_cpp:/home/jaboy/ros2_humble/install/tracetools:/home/jaboy/ros2_humble/install/tlsf:/home/jaboy/ros2_humble/install/tinyxml_vendor:/home/jaboy/ros2_humble/install/qt_gui_core:/home/jaboy/ros2_humble/install/qt_gui_cpp:/home/jaboy/ros2_humble/install/pluginlib:/home/jaboy/ros2_humble/install/tinyxml2_vendor:/home/jaboy/ros2_humble/install/tf2_eigen_kdl:/home/jaboy/ros2_humble/install/tf2:/home/jaboy/ros2_humble/install/test_security:/home/jaboy/ros2_humble/install/test_rmw_implementation:/home/jaboy/ros2_humble/install/test_rclcpp:/home/jaboy/ros2_humble/install/test_quality_of_service:/home/jaboy/ros2_humble/install/test_launch_testing:/home/jaboy/ros2_humble/install/test_interface_files:/home/jaboy/ros2_humble/install/test_communication:/home/jaboy/ros2_humble/install/test_cli_remapping:/home/jaboy/ros2_humble/install/test_cli:/home/jaboy/ros2_humble/install/qt_gui_app:/home/jaboy/ros2_humble/install/qt_gui:/home/jaboy/ros2_humble/install/tango_icons_vendor:/home/jaboy/ros2_humble/install/stereo_msgs:/home/jaboy/ros2_humble/install/std_srvs:/home/jaboy/ros2_humble/install/shape_msgs:/home/jaboy/ros2_humble/install/map_msgs:/home/jaboy/ros2_humble/install/sensor_msgs:/home/jaboy/ros2_humble/install/nav_msgs:/home/jaboy/ros2_humble/install/diagnostic_msgs:/home/jaboy/ros2_humble/install/geometry_msgs:/home/jaboy/ros2_humble/install/actionlib_msgs:/home/jaboy/ros2_humble/install/std_msgs:/home/jaboy/ros2_humble/install/statistics_msgs:/home/jaboy/ros2_humble/install/sqlite3_vendor:/home/jaboy/ros2_humble/install/rcl_logging_spdlog:/home/jaboy/ros2_humble/install/spdlog_vendor:/home/jaboy/ros2_humble/install/shared_queues_vendor:/home/jaboy/ros2_humble/install/rviz_rendering_tests:/home/jaboy/ros2_humble/install/rviz_rendering:/home/jaboy/ros2_humble/install/rviz_ogre_vendor:/home/jaboy/ros2_humble/install/rviz_assimp_vendor:/home/jaboy/ros2_humble/install/rttest:/home/jaboy/ros2_humble/install/rmw_connextddsmicro:/home/jaboy/ros2_humble/install/rmw_connextdds:/home/jaboy/ros2_humble/install/rmw_connextdds_common:/home/jaboy/ros2_humble/install/rti_connext_dds_cmake_module:/home/jaboy/ros2_humble/install/rosgraph_msgs:/home/jaboy/ros2_humble/install/rosbag2_interfaces:/home/jaboy/ros2_humble/install/rmw_dds_common:/home/jaboy/ros2_humble/install/composition_interfaces:/home/jaboy/ros2_humble/install/rcl_interfaces:/home/jaboy/ros2_humble/install/pendulum_msgs:/home/jaboy/ros2_humble/install/lifecycle_msgs:/home/jaboy/ros2_humble/install/builtin_interfaces:/home/jaboy/ros2_humble/install/rosidl_default_runtime:/home/jaboy/ros2_humble/install/rosidl_default_generators:/home/jaboy/ros2_humble/install/rosidl_generator_py:/home/jaboy/ros2_humble/install/rosidl_typesupport_introspection_tests:/home/jaboy/ros2_humble/install/rosidl_typesupport_cpp:/home/jaboy/ros2_humble/install/rosidl_typesupport_introspection_cpp:/home/jaboy/ros2_humble/install/rosidl_typesupport_c:/home/jaboy/ros2_humble/install/rosidl_typesupport_introspection_c:/home/jaboy/ros2_humble/install/rosidl_typesupport_fastrtps_c:/home/jaboy/ros2_humble/install/rosidl_typesupport_fastrtps_cpp:/home/jaboy/ros2_humble/install/rosidl_generator_cpp:/home/jaboy/ros2_humble/install/rosidl_runtime_cpp:/home/jaboy/ros2_humble/install/rcl_yaml_param_parser:/home/jaboy/ros2_humble/install/rmw:/home/jaboy/ros2_humble/install/rosidl_runtime_c:/home/jaboy/ros2_humble/install/rosidl_generator_c:/home/jaboy/ros2_humble/install/rosidl_typesupport_interface:/home/jaboy/ros2_humble/install/rosidl_generator_dds_idl:/home/jaboy/ros2_humble/install/rosidl_cmake:/home/jaboy/ros2_humble/install/rosidl_parser:/home/jaboy/ros2_humble/install/rosidl_adapter:/home/jaboy/ros2_humble/install/rosbag2_tests:/home/jaboy/ros2_humble/install/ros_environment:/home/jaboy/ros2_humble/install/rmw_implementation_cmake:/home/jaboy/ros2_humble/install/resource_retriever:/home/jaboy/ros2_humble/install/class_loader:/home/jaboy/ros2_humble/install/rcpputils:/home/jaboy/ros2_humble/install/rcl_logging_noop:/home/jaboy/ros2_humble/install/rcl_logging_interface:/home/jaboy/ros2_humble/install/rcutils:/home/jaboy/ros2_humble/install/qt_gui_py_common:/home/jaboy/ros2_humble/install/qt_dotgraph:/home/jaboy/ros2_humble/install/python_qt_binding:/home/jaboy/ros2_humble/install/python_orocos_kdl_vendor:/home/jaboy/ros2_humble/install/launch_testing_ament_cmake:/home/jaboy/ros2_humble/install/python_cmake_module:/home/jaboy/ros2_humble/install/pybind11_vendor:/home/jaboy/ros2_humble/install/performance_test_fixture:/home/jaboy/ros2_humble/install/osrf_testing_tools_cpp:/home/jaboy/ros2_humble/install/orocos_kdl_vendor:/home/jaboy/ros2_humble/install/mimick_vendor:/home/jaboy/ros2_humble/install/libyaml_vendor:/home/jaboy/ros2_humble/install/libcurl_vendor:/home/jaboy/ros2_humble/install/keyboard_handler:/home/jaboy/ros2_humble/install/iceoryx_introspection:/home/jaboy/ros2_humble/install/cyclonedds:/home/jaboy/ros2_humble/install/iceoryx_posh:/home/jaboy/ros2_humble/install/iceoryx_hoofs:/home/jaboy/ros2_humble/install/iceoryx_binding_c:/home/jaboy/ros2_humble/install/ament_cmake_ros:/home/jaboy/ros2_humble/install/ament_cmake_auto:/home/jaboy/ros2_humble/install/ament_cmake_gmock:/home/jaboy/ros2_humble/install/gmock_vendor:/home/jaboy/ros2_humble/install/ament_cmake_gtest:/home/jaboy/ros2_humble/install/gtest_vendor:/home/jaboy/ros2_humble/install/ament_cmake_google_benchmark:/home/jaboy/ros2_humble/install/google_benchmark_vendor:/home/jaboy/ros2_humble/install/fastrtps:/home/jaboy/ros2_humble/install/foonathan_memory_vendor:/home/jaboy/ros2_humble/install/fastrtps_cmake_module:/home/jaboy/ros2_humble/install/fastcdr:/home/jaboy/ros2_humble/install/eigen3_cmake_module:/home/jaboy/ros2_humble/install/console_bridge_vendor:/home/jaboy/ros2_humble/install/ament_cmake_xmllint:/home/jaboy/ros2_humble/install/ament_cmake_pyflakes:/home/jaboy/ros2_humble/install/ament_cmake_pycodestyle:/home/jaboy/ros2_humble/install/ament_cmake_pep257:/home/jaboy/ros2_humble/install/ament_cmake_pclint:/home/jaboy/ros2_humble/install/ament_lint_auto:/home/jaboy/ros2_humble/install/ament_cmake:/home/jaboy/ros2_humble/install/ament_cmake_version:/home/jaboy/ros2_humble/install/ament_cmake_vendor_package:/home/jaboy/ros2_humble/install/ament_cmake_pytest:/home/jaboy/ros2_humble/install/ament_cmake_nose:/home/jaboy/ros2_humble/install/ament_cmake_mypy:/home/jaboy/ros2_humble/install/ament_cmake_lint_cmake:/home/jaboy/ros2_humble/install/ament_cmake_flake8:/home/jaboy/ros2_humble/install/ament_cmake_cpplint:/home/jaboy/ros2_humble/install/ament_cmake_cppcheck:/home/jaboy/ros2_humble/install/ament_cmake_copyright:/home/jaboy/ros2_humble/install/ament_cmake_clang_tidy:/home/jaboy/ros2_humble/install/ament_cmake_clang_format:/home/jaboy/ros2_humble/install/ament_cmake_test:/home/jaboy/ros2_humble/install/ament_cmake_target_dependencies:/home/jaboy/ros2_humble/install/ament_cmake_python:/home/jaboy/ros2_humble/install/ament_cmake_export_dependencies:/home/jaboy/ros2_humble/install/ament_cmake_libraries:/home/jaboy/ros2_humble/install/ament_cmake_include_directories:/home/jaboy/ros2_humble/install/ament_cmake_gen_version_h:/home/jaboy/ros2_humble/install/ament_cmake_export_targets:/home/jaboy/ros2_humble/install/ament_cmake_export_link_flags:/home/jaboy/ros2_humble/install/ament_cmake_export_interfaces:/home/jaboy/ros2_humble/install/ament_cmake_export_libraries:/home/jaboy/ros2_humble/install/ament_cmake_export_include_directories:/home/jaboy/ros2_humble/install/ament_cmake_export_definitions:/home/jaboy/ros2_humble/install/ament_cmake_core:/home/jaboy/ros2_humble/install/ament_index_cpp:/home/jaboy/ros2_ws/install/quat_to_euler:/home/jaboy/ros2_ws/install/hw3-kinematics:/home/jaboy/ros2_ws/install/examples_rclcpp_wait_set:/home/jaboy/ros2_ws/install/examples_rclcpp_multithreaded_executor:/home/jaboy/ros2_ws/install/examples_rclcpp_minimal_timer:/home/jaboy/ros2_ws/install/examples_rclcpp_minimal_subscriber:/home/jaboy/ros2_ws/install/examples_rclcpp_minimal_service:/home/jaboy/ros2_ws/install/examples_rclcpp_minimal_publisher:/home/jaboy/ros2_ws/install/examples_rclcpp_minimal_composition:/home/jaboy/ros2_ws/install/examples_rclcpp_minimal_client:/home/jaboy/ros2_ws/install/examples_rclcpp_minimal_action_server:/home/jaboy/ros2_ws/install/examples_rclcpp_minimal_action_client:/home/jaboy/ros2_ws/install/examples_rclcpp_cbg_executor:/home/jaboy/ros2_ws/install/examples_rclcpp_async_client:/home/jaboy/Documents/RBE500_Project/RBE500_Project/install/inverse_kinematics:/home/jaboy/Documents/RBE500_Project/RBE500_Project/install/forward_kinematics:/home/jaboy/Documents/RBE500_Project/RBE500_Project/install/control:/home/jaboy/ros2_humble/install/rqt_bag_plugins:/home/jaboy/ros2_humble/install/rqt_bag:/home/jaboy/ros2_humble/install/launch_testing_examples:/home/jaboy/ros2_humble/install/ros2bag:/home/jaboy/ros2_humble/install/tracetools_test:/home/jaboy/ros2_humble/install/tracetools_launch:/home/jaboy/ros2_humble/install/topic_monitor:/home/jaboy/ros2_humble/install/tf2_tools:/home/jaboy/ros2_humble/install/examples_tf2_py:/home/jaboy/ros2_humble/install/tf2_ros_py:/home/jaboy/ros2_humble/install/sros2:/home/jaboy/ros2_humble/install/rqt_topic:/home/jaboy/ros2_humble/install/rqt_srv:/home/jaboy/ros2_humble/install/rqt_shell:/home/jaboy/ros2_humble/install/rqt_service_caller:/home/jaboy/ros2_humble/install/rqt_reconfigure:/home/jaboy/ros2_humble/install/rqt_py_console:/home/jaboy/ros2_humble/install/rqt_publisher:/home/jaboy/ros2_humble/install/rqt_plot:/home/jaboy/ros2_humble/install/rqt_action:/home/jaboy/ros2_humble/install/rqt_msg:/home/jaboy/ros2_humble/install/rqt_console:/home/jaboy/ros2_humble/install/rqt:/home/jaboy/ros2_humble/install/rqt_graph:/home/jaboy/ros2_humble/install/rqt_gui_py:/home/jaboy/ros2_humble/install/rqt_gui:/home/jaboy/ros2_humble/install/ros2trace:/home/jaboy/ros2_humble/install/ros2topic:/home/jaboy/ros2_humble/install/ros2test:/home/jaboy/ros2_humble/install/ros2component:/home/jaboy/ros2_humble/install/ros2param:/home/jaboy/ros2_humble/install/ros2lifecycle:/home/jaboy/ros2_humble/install/ros2service:/home/jaboy/ros2_humble/install/ros2run:/home/jaboy/ros2_humble/install/ros2launch:/home/jaboy/ros2_humble/install/ros2pkg:/home/jaboy/ros2_humble/install/ros2node:/home/jaboy/ros2_humble/install/ros2multicast:/home/jaboy/ros2_humble/install/ros2interface:/home/jaboy/ros2_humble/install/ros2doctor:/home/jaboy/ros2_humble/install/ros2action:/home/jaboy/ros2_humble/install/ros2cli:/home/jaboy/ros2_humble/install/quality_of_service_demo_py:/home/jaboy/ros2_humble/install/lifecycle_py:/home/jaboy/ros2_humble/install/launch_testing_ros:/home/jaboy/ros2_humble/install/launch_ros:/home/jaboy/ros2_humble/install/examples_rclpy_pointcloud_publisher:/home/jaboy/ros2_humble/install/examples_rclpy_minimal_subscriber:/home/jaboy/ros2_humble/install/examples_rclpy_minimal_service:/home/jaboy/ros2_humble/install/examples_rclpy_minimal_publisher:/home/jaboy/ros2_humble/install/examples_rclpy_minimal_client:/home/jaboy/ros2_humble/install/examples_rclpy_minimal_action_server:/home/jaboy/ros2_humble/install/examples_rclpy_minimal_action_client:/home/jaboy/ros2_humble/install/examples_rclpy_guard_conditions:/home/jaboy/ros2_humble/install/examples_rclpy_executors:/home/jaboy/ros2_humble/install/demo_nodes_py:/home/jaboy/ros2_humble/install/camera_info_manager_py:/home/jaboy/ros2_humble/install/action_tutorials_py:/home/jaboy/ros2_humble/install/ament_uncrustify:/home/jaboy/ros2_humble/install/tracetools_trace:/home/jaboy/ros2_humble/install/tracetools_read:/home/jaboy/ros2_humble/install/rclcpp_lifecycle:/home/jaboy/ros2_humble/install/examples_rclcpp_cbg_executor:/home/jaboy/ros2_humble/install/test_tracetools_launch:/home/jaboy/ros2_humble/install/test_launch_ros:/home/jaboy/ros2_humble/install/sensor_msgs_py:/home/jaboy/ros2_humble/install/rpyutils:/home/jaboy/ros2_humble/install/rosidl_runtime_py:/home/jaboy/ros2_humble/install/rosidl_cli:/home/jaboy/ros2_humble/install/launch_pytest:/home/jaboy/ros2_humble/install/launch_testing:/home/jaboy/ros2_humble/install/launch_yaml:/home/jaboy/ros2_humble/install/launch_xml:/home/jaboy/ros2_humble/install/launch:/home/jaboy/ros2_humble/install/osrf_pycommon:/home/jaboy/ros2_humble/install/domain_coordinator:/home/jaboy/ros2_humble/install/ament_xmllint:/home/jaboy/ros2_humble/install/ament_pyflakes:/home/jaboy/ros2_humble/install/ament_pycodestyle:/home/jaboy/ros2_humble/install/ament_pep257:/home/jaboy/ros2_humble/install/ament_pclint:/home/jaboy/ros2_humble/install/ament_package:/home/jaboy/ros2_humble/install/ament_mypy:/home/jaboy/ros2_humble/install/ament_lint_cmake:/home/jaboy/ros2_humble/install/ament_flake8:/home/jaboy/ros2_humble/install/ament_copyright:/home/jaboy/ros2_humble/install/ament_lint:/home/jaboy/ros2_humble/install/ament_index_python:/home/jaboy/ros2_humble/install/ament_cpplint:/home/jaboy/ros2_humble/install/ament_cppcheck:/home/jaboy/ros2_humble/install/ament_clang_tidy:/home/jaboy/ros2_humble/install/ament_clang_format:/home/jaboy/ros2_ws/install/launch_testing_examples:/home/jaboy/ros2_ws/install/examples_rclpy_pointcloud_publisher:/home/jaboy/ros2_ws/install/examples_rclpy_minimal_subscriber:/home/jaboy/ros2_ws/install/examples_rclpy_minimal_service:/home/jaboy/ros2_ws/install/examples_rclpy_minimal_publisher:/home/jaboy/ros2_ws/install/examples_rclpy_minimal_client:/home/jaboy/ros2_ws/install/examples_rclpy_minimal_action_server:/home/jaboy/ros2_ws/install/examples_rclpy_minimal_action_client:/home/jaboy/ros2_ws/install/examples_rclpy_guard_conditions:/home/jaboy/ros2_ws/install/examples_rclpy_executors:/opt/ros/humble IGN_GAZEBO_PLUGIN_PATH=/home/jaboy/Documents/RBE500_Project/RBE500_Project/install/ros_gz_example_gazebo/lib/ros_gz_example_gazebo IGN_GAZEBO_RESOURCE_PATH=/home/jaboy/Documents/RBE500_Project/RBE500_Project/install/ros_gz_example_description/share/ros_gz_example_description/models:${IGN_GAZEBO_RESOURCE_PATH} /usr/bin/cmake --install /home/jaboy/Documents/RBE500_Project/RBE500_Project/build/ros_gz_example_bringup
[2.897s] Level 1:colcon.colcon_core.environment:create_environment_scripts_only(ros_gz_example_bringup)
[2.898s] Level 1:colcon.colcon_core.environment:checking '/home/jaboy/Documents/RBE500_Project/RBE500_Project/install/ros_gz_example_bringup' for CMake module files
[2.900s] DEBUG:colcon.colcon_core.event_handler.log_command:Invoked command in '/home/jaboy/Documents/RBE500_Project/RBE500_Project/build/ros_gz_example_bringup' returned '0': CMAKE_PREFIX_PATH=/home/jaboy/Documents/RBE500_Project/RBE500_Project/install/ros_gz_example_gazebo:/home/jaboy/Documents/RBE500_Project/RBE500_Project/install/ros_gz_example_description:/home/jaboy/Documents/RBE500_Project/RBE500_Project/install/ros_gz_example_bringup:/home/jaboy/Documents/RBE500_Project/RBE500_Project/install/ros_gz_example_application:/home/jaboy/Documents/RBE500_Project/RBE500_Project/install/inverse_kin:/home/jaboy/Documents/RBE500_Project/RBE500_Project/install/custom_interfaces:/home/jaboy/ros2_humble/install/rosbag2_storage_mcap:/home/jaboy/ros2_humble/install/rosbag2:/home/jaboy/ros2_humble/install/rosbag2_compression_zstd:/home/jaboy/ros2_humble/install/mcap_vendor:/home/jaboy/ros2_humble/install/zstd_vendor:/home/jaboy/ros2_humble/install/rviz_visual_testing_framework:/home/jaboy/ros2_humble/install/rviz2:/home/jaboy/ros2_humble/install/rviz_default_plugins:/home/jaboy/ros2_humble/install/rviz_common:/home/jaboy/ros2_humble/install/rosbag2_py:/home/jaboy/ros2_humble/install/rosbag2_transport:/home/jaboy/ros2_humble/install/rosbag2_storage_default_plugins:/home/jaboy/ros2_humble/install/rosbag2_performance_benchmarking:/home/jaboy/ros2_humble/install/rosbag2_compression:/home/jaboy/ros2_humble/install/rosbag2_cpp:/home/jaboy/ros2_humble/install/rosbag2_storage:/home/jaboy/ros2_humble/install/image_common:/home/jaboy/ros2_humble/install/camera_info_manager:/home/jaboy/ros2_humble/install/camera_calibration_parsers:/home/jaboy/ros2_humble/install/yaml_cpp_vendor:/home/jaboy/ros2_humble/install/interactive_markers:/home/jaboy/ros2_humble/install/common_interfaces:/home/jaboy/ros2_humble/install/visualization_msgs:/home/jaboy/ros2_humble/install/dummy_robot_bringup:/home/jaboy/ros2_humble/install/robot_state_publisher:/home/jaboy/ros2_humble/install/kdl_parser:/home/jaboy/ros2_humble/install/urdf:/home/jaboy/ros2_humble/install/urdfdom:/home/jaboy/ros2_humble/install/urdf_parser_plugin:/home/jaboy/ros2_humble/install/urdfdom_headers:/home/jaboy/ros2_humble/install/turtlesim:/home/jaboy/ros2_humble/install/geometry2:/home/jaboy/ros2_humble/install/tf2_sensor_msgs:/home/jaboy/ros2_humble/install/test_tf2:/home/jaboy/ros2_humble/install/tf2_kdl:/home/jaboy/ros2_humble/install/tf2_geometry_msgs:/home/jaboy/ros2_humble/install/tf2_eigen:/home/jaboy/ros2_humble/install/tf2_bullet:/home/jaboy/ros2_humble/install/tf2_ros:/home/jaboy/ros2_humble/install/tf2_py:/home/jaboy/ros2_humble/install/tf2_msgs:/home/jaboy/ros2_humble/install/test_msgs:/home/jaboy/ros2_humble/install/sros2_cmake:/home/jaboy/ros2_humble/install/ros2cli_common_extensions:/home/jaboy/ros2_humble/install/rqt_py_common:/home/jaboy/ros2_humble/install/rosbag2_storage_mcap_testdata:/home/jaboy/ros2_humble/install/ros_testing:/home/jaboy/ros2_humble/install/ros2cli_test_interfaces:/home/jaboy/ros2_humble/install/quality_of_service_demo_cpp:/home/jaboy/ros2_humble/install/image_transport:/home/jaboy/ros2_humble/install/message_filters:/home/jaboy/ros2_humble/install/demo_nodes_cpp:/home/jaboy/ros2_humble/install/composition:/home/jaboy/ros2_humble/install/laser_geometry:/home/jaboy/ros2_humble/install/rclpy:/home/jaboy/ros2_humble/install/examples_rclcpp_minimal_action_server:/home/jaboy/ros2_humble/install/examples_rclcpp_minimal_action_client:/home/jaboy/ros2_humble/install/action_tutorials_cpp:/home/jaboy/ros2_humble/install/rclcpp_action:/home/jaboy/ros2_humble/install/rcl_action:/home/jaboy/ros2_humble/install/examples_rclcpp_wait_set:/home/jaboy/ros2_humble/install/examples_rclcpp_minimal_service:/home/jaboy/ros2_humble/install/examples_rclcpp_minimal_client:/home/jaboy/ros2_humble/install/examples_rclcpp_async_client:/home/jaboy/ros2_humble/install/example_interfaces:/home/jaboy/ros2_humble/install/action_tutorials_interfaces:/home/jaboy/ros2_humble/install/action_msgs:/home/jaboy/ros2_humble/install/unique_identifier_msgs:/home/jaboy/ros2_humble/install/ament_lint_common:/home/jaboy/ros2_humble/install/ament_cmake_uncrustify:/home/jaboy/ros2_humble/install/uncrustify_vendor:/home/jaboy/ros2_humble/install/trajectory_msgs:/home/jaboy/ros2_humble/install/topic_statistics_demo:/home/jaboy/ros2_humble/install/pendulum_control:/home/jaboy/ros2_humble/install/tlsf_cpp:/home/jaboy/ros2_humble/install/test_tracetools:/home/jaboy/ros2_humble/install/rqt_gui_cpp:/home/jaboy/ros2_humble/install/rosbag2_test_common:/home/jaboy/ros2_humble/install/ros2lifecycle_test_fixtures:/home/jaboy/ros2_humble/install/lifecycle:/home/jaboy/ros2_humble/install/logging_demo:/home/jaboy/ros2_humble/install/image_tools:/home/jaboy/ros2_humble/install/examples_rclcpp_minimal_subscriber:/home/jaboy/ros2_humble/install/examples_rclcpp_minimal_composition:/home/jaboy/ros2_humble/install/demo_nodes_cpp_native:/home/jaboy/ros2_humble/install/rclcpp_components:/home/jaboy/ros2_humble/install/intra_process_demo:/home/jaboy/ros2_humble/install/examples_rclcpp_multithreaded_executor:/home/jaboy/ros2_humble/install/examples_rclcpp_minimal_timer:/home/jaboy/ros2_humble/install/examples_rclcpp_minimal_publisher:/home/jaboy/ros2_humble/install/dummy_sensors:/home/jaboy/ros2_humble/install/dummy_map_server:/home/jaboy/ros2_humble/install/rclcpp:/home/jaboy/ros2_humble/install/rcl_lifecycle:/home/jaboy/ros2_humble/install/libstatistics_collector:/home/jaboy/ros2_humble/install/rcl:/home/jaboy/ros2_humble/install/rmw_implementation:/home/jaboy/ros2_humble/install/rmw_fastrtps_dynamic_cpp:/home/jaboy/ros2_humble/install/rmw_fastrtps_cpp:/home/jaboy/ros2_humble/install/rmw_fastrtps_shared_cpp:/home/jaboy/ros2_humble/install/rmw_cyclonedds_cpp:/home/jaboy/ros2_humble/install/tracetools:/home/jaboy/ros2_humble/install/tlsf:/home/jaboy/ros2_humble/install/tinyxml_vendor:/home/jaboy/ros2_humble/install/qt_gui_core:/home/jaboy/ros2_humble/install/qt_gui_cpp:/home/jaboy/ros2_humble/install/pluginlib:/home/jaboy/ros2_humble/install/tinyxml2_vendor:/home/jaboy/ros2_humble/install/tf2_eigen_kdl:/home/jaboy/ros2_humble/install/tf2:/home/jaboy/ros2_humble/install/test_security:/home/jaboy/ros2_humble/install/test_rmw_implementation:/home/jaboy/ros2_humble/install/test_rclcpp:/home/jaboy/ros2_humble/install/test_quality_of_service:/home/jaboy/ros2_humble/install/test_launch_testing:/home/jaboy/ros2_humble/install/test_interface_files:/home/jaboy/ros2_humble/install/test_communication:/home/jaboy/ros2_humble/install/test_cli_remapping:/home/jaboy/ros2_humble/install/test_cli:/home/jaboy/ros2_humble/install/qt_gui_app:/home/jaboy/ros2_humble/install/qt_gui:/home/jaboy/ros2_humble/install/tango_icons_vendor:/home/jaboy/ros2_humble/install/stereo_msgs:/home/jaboy/ros2_humble/install/std_srvs:/home/jaboy/ros2_humble/install/shape_msgs:/home/jaboy/ros2_humble/install/map_msgs:/home/jaboy/ros2_humble/install/sensor_msgs:/home/jaboy/ros2_humble/install/nav_msgs:/home/jaboy/ros2_humble/install/diagnostic_msgs:/home/jaboy/ros2_humble/install/geometry_msgs:/home/jaboy/ros2_humble/install/actionlib_msgs:/home/jaboy/ros2_humble/install/std_msgs:/home/jaboy/ros2_humble/install/statistics_msgs:/home/jaboy/ros2_humble/install/sqlite3_vendor:/home/jaboy/ros2_humble/install/rcl_logging_spdlog:/home/jaboy/ros2_humble/install/spdlog_vendor:/home/jaboy/ros2_humble/install/shared_queues_vendor:/home/jaboy/ros2_humble/install/rviz_rendering_tests:/home/jaboy/ros2_humble/install/rviz_rendering:/home/jaboy/ros2_humble/install/rviz_ogre_vendor:/home/jaboy/ros2_humble/install/rviz_assimp_vendor:/home/jaboy/ros2_humble/install/rttest:/home/jaboy/ros2_humble/install/rmw_connextddsmicro:/home/jaboy/ros2_humble/install/rmw_connextdds:/home/jaboy/ros2_humble/install/rmw_connextdds_common:/home/jaboy/ros2_humble/install/rti_connext_dds_cmake_module:/home/jaboy/ros2_humble/install/rosgraph_msgs:/home/jaboy/ros2_humble/install/rosbag2_interfaces:/home/jaboy/ros2_humble/install/rmw_dds_common:/home/jaboy/ros2_humble/install/composition_interfaces:/home/jaboy/ros2_humble/install/rcl_interfaces:/home/jaboy/ros2_humble/install/pendulum_msgs:/home/jaboy/ros2_humble/install/lifecycle_msgs:/home/jaboy/ros2_humble/install/builtin_interfaces:/home/jaboy/ros2_humble/install/rosidl_default_runtime:/home/jaboy/ros2_humble/install/rosidl_default_generators:/home/jaboy/ros2_humble/install/rosidl_generator_py:/home/jaboy/ros2_humble/install/rosidl_typesupport_introspection_tests:/home/jaboy/ros2_humble/install/rosidl_typesupport_cpp:/home/jaboy/ros2_humble/install/rosidl_typesupport_introspection_cpp:/home/jaboy/ros2_humble/install/rosidl_typesupport_c:/home/jaboy/ros2_humble/install/rosidl_typesupport_introspection_c:/home/jaboy/ros2_humble/install/rosidl_typesupport_fastrtps_c:/home/jaboy/ros2_humble/install/rosidl_typesupport_fastrtps_cpp:/home/jaboy/ros2_humble/install/rosidl_generator_cpp:/home/jaboy/ros2_humble/install/rosidl_runtime_cpp:/home/jaboy/ros2_humble/install/rcl_yaml_param_parser:/home/jaboy/ros2_humble/install/rmw:/home/jaboy/ros2_humble/install/rosidl_runtime_c:/home/jaboy/ros2_humble/install/rosidl_generator_c:/home/jaboy/ros2_humble/install/rosidl_typesupport_interface:/home/jaboy/ros2_humble/install/rosidl_generator_dds_idl:/home/jaboy/ros2_humble/install/rosidl_cmake:/home/jaboy/ros2_humble/install/rosidl_parser:/home/jaboy/ros2_humble/install/rosidl_adapter:/home/jaboy/ros2_humble/install/rosbag2_tests:/home/jaboy/ros2_humble/install/ros_environment:/home/jaboy/ros2_humble/install/rmw_implementation_cmake:/home/jaboy/ros2_humble/install/resource_retriever:/home/jaboy/ros2_humble/install/class_loader:/home/jaboy/ros2_humble/install/rcpputils:/home/jaboy/ros2_humble/install/rcl_logging_noop:/home/jaboy/ros2_humble/install/rcl_logging_interface:/home/jaboy/ros2_humble/install/rcutils:/home/jaboy/ros2_humble/install/qt_gui_py_common:/home/jaboy/ros2_humble/install/qt_dotgraph:/home/jaboy/ros2_humble/install/python_qt_binding:/home/jaboy/ros2_humble/install/python_orocos_kdl_vendor:/home/jaboy/ros2_humble/install/launch_testing_ament_cmake:/home/jaboy/ros2_humble/install/python_cmake_module:/home/jaboy/ros2_humble/install/pybind11_vendor:/home/jaboy/ros2_humble/install/performance_test_fixture:/home/jaboy/ros2_humble/install/osrf_testing_tools_cpp:/home/jaboy/ros2_humble/install/orocos_kdl_vendor:/home/jaboy/ros2_humble/install/mimick_vendor:/home/jaboy/ros2_humble/install/libyaml_vendor:/home/jaboy/ros2_humble/install/libcurl_vendor:/home/jaboy/ros2_humble/install/keyboard_handler:/home/jaboy/ros2_humble/install/iceoryx_introspection:/home/jaboy/ros2_humble/install/cyclonedds:/home/jaboy/ros2_humble/install/iceoryx_posh:/home/jaboy/ros2_humble/install/iceoryx_hoofs:/home/jaboy/ros2_humble/install/iceoryx_binding_c:/home/jaboy/ros2_humble/install/ament_cmake_ros:/home/jaboy/ros2_humble/install/ament_cmake_auto:/home/jaboy/ros2_humble/install/ament_cmake_gmock:/home/jaboy/ros2_humble/install/gmock_vendor:/home/jaboy/ros2_humble/install/ament_cmake_gtest:/home/jaboy/ros2_humble/install/gtest_vendor:/home/jaboy/ros2_humble/install/ament_cmake_google_benchmark:/home/jaboy/ros2_humble/install/google_benchmark_vendor:/home/jaboy/ros2_humble/install/fastrtps:/home/jaboy/ros2_humble/install/foonathan_memory_vendor:/home/jaboy/ros2_humble/install/fastrtps_cmake_module:/home/jaboy/ros2_humble/install/fastcdr:/home/jaboy/ros2_humble/install/eigen3_cmake_module:/home/jaboy/ros2_humble/install/console_bridge_vendor:/home/jaboy/ros2_humble/install/ament_cmake_xmllint:/home/jaboy/ros2_humble/install/ament_cmake_pyflakes:/home/jaboy/ros2_humble/install/ament_cmake_pycodestyle:/home/jaboy/ros2_humble/install/ament_cmake_pep257:/home/jaboy/ros2_humble/install/ament_cmake_pclint:/home/jaboy/ros2_humble/install/ament_lint_auto:/home/jaboy/ros2_humble/install/ament_cmake:/home/jaboy/ros2_humble/install/ament_cmake_version:/home/jaboy/ros2_humble/install/ament_cmake_vendor_package:/home/jaboy/ros2_humble/install/ament_cmake_pytest:/home/jaboy/ros2_humble/install/ament_cmake_nose:/home/jaboy/ros2_humble/install/ament_cmake_mypy:/home/jaboy/ros2_humble/install/ament_cmake_lint_cmake:/home/jaboy/ros2_humble/install/ament_cmake_flake8:/home/jaboy/ros2_humble/install/ament_cmake_cpplint:/home/jaboy/ros2_humble/install/ament_cmake_cppcheck:/home/jaboy/ros2_humble/install/ament_cmake_copyright:/home/jaboy/ros2_humble/install/ament_cmake_clang_tidy:/home/jaboy/ros2_humble/install/ament_cmake_clang_format:/home/jaboy/ros2_humble/install/ament_cmake_test:/home/jaboy/ros2_humble/install/ament_cmake_target_dependencies:/home/jaboy/ros2_humble/install/ament_cmake_python:/home/jaboy/ros2_humble/install/ament_cmake_export_dependencies:/home/jaboy/ros2_humble/install/ament_cmake_libraries:/home/jaboy/ros2_humble/install/ament_cmake_include_directories:/home/jaboy/ros2_humble/install/ament_cmake_gen_version_h:/home/jaboy/ros2_humble/install/ament_cmake_export_targets:/home/jaboy/ros2_humble/install/ament_cmake_export_link_flags:/home/jaboy/ros2_humble/install/ament_cmake_export_interfaces:/home/jaboy/ros2_humble/install/ament_cmake_export_libraries:/home/jaboy/ros2_humble/install/ament_cmake_export_include_directories:/home/jaboy/ros2_humble/install/ament_cmake_export_definitions:/home/jaboy/ros2_humble/install/ament_cmake_core:/home/jaboy/ros2_humble/install/ament_index_cpp:/home/jaboy/ros2_ws/install/quat_to_euler:/home/jaboy/ros2_ws/install/hw3-kinematics:/home/jaboy/ros2_ws/install/examples_rclcpp_wait_set:/home/jaboy/ros2_ws/install/examples_rclcpp_multithreaded_executor:/home/jaboy/ros2_ws/install/examples_rclcpp_minimal_timer:/home/jaboy/ros2_ws/install/examples_rclcpp_minimal_subscriber:/home/jaboy/ros2_ws/install/examples_rclcpp_minimal_service:/home/jaboy/ros2_ws/install/examples_rclcpp_minimal_publisher:/home/jaboy/ros2_ws/install/examples_rclcpp_minimal_composition:/home/jaboy/ros2_ws/install/examples_rclcpp_minimal_client:/home/jaboy/ros2_ws/install/examples_rclcpp_minimal_action_server:/home/jaboy/ros2_ws/install/examples_rclcpp_minimal_action_client:/home/jaboy/ros2_ws/install/examples_rclcpp_cbg_executor:/home/jaboy/ros2_ws/install/examples_rclcpp_async_client:/home/jaboy/Documents/RBE500_Project/RBE500_Project/install/inverse_kinematics:/home/jaboy/Documents/RBE500_Project/RBE500_Project/install/forward_kinematics:/home/jaboy/Documents/RBE500_Project/RBE500_Project/install/control:/home/jaboy/ros2_humble/install/rqt_bag_plugins:/home/jaboy/ros2_humble/install/rqt_bag:/home/jaboy/ros2_humble/install/launch_testing_examples:/home/jaboy/ros2_humble/install/ros2bag:/home/jaboy/ros2_humble/install/tracetools_test:/home/jaboy/ros2_humble/install/tracetools_launch:/home/jaboy/ros2_humble/install/topic_monitor:/home/jaboy/ros2_humble/install/tf2_tools:/home/jaboy/ros2_humble/install/examples_tf2_py:/home/jaboy/ros2_humble/install/tf2_ros_py:/home/jaboy/ros2_humble/install/sros2:/home/jaboy/ros2_humble/install/rqt_topic:/home/jaboy/ros2_humble/install/rqt_srv:/home/jaboy/ros2_humble/install/rqt_shell:/home/jaboy/ros2_humble/install/rqt_service_caller:/home/jaboy/ros2_humble/install/rqt_reconfigure:/home/jaboy/ros2_humble/install/rqt_py_console:/home/jaboy/ros2_humble/install/rqt_publisher:/home/jaboy/ros2_humble/install/rqt_plot:/home/jaboy/ros2_humble/install/rqt_action:/home/jaboy/ros2_humble/install/rqt_msg:/home/jaboy/ros2_humble/install/rqt_console:/home/jaboy/ros2_humble/install/rqt:/home/jaboy/ros2_humble/install/rqt_graph:/home/jaboy/ros2_humble/install/rqt_gui_py:/home/jaboy/ros2_humble/install/rqt_gui:/home/jaboy/ros2_humble/install/ros2trace:/home/jaboy/ros2_humble/install/ros2topic:/home/jaboy/ros2_humble/install/ros2test:/home/jaboy/ros2_humble/install/ros2component:/home/jaboy/ros2_humble/install/ros2param:/home/jaboy/ros2_humble/install/ros2lifecycle:/home/jaboy/ros2_humble/install/ros2service:/home/jaboy/ros2_humble/install/ros2run:/home/jaboy/ros2_humble/install/ros2launch:/home/jaboy/ros2_humble/install/ros2pkg:/home/jaboy/ros2_humble/install/ros2node:/home/jaboy/ros2_humble/install/ros2multicast:/home/jaboy/ros2_humble/install/ros2interface:/home/jaboy/ros2_humble/install/ros2doctor:/home/jaboy/ros2_humble/install/ros2action:/home/jaboy/ros2_humble/install/ros2cli:/home/jaboy/ros2_humble/install/quality_of_service_demo_py:/home/jaboy/ros2_humble/install/lifecycle_py:/home/jaboy/ros2_humble/install/launch_testing_ros:/home/jaboy/ros2_humble/install/launch_ros:/home/jaboy/ros2_humble/install/examples_rclpy_pointcloud_publisher:/home/jaboy/ros2_humble/install/examples_rclpy_minimal_subscriber:/home/jaboy/ros2_humble/install/examples_rclpy_minimal_service:/home/jaboy/ros2_humble/install/examples_rclpy_minimal_publisher:/home/jaboy/ros2_humble/install/examples_rclpy_minimal_client:/home/jaboy/ros2_humble/install/examples_rclpy_minimal_action_server:/home/jaboy/ros2_humble/install/examples_rclpy_minimal_action_client:/home/jaboy/ros2_humble/install/examples_rclpy_guard_conditions:/home/jaboy/ros2_humble/install/examples_rclpy_executors:/home/jaboy/ros2_humble/install/demo_nodes_py:/home/jaboy/ros2_humble/install/camera_info_manager_py:/home/jaboy/ros2_humble/install/action_tutorials_py:/home/jaboy/ros2_humble/install/ament_uncrustify:/home/jaboy/ros2_humble/install/tracetools_trace:/home/jaboy/ros2_humble/install/tracetools_read:/home/jaboy/ros2_humble/install/rclcpp_lifecycle:/home/jaboy/ros2_humble/install/examples_rclcpp_cbg_executor:/home/jaboy/ros2_humble/install/test_tracetools_launch:/home/jaboy/ros2_humble/install/test_launch_ros:/home/jaboy/ros2_humble/install/sensor_msgs_py:/home/jaboy/ros2_humble/install/rpyutils:/home/jaboy/ros2_humble/install/rosidl_runtime_py:/home/jaboy/ros2_humble/install/rosidl_cli:/home/jaboy/ros2_humble/install/launch_pytest:/home/jaboy/ros2_humble/install/launch_testing:/home/jaboy/ros2_humble/install/launch_yaml:/home/jaboy/ros2_humble/install/launch_xml:/home/jaboy/ros2_humble/install/launch:/home/jaboy/ros2_humble/install/osrf_pycommon:/home/jaboy/ros2_humble/install/domain_coordinator:/home/jaboy/ros2_humble/install/ament_xmllint:/home/jaboy/ros2_humble/install/ament_pyflakes:/home/jaboy/ros2_humble/install/ament_pycodestyle:/home/jaboy/ros2_humble/install/ament_pep257:/home/jaboy/ros2_humble/install/ament_pclint:/home/jaboy/ros2_humble/install/ament_package:/home/jaboy/ros2_humble/install/ament_mypy:/home/jaboy/ros2_humble/install/ament_lint_cmake:/home/jaboy/ros2_humble/install/ament_flake8:/home/jaboy/ros2_humble/install/ament_copyright:/home/jaboy/ros2_humble/install/ament_lint:/home/jaboy/ros2_humble/install/ament_index_python:/home/jaboy/ros2_humble/install/ament_cpplint:/home/jaboy/ros2_humble/install/ament_cppcheck:/home/jaboy/ros2_humble/install/ament_clang_tidy:/home/jaboy/ros2_humble/install/ament_clang_format:/home/jaboy/ros2_ws/install/launch_testing_examples:/home/jaboy/ros2_ws/install/examples_rclpy_pointcloud_publisher:/home/jaboy/ros2_ws/install/examples_rclpy_minimal_subscriber:/home/jaboy/ros2_ws/install/examples_rclpy_minimal_service:/home/jaboy/ros2_ws/install/examples_rclpy_minimal_publisher:/home/jaboy/ros2_ws/install/examples_rclpy_minimal_client:/home/jaboy/ros2_ws/install/examples_rclpy_minimal_action_server:/home/jaboy/ros2_ws/install/examples_rclpy_minimal_action_client:/home/jaboy/ros2_ws/install/examples_rclpy_guard_conditions:/home/jaboy/ros2_ws/install/examples_rclpy_executors:/opt/ros/humble IGN_GAZEBO_PLUGIN_PATH=/home/jaboy/Documents/RBE500_Project/RBE500_Project/install/ros_gz_example_gazebo/lib/ros_gz_example_gazebo IGN_GAZEBO_RESOURCE_PATH=/home/jaboy/Documents/RBE500_Project/RBE500_Project/install/ros_gz_example_description/share/ros_gz_example_description/models:${IGN_GAZEBO_RESOURCE_PATH} /usr/bin/cmake --install /home/jaboy/Documents/RBE500_Project/RBE500_Project/build/ros_gz_example_bringup
[2.900s] Level 1:colcon.colcon_core.environment:checking '/home/jaboy/Documents/RBE500_Project/RBE500_Project/install/ros_gz_example_bringup' for CMake config files
[2.900s] Level 1:colcon.colcon_core.shell:create_environment_hook('ros_gz_example_bringup', 'cmake_prefix_path')
[2.900s] INFO:colcon.colcon_core.shell:Creating environment hook '/home/jaboy/Documents/RBE500_Project/RBE500_Project/install/ros_gz_example_bringup/share/ros_gz_example_bringup/hook/cmake_prefix_path.ps1'
[2.901s] INFO:colcon.colcon_core.shell:Creating environment descriptor '/home/jaboy/Documents/RBE500_Project/RBE500_Project/install/ros_gz_example_bringup/share/ros_gz_example_bringup/hook/cmake_prefix_path.dsv'
[2.901s] INFO:colcon.colcon_core.shell:Creating environment hook '/home/jaboy/Documents/RBE500_Project/RBE500_Project/install/ros_gz_example_bringup/share/ros_gz_example_bringup/hook/cmake_prefix_path.sh'
[2.902s] Level 1:colcon.colcon_core.environment:checking '/home/jaboy/Documents/RBE500_Project/RBE500_Project/install/ros_gz_example_bringup/bin'
[2.902s] Level 1:colcon.colcon_core.environment:checking '/home/jaboy/Documents/RBE500_Project/RBE500_Project/install/ros_gz_example_bringup/lib/pkgconfig/ros_gz_example_bringup.pc'
[2.902s] Level 1:colcon.colcon_core.environment:checking '/home/jaboy/Documents/RBE500_Project/RBE500_Project/install/ros_gz_example_bringup/lib/python3.10/site-packages'
[2.902s] Level 1:colcon.colcon_core.environment:checking '/home/jaboy/Documents/RBE500_Project/RBE500_Project/install/ros_gz_example_bringup/bin'
[2.902s] INFO:colcon.colcon_core.shell:Creating package script '/home/jaboy/Documents/RBE500_Project/RBE500_Project/install/ros_gz_example_bringup/share/ros_gz_example_bringup/package.ps1'
[2.903s] INFO:colcon.colcon_core.shell:Creating package descriptor '/home/jaboy/Documents/RBE500_Project/RBE500_Project/install/ros_gz_example_bringup/share/ros_gz_example_bringup/package.dsv'
[2.903s] INFO:colcon.colcon_core.shell:Creating package script '/home/jaboy/Documents/RBE500_Project/RBE500_Project/install/ros_gz_example_bringup/share/ros_gz_example_bringup/package.sh'
[2.904s] INFO:colcon.colcon_core.shell:Creating package script '/home/jaboy/Documents/RBE500_Project/RBE500_Project/install/ros_gz_example_bringup/share/ros_gz_example_bringup/package.bash'
[2.904s] INFO:colcon.colcon_core.shell:Creating package script '/home/jaboy/Documents/RBE500_Project/RBE500_Project/install/ros_gz_example_bringup/share/ros_gz_example_bringup/package.zsh'
[2.904s] Level 1:colcon.colcon_core.environment:create_file_with_runtime_dependencies(/home/jaboy/Documents/RBE500_Project/RBE500_Project/install/ros_gz_example_bringup/share/colcon-core/packages/ros_gz_example_bringup)
[2.905s] Level 1:colcon.colcon_core.environment:create_environment_scripts_only(ros_gz_example_bringup)
[2.905s] Level 1:colcon.colcon_core.environment:checking '/home/jaboy/Documents/RBE500_Project/RBE500_Project/install/ros_gz_example_bringup' for CMake module files
[2.905s] Level 1:colcon.colcon_core.environment:checking '/home/jaboy/Documents/RBE500_Project/RBE500_Project/install/ros_gz_example_bringup' for CMake config files
[2.906s] Level 1:colcon.colcon_core.shell:create_environment_hook('ros_gz_example_bringup', 'cmake_prefix_path')
[2.906s] INFO:colcon.colcon_core.shell:Creating environment hook '/home/jaboy/Documents/RBE500_Project/RBE500_Project/install/ros_gz_example_bringup/share/ros_gz_example_bringup/hook/cmake_prefix_path.ps1'
[2.906s] INFO:colcon.colcon_core.shell:Creating environment descriptor '/home/jaboy/Documents/RBE500_Project/RBE500_Project/install/ros_gz_example_bringup/share/ros_gz_example_bringup/hook/cmake_prefix_path.dsv'
[2.907s] INFO:colcon.colcon_core.shell:Creating environment hook '/home/jaboy/Documents/RBE500_Project/RBE500_Project/install/ros_gz_example_bringup/share/ros_gz_example_bringup/hook/cmake_prefix_path.sh'
[2.907s] Level 1:colcon.colcon_core.environment:checking '/home/jaboy/Documents/RBE500_Project/RBE500_Project/install/ros_gz_example_bringup/bin'
[2.907s] Level 1:colcon.colcon_core.environment:checking '/home/jaboy/Documents/RBE500_Project/RBE500_Project/install/ros_gz_example_bringup/lib/pkgconfig/ros_gz_example_bringup.pc'
[2.908s] Level 1:colcon.colcon_core.environment:checking '/home/jaboy/Documents/RBE500_Project/RBE500_Project/install/ros_gz_example_bringup/lib/python3.10/site-packages'
[2.908s] Level 1:colcon.colcon_core.environment:checking '/home/jaboy/Documents/RBE500_Project/RBE500_Project/install/ros_gz_example_bringup/bin'
[2.908s] INFO:colcon.colcon_core.shell:Creating package script '/home/jaboy/Documents/RBE500_Project/RBE500_Project/install/ros_gz_example_bringup/share/ros_gz_example_bringup/package.ps1'
[2.909s] INFO:colcon.colcon_core.shell:Creating package descriptor '/home/jaboy/Documents/RBE500_Project/RBE500_Project/install/ros_gz_example_bringup/share/ros_gz_example_bringup/package.dsv'
[2.909s] INFO:colcon.colcon_core.shell:Creating package script '/home/jaboy/Documents/RBE500_Project/RBE500_Project/install/ros_gz_example_bringup/share/ros_gz_example_bringup/package.sh'
[2.910s] INFO:colcon.colcon_core.shell:Creating package script '/home/jaboy/Documents/RBE500_Project/RBE500_Project/install/ros_gz_example_bringup/share/ros_gz_example_bringup/package.bash'
[2.910s] INFO:colcon.colcon_core.shell:Creating package script '/home/jaboy/Documents/RBE500_Project/RBE500_Project/install/ros_gz_example_bringup/share/ros_gz_example_bringup/package.zsh'
[2.910s] Level 1:colcon.colcon_core.environment:create_file_with_runtime_dependencies(/home/jaboy/Documents/RBE500_Project/RBE500_Project/install/ros_gz_example_bringup/share/colcon-core/packages/ros_gz_example_bringup)
[3.231s] Level 1:colcon.colcon_core.environment:checking '/home/jaboy/Documents/RBE500_Project/RBE500_Project/install/forward_kinematics' for CMake module files
[3.232s] DEBUG:colcon.colcon_core.event_handler.log_command:Invoked command in '/home/jaboy/Documents/RBE500_Project/RBE500_Project/forward_kinematics' returned '0': PYTHONPATH=/home/jaboy/Documents/RBE500_Project/RBE500_Project/build/forward_kinematics/prefix_override:/usr/lib/python3/dist-packages/colcon_core/task/python/colcon_distutils_commands:/home/jaboy/Documents/RBE500_Project/RBE500_Project/install/forward_kinematics/lib/python3.10/site-packages:${PYTHONPATH} /usr/bin/python3 -W ignore:setup.py install is deprecated -W ignore:easy_install command is deprecated setup.py egg_info --egg-base ../build/forward_kinematics build --build-base /home/jaboy/Documents/RBE500_Project/RBE500_Project/build/forward_kinematics/build install --record /home/jaboy/Documents/RBE500_Project/RBE500_Project/build/forward_kinematics/install.log --single-version-externally-managed install_data
[3.233s] Level 1:colcon.colcon_core.environment:checking '/home/jaboy/Documents/RBE500_Project/RBE500_Project/install/forward_kinematics' for CMake config files
[3.234s] Level 1:colcon.colcon_core.environment:checking '/home/jaboy/Documents/RBE500_Project/RBE500_Project/install/forward_kinematics/lib'
[3.234s] Level 1:colcon.colcon_core.environment:checking '/home/jaboy/Documents/RBE500_Project/RBE500_Project/install/forward_kinematics/bin'
[3.234s] Level 1:colcon.colcon_core.environment:checking '/home/jaboy/Documents/RBE500_Project/RBE500_Project/install/forward_kinematics/lib/pkgconfig/forward_kinematics.pc'
[3.234s] Level 1:colcon.colcon_core.environment:checking '/home/jaboy/Documents/RBE500_Project/RBE500_Project/install/forward_kinematics/lib/python3.10/site-packages'
[3.235s] Level 1:colcon.colcon_core.shell:create_environment_hook('forward_kinematics', 'pythonpath')
[3.235s] INFO:colcon.colcon_core.shell:Creating environment hook '/home/jaboy/Documents/RBE500_Project/RBE500_Project/install/forward_kinematics/share/forward_kinematics/hook/pythonpath.ps1'
[3.236s] INFO:colcon.colcon_core.shell:Creating environment descriptor '/home/jaboy/Documents/RBE500_Project/RBE500_Project/install/forward_kinematics/share/forward_kinematics/hook/pythonpath.dsv'
[3.236s] INFO:colcon.colcon_core.shell:Creating environment hook '/home/jaboy/Documents/RBE500_Project/RBE500_Project/install/forward_kinematics/share/forward_kinematics/hook/pythonpath.sh'
[3.237s] Level 1:colcon.colcon_core.environment:checking '/home/jaboy/Documents/RBE500_Project/RBE500_Project/install/forward_kinematics/bin'
[3.237s] Level 1:colcon.colcon_core.environment:create_environment_scripts_only(forward_kinematics)
[3.238s] INFO:colcon.colcon_core.shell:Creating package script '/home/jaboy/Documents/RBE500_Project/RBE500_Project/install/forward_kinematics/share/forward_kinematics/package.ps1'
[3.239s] INFO:colcon.colcon_core.shell:Creating package descriptor '/home/jaboy/Documents/RBE500_Project/RBE500_Project/install/forward_kinematics/share/forward_kinematics/package.dsv'
[3.239s] INFO:colcon.colcon_core.shell:Creating package script '/home/jaboy/Documents/RBE500_Project/RBE500_Project/install/forward_kinematics/share/forward_kinematics/package.sh'
[3.240s] INFO:colcon.colcon_core.shell:Creating package script '/home/jaboy/Documents/RBE500_Project/RBE500_Project/install/forward_kinematics/share/forward_kinematics/package.bash'
[3.241s] INFO:colcon.colcon_core.shell:Creating package script '/home/jaboy/Documents/RBE500_Project/RBE500_Project/install/forward_kinematics/share/forward_kinematics/package.zsh'
[3.241s] Level 1:colcon.colcon_core.environment:create_file_with_runtime_dependencies(/home/jaboy/Documents/RBE500_Project/RBE500_Project/install/forward_kinematics/share/colcon-core/packages/forward_kinematics)
[3.243s] Level 1:colcon.colcon_core.environment:checking '/home/jaboy/Documents/RBE500_Project/RBE500_Project/install/control' for CMake module files
[3.244s] DEBUG:colcon.colcon_core.event_handler.log_command:Invoked command in '/home/jaboy/Documents/RBE500_Project/RBE500_Project/control' returned '0': PYTHONPATH=/home/jaboy/Documents/RBE500_Project/RBE500_Project/build/control/prefix_override:/usr/lib/python3/dist-packages/colcon_core/task/python/colcon_distutils_commands:/home/jaboy/Documents/RBE500_Project/RBE500_Project/install/control/lib/python3.10/site-packages:${PYTHONPATH} /usr/bin/python3 -W ignore:setup.py install is deprecated -W ignore:easy_install command is deprecated setup.py egg_info --egg-base ../build/control build --build-base /home/jaboy/Documents/RBE500_Project/RBE500_Project/build/control/build install --record /home/jaboy/Documents/RBE500_Project/RBE500_Project/build/control/install.log --single-version-externally-managed install_data
[3.244s] Level 1:colcon.colcon_core.environment:checking '/home/jaboy/Documents/RBE500_Project/RBE500_Project/install/control' for CMake config files
[3.245s] Level 1:colcon.colcon_core.environment:checking '/home/jaboy/Documents/RBE500_Project/RBE500_Project/install/control/lib'
[3.245s] Level 1:colcon.colcon_core.environment:checking '/home/jaboy/Documents/RBE500_Project/RBE500_Project/install/control/bin'
[3.245s] Level 1:colcon.colcon_core.environment:checking '/home/jaboy/Documents/RBE500_Project/RBE500_Project/install/control/lib/pkgconfig/control.pc'
[3.246s] Level 1:colcon.colcon_core.environment:checking '/home/jaboy/Documents/RBE500_Project/RBE500_Project/install/control/lib/python3.10/site-packages'
[3.246s] Level 1:colcon.colcon_core.shell:create_environment_hook('control', 'pythonpath')
[3.246s] INFO:colcon.colcon_core.shell:Creating environment hook '/home/jaboy/Documents/RBE500_Project/RBE500_Project/install/control/share/control/hook/pythonpath.ps1'
[3.247s] INFO:colcon.colcon_core.shell:Creating environment descriptor '/home/jaboy/Documents/RBE500_Project/RBE500_Project/install/control/share/control/hook/pythonpath.dsv'
[3.247s] INFO:colcon.colcon_core.shell:Creating environment hook '/home/jaboy/Documents/RBE500_Project/RBE500_Project/install/control/share/control/hook/pythonpath.sh'
[3.248s] Level 1:colcon.colcon_core.environment:checking '/home/jaboy/Documents/RBE500_Project/RBE500_Project/install/control/bin'
[3.248s] Level 1:colcon.colcon_core.environment:create_environment_scripts_only(control)
[3.248s] INFO:colcon.colcon_core.shell:Creating package script '/home/jaboy/Documents/RBE500_Project/RBE500_Project/install/control/share/control/package.ps1'
[3.249s] INFO:colcon.colcon_core.shell:Creating package descriptor '/home/jaboy/Documents/RBE500_Project/RBE500_Project/install/control/share/control/package.dsv'
[3.249s] INFO:colcon.colcon_core.shell:Creating package script '/home/jaboy/Documents/RBE500_Project/RBE500_Project/install/control/share/control/package.sh'
[3.249s] INFO:colcon.colcon_core.shell:Creating package script '/home/jaboy/Documents/RBE500_Project/RBE500_Project/install/control/share/control/package.bash'
[3.250s] INFO:colcon.colcon_core.shell:Creating package script '/home/jaboy/Documents/RBE500_Project/RBE500_Project/install/control/share/control/package.zsh'
[3.250s] Level 1:colcon.colcon_core.environment:create_file_with_runtime_dependencies(/home/jaboy/Documents/RBE500_Project/RBE500_Project/install/control/share/colcon-core/packages/control)
[3.413s] DEBUG:colcon.colcon_core.event_handler.log_command:Invoking command in '/home/jaboy/Documents/RBE500_Project/RBE500_Project/inverse_kinematics': CMAKE_PREFIX_PATH=/home/jaboy/Documents/RBE500_Project/RBE500_Project/install/inverse_kin:/home/jaboy/Documents/RBE500_Project/RBE500_Project/install/ros_gz_example_bringup:/home/jaboy/Documents/RBE500_Project/RBE500_Project/install/ros_gz_example_gazebo:/home/jaboy/Documents/RBE500_Project/RBE500_Project/install/ros_gz_example_description:/home/jaboy/Documents/RBE500_Project/RBE500_Project/install/ros_gz_example_application:/home/jaboy/Documents/RBE500_Project/RBE500_Project/install/custom_interfaces:/home/jaboy/ros2_humble/install/rosbag2_storage_mcap:/home/jaboy/ros2_humble/install/rosbag2:/home/jaboy/ros2_humble/install/rosbag2_compression_zstd:/home/jaboy/ros2_humble/install/mcap_vendor:/home/jaboy/ros2_humble/install/zstd_vendor:/home/jaboy/ros2_humble/install/rviz_visual_testing_framework:/home/jaboy/ros2_humble/install/rviz2:/home/jaboy/ros2_humble/install/rviz_default_plugins:/home/jaboy/ros2_humble/install/rviz_common:/home/jaboy/ros2_humble/install/rosbag2_py:/home/jaboy/ros2_humble/install/rosbag2_transport:/home/jaboy/ros2_humble/install/rosbag2_storage_default_plugins:/home/jaboy/ros2_humble/install/rosbag2_performance_benchmarking:/home/jaboy/ros2_humble/install/rosbag2_compression:/home/jaboy/ros2_humble/install/rosbag2_cpp:/home/jaboy/ros2_humble/install/rosbag2_storage:/home/jaboy/ros2_humble/install/image_common:/home/jaboy/ros2_humble/install/camera_info_manager:/home/jaboy/ros2_humble/install/camera_calibration_parsers:/home/jaboy/ros2_humble/install/yaml_cpp_vendor:/home/jaboy/ros2_humble/install/interactive_markers:/home/jaboy/ros2_humble/install/common_interfaces:/home/jaboy/ros2_humble/install/visualization_msgs:/home/jaboy/ros2_humble/install/dummy_robot_bringup:/home/jaboy/ros2_humble/install/robot_state_publisher:/home/jaboy/ros2_humble/install/kdl_parser:/home/jaboy/ros2_humble/install/urdf:/home/jaboy/ros2_humble/install/urdfdom:/home/jaboy/ros2_humble/install/urdf_parser_plugin:/home/jaboy/ros2_humble/install/urdfdom_headers:/home/jaboy/ros2_humble/install/turtlesim:/home/jaboy/ros2_humble/install/geometry2:/home/jaboy/ros2_humble/install/tf2_sensor_msgs:/home/jaboy/ros2_humble/install/test_tf2:/home/jaboy/ros2_humble/install/tf2_kdl:/home/jaboy/ros2_humble/install/tf2_geometry_msgs:/home/jaboy/ros2_humble/install/tf2_eigen:/home/jaboy/ros2_humble/install/tf2_bullet:/home/jaboy/ros2_humble/install/tf2_ros:/home/jaboy/ros2_humble/install/tf2_py:/home/jaboy/ros2_humble/install/tf2_msgs:/home/jaboy/ros2_humble/install/test_msgs:/home/jaboy/ros2_humble/install/sros2_cmake:/home/jaboy/ros2_humble/install/ros2cli_common_extensions:/home/jaboy/ros2_humble/install/rqt_py_common:/home/jaboy/ros2_humble/install/rosbag2_storage_mcap_testdata:/home/jaboy/ros2_humble/install/ros_testing:/home/jaboy/ros2_humble/install/ros2cli_test_interfaces:/home/jaboy/ros2_humble/install/quality_of_service_demo_cpp:/home/jaboy/ros2_humble/install/image_transport:/home/jaboy/ros2_humble/install/message_filters:/home/jaboy/ros2_humble/install/demo_nodes_cpp:/home/jaboy/ros2_humble/install/composition:/home/jaboy/ros2_humble/install/laser_geometry:/home/jaboy/ros2_humble/install/rclpy:/home/jaboy/ros2_humble/install/examples_rclcpp_minimal_action_server:/home/jaboy/ros2_humble/install/examples_rclcpp_minimal_action_client:/home/jaboy/ros2_humble/install/action_tutorials_cpp:/home/jaboy/ros2_humble/install/rclcpp_action:/home/jaboy/ros2_humble/install/rcl_action:/home/jaboy/ros2_humble/install/examples_rclcpp_wait_set:/home/jaboy/ros2_humble/install/examples_rclcpp_minimal_service:/home/jaboy/ros2_humble/install/examples_rclcpp_minimal_client:/home/jaboy/ros2_humble/install/examples_rclcpp_async_client:/home/jaboy/ros2_humble/install/example_interfaces:/home/jaboy/ros2_humble/install/action_tutorials_interfaces:/home/jaboy/ros2_humble/install/action_msgs:/home/jaboy/ros2_humble/install/unique_identifier_msgs:/home/jaboy/ros2_humble/install/ament_lint_common:/home/jaboy/ros2_humble/install/ament_cmake_uncrustify:/home/jaboy/ros2_humble/install/uncrustify_vendor:/home/jaboy/ros2_humble/install/trajectory_msgs:/home/jaboy/ros2_humble/install/topic_statistics_demo:/home/jaboy/ros2_humble/install/pendulum_control:/home/jaboy/ros2_humble/install/tlsf_cpp:/home/jaboy/ros2_humble/install/test_tracetools:/home/jaboy/ros2_humble/install/rqt_gui_cpp:/home/jaboy/ros2_humble/install/rosbag2_test_common:/home/jaboy/ros2_humble/install/ros2lifecycle_test_fixtures:/home/jaboy/ros2_humble/install/lifecycle:/home/jaboy/ros2_humble/install/logging_demo:/home/jaboy/ros2_humble/install/image_tools:/home/jaboy/ros2_humble/install/examples_rclcpp_minimal_subscriber:/home/jaboy/ros2_humble/install/examples_rclcpp_minimal_composition:/home/jaboy/ros2_humble/install/demo_nodes_cpp_native:/home/jaboy/ros2_humble/install/rclcpp_components:/home/jaboy/ros2_humble/install/intra_process_demo:/home/jaboy/ros2_humble/install/examples_rclcpp_multithreaded_executor:/home/jaboy/ros2_humble/install/examples_rclcpp_minimal_timer:/home/jaboy/ros2_humble/install/examples_rclcpp_minimal_publisher:/home/jaboy/ros2_humble/install/dummy_sensors:/home/jaboy/ros2_humble/install/dummy_map_server:/home/jaboy/ros2_humble/install/rclcpp:/home/jaboy/ros2_humble/install/rcl_lifecycle:/home/jaboy/ros2_humble/install/libstatistics_collector:/home/jaboy/ros2_humble/install/rcl:/home/jaboy/ros2_humble/install/rmw_implementation:/home/jaboy/ros2_humble/install/rmw_fastrtps_dynamic_cpp:/home/jaboy/ros2_humble/install/rmw_fastrtps_cpp:/home/jaboy/ros2_humble/install/rmw_fastrtps_shared_cpp:/home/jaboy/ros2_humble/install/rmw_cyclonedds_cpp:/home/jaboy/ros2_humble/install/tracetools:/home/jaboy/ros2_humble/install/tlsf:/home/jaboy/ros2_humble/install/tinyxml_vendor:/home/jaboy/ros2_humble/install/qt_gui_core:/home/jaboy/ros2_humble/install/qt_gui_cpp:/home/jaboy/ros2_humble/install/pluginlib:/home/jaboy/ros2_humble/install/tinyxml2_vendor:/home/jaboy/ros2_humble/install/tf2_eigen_kdl:/home/jaboy/ros2_humble/install/tf2:/home/jaboy/ros2_humble/install/test_security:/home/jaboy/ros2_humble/install/test_rmw_implementation:/home/jaboy/ros2_humble/install/test_rclcpp:/home/jaboy/ros2_humble/install/test_quality_of_service:/home/jaboy/ros2_humble/install/test_launch_testing:/home/jaboy/ros2_humble/install/test_interface_files:/home/jaboy/ros2_humble/install/test_communication:/home/jaboy/ros2_humble/install/test_cli_remapping:/home/jaboy/ros2_humble/install/test_cli:/home/jaboy/ros2_humble/install/qt_gui_app:/home/jaboy/ros2_humble/install/qt_gui:/home/jaboy/ros2_humble/install/tango_icons_vendor:/home/jaboy/ros2_humble/install/stereo_msgs:/home/jaboy/ros2_humble/install/std_srvs:/home/jaboy/ros2_humble/install/shape_msgs:/home/jaboy/ros2_humble/install/map_msgs:/home/jaboy/ros2_humble/install/sensor_msgs:/home/jaboy/ros2_humble/install/nav_msgs:/home/jaboy/ros2_humble/install/diagnostic_msgs:/home/jaboy/ros2_humble/install/geometry_msgs:/home/jaboy/ros2_humble/install/actionlib_msgs:/home/jaboy/ros2_humble/install/std_msgs:/home/jaboy/ros2_humble/install/statistics_msgs:/home/jaboy/ros2_humble/install/sqlite3_vendor:/home/jaboy/ros2_humble/install/rcl_logging_spdlog:/home/jaboy/ros2_humble/install/spdlog_vendor:/home/jaboy/ros2_humble/install/shared_queues_vendor:/home/jaboy/ros2_humble/install/rviz_rendering_tests:/home/jaboy/ros2_humble/install/rviz_rendering:/home/jaboy/ros2_humble/install/rviz_ogre_vendor:/home/jaboy/ros2_humble/install/rviz_assimp_vendor:/home/jaboy/ros2_humble/install/rttest:/home/jaboy/ros2_humble/install/rmw_connextddsmicro:/home/jaboy/ros2_humble/install/rmw_connextdds:/home/jaboy/ros2_humble/install/rmw_connextdds_common:/home/jaboy/ros2_humble/install/rti_connext_dds_cmake_module:/home/jaboy/ros2_humble/install/rosgraph_msgs:/home/jaboy/ros2_humble/install/rosbag2_interfaces:/home/jaboy/ros2_humble/install/rmw_dds_common:/home/jaboy/ros2_humble/install/composition_interfaces:/home/jaboy/ros2_humble/install/rcl_interfaces:/home/jaboy/ros2_humble/install/pendulum_msgs:/home/jaboy/ros2_humble/install/lifecycle_msgs:/home/jaboy/ros2_humble/install/builtin_interfaces:/home/jaboy/ros2_humble/install/rosidl_default_runtime:/home/jaboy/ros2_humble/install/rosidl_default_generators:/home/jaboy/ros2_humble/install/rosidl_generator_py:/home/jaboy/ros2_humble/install/rosidl_typesupport_introspection_tests:/home/jaboy/ros2_humble/install/rosidl_typesupport_cpp:/home/jaboy/ros2_humble/install/rosidl_typesupport_introspection_cpp:/home/jaboy/ros2_humble/install/rosidl_typesupport_c:/home/jaboy/ros2_humble/install/rosidl_typesupport_introspection_c:/home/jaboy/ros2_humble/install/rosidl_typesupport_fastrtps_c:/home/jaboy/ros2_humble/install/rosidl_typesupport_fastrtps_cpp:/home/jaboy/ros2_humble/install/rosidl_generator_cpp:/home/jaboy/ros2_humble/install/rosidl_runtime_cpp:/home/jaboy/ros2_humble/install/rcl_yaml_param_parser:/home/jaboy/ros2_humble/install/rmw:/home/jaboy/ros2_humble/install/rosidl_runtime_c:/home/jaboy/ros2_humble/install/rosidl_generator_c:/home/jaboy/ros2_humble/install/rosidl_typesupport_interface:/home/jaboy/ros2_humble/install/rosidl_generator_dds_idl:/home/jaboy/ros2_humble/install/rosidl_cmake:/home/jaboy/ros2_humble/install/rosidl_parser:/home/jaboy/ros2_humble/install/rosidl_adapter:/home/jaboy/ros2_humble/install/rosbag2_tests:/home/jaboy/ros2_humble/install/ros_environment:/home/jaboy/ros2_humble/install/rmw_implementation_cmake:/home/jaboy/ros2_humble/install/resource_retriever:/home/jaboy/ros2_humble/install/class_loader:/home/jaboy/ros2_humble/install/rcpputils:/home/jaboy/ros2_humble/install/rcl_logging_noop:/home/jaboy/ros2_humble/install/rcl_logging_interface:/home/jaboy/ros2_humble/install/rcutils:/home/jaboy/ros2_humble/install/qt_gui_py_common:/home/jaboy/ros2_humble/install/qt_dotgraph:/home/jaboy/ros2_humble/install/python_qt_binding:/home/jaboy/ros2_humble/install/python_orocos_kdl_vendor:/home/jaboy/ros2_humble/install/launch_testing_ament_cmake:/home/jaboy/ros2_humble/install/python_cmake_module:/home/jaboy/ros2_humble/install/pybind11_vendor:/home/jaboy/ros2_humble/install/performance_test_fixture:/home/jaboy/ros2_humble/install/osrf_testing_tools_cpp:/home/jaboy/ros2_humble/install/orocos_kdl_vendor:/home/jaboy/ros2_humble/install/mimick_vendor:/home/jaboy/ros2_humble/install/libyaml_vendor:/home/jaboy/ros2_humble/install/libcurl_vendor:/home/jaboy/ros2_humble/install/keyboard_handler:/home/jaboy/ros2_humble/install/iceoryx_introspection:/home/jaboy/ros2_humble/install/cyclonedds:/home/jaboy/ros2_humble/install/iceoryx_posh:/home/jaboy/ros2_humble/install/iceoryx_hoofs:/home/jaboy/ros2_humble/install/iceoryx_binding_c:/home/jaboy/ros2_humble/install/ament_cmake_ros:/home/jaboy/ros2_humble/install/ament_cmake_auto:/home/jaboy/ros2_humble/install/ament_cmake_gmock:/home/jaboy/ros2_humble/install/gmock_vendor:/home/jaboy/ros2_humble/install/ament_cmake_gtest:/home/jaboy/ros2_humble/install/gtest_vendor:/home/jaboy/ros2_humble/install/ament_cmake_google_benchmark:/home/jaboy/ros2_humble/install/google_benchmark_vendor:/home/jaboy/ros2_humble/install/fastrtps:/home/jaboy/ros2_humble/install/foonathan_memory_vendor:/home/jaboy/ros2_humble/install/fastrtps_cmake_module:/home/jaboy/ros2_humble/install/fastcdr:/home/jaboy/ros2_humble/install/eigen3_cmake_module:/home/jaboy/ros2_humble/install/console_bridge_vendor:/home/jaboy/ros2_humble/install/ament_cmake_xmllint:/home/jaboy/ros2_humble/install/ament_cmake_pyflakes:/home/jaboy/ros2_humble/install/ament_cmake_pycodestyle:/home/jaboy/ros2_humble/install/ament_cmake_pep257:/home/jaboy/ros2_humble/install/ament_cmake_pclint:/home/jaboy/ros2_humble/install/ament_lint_auto:/home/jaboy/ros2_humble/install/ament_cmake:/home/jaboy/ros2_humble/install/ament_cmake_version:/home/jaboy/ros2_humble/install/ament_cmake_vendor_package:/home/jaboy/ros2_humble/install/ament_cmake_pytest:/home/jaboy/ros2_humble/install/ament_cmake_nose:/home/jaboy/ros2_humble/install/ament_cmake_mypy:/home/jaboy/ros2_humble/install/ament_cmake_lint_cmake:/home/jaboy/ros2_humble/install/ament_cmake_flake8:/home/jaboy/ros2_humble/install/ament_cmake_cpplint:/home/jaboy/ros2_humble/install/ament_cmake_cppcheck:/home/jaboy/ros2_humble/install/ament_cmake_copyright:/home/jaboy/ros2_humble/install/ament_cmake_clang_tidy:/home/jaboy/ros2_humble/install/ament_cmake_clang_format:/home/jaboy/ros2_humble/install/ament_cmake_test:/home/jaboy/ros2_humble/install/ament_cmake_target_dependencies:/home/jaboy/ros2_humble/install/ament_cmake_python:/home/jaboy/ros2_humble/install/ament_cmake_export_dependencies:/home/jaboy/ros2_humble/install/ament_cmake_libraries:/home/jaboy/ros2_humble/install/ament_cmake_include_directories:/home/jaboy/ros2_humble/install/ament_cmake_gen_version_h:/home/jaboy/ros2_humble/install/ament_cmake_export_targets:/home/jaboy/ros2_humble/install/ament_cmake_export_link_flags:/home/jaboy/ros2_humble/install/ament_cmake_export_interfaces:/home/jaboy/ros2_humble/install/ament_cmake_export_libraries:/home/jaboy/ros2_humble/install/ament_cmake_export_include_directories:/home/jaboy/ros2_humble/install/ament_cmake_export_definitions:/home/jaboy/ros2_humble/install/ament_cmake_core:/home/jaboy/ros2_humble/install/ament_index_cpp:/home/jaboy/ros2_ws/install/quat_to_euler:/home/jaboy/ros2_ws/install/hw3-kinematics:/home/jaboy/ros2_ws/install/examples_rclcpp_wait_set:/home/jaboy/ros2_ws/install/examples_rclcpp_multithreaded_executor:/home/jaboy/ros2_ws/install/examples_rclcpp_minimal_timer:/home/jaboy/ros2_ws/install/examples_rclcpp_minimal_subscriber:/home/jaboy/ros2_ws/install/examples_rclcpp_minimal_service:/home/jaboy/ros2_ws/install/examples_rclcpp_minimal_publisher:/home/jaboy/ros2_ws/install/examples_rclcpp_minimal_composition:/home/jaboy/ros2_ws/install/examples_rclcpp_minimal_client:/home/jaboy/ros2_ws/install/examples_rclcpp_minimal_action_server:/home/jaboy/ros2_ws/install/examples_rclcpp_minimal_action_client:/home/jaboy/ros2_ws/install/examples_rclcpp_cbg_executor:/home/jaboy/ros2_ws/install/examples_rclcpp_async_client PYTHONPATH=/home/jaboy/Documents/RBE500_Project/RBE500_Project/build/inverse_kinematics/prefix_override:/usr/lib/python3/dist-packages/colcon_core/task/python/colcon_distutils_commands:/home/jaboy/Documents/RBE500_Project/RBE500_Project/install/inverse_kinematics/lib/python3.10/site-packages:${PYTHONPATH} /usr/bin/python3 -W ignore:setup.py install is deprecated -W ignore:easy_install command is deprecated setup.py egg_info --egg-base ../build/inverse_kinematics build --build-base /home/jaboy/Documents/RBE500_Project/RBE500_Project/build/inverse_kinematics/build install --record /home/jaboy/Documents/RBE500_Project/RBE500_Project/build/inverse_kinematics/install.log --single-version-externally-managed install_data
[3.951s] Level 1:colcon.colcon_core.environment:checking '/home/jaboy/Documents/RBE500_Project/RBE500_Project/install/inverse_kinematics' for CMake module files
[3.952s] DEBUG:colcon.colcon_core.event_handler.log_command:Invoked command in '/home/jaboy/Documents/RBE500_Project/RBE500_Project/inverse_kinematics' returned '0': CMAKE_PREFIX_PATH=/home/jaboy/Documents/RBE500_Project/RBE500_Project/install/inverse_kin:/home/jaboy/Documents/RBE500_Project/RBE500_Project/install/ros_gz_example_bringup:/home/jaboy/Documents/RBE500_Project/RBE500_Project/install/ros_gz_example_gazebo:/home/jaboy/Documents/RBE500_Project/RBE500_Project/install/ros_gz_example_description:/home/jaboy/Documents/RBE500_Project/RBE500_Project/install/ros_gz_example_application:/home/jaboy/Documents/RBE500_Project/RBE500_Project/install/custom_interfaces:/home/jaboy/ros2_humble/install/rosbag2_storage_mcap:/home/jaboy/ros2_humble/install/rosbag2:/home/jaboy/ros2_humble/install/rosbag2_compression_zstd:/home/jaboy/ros2_humble/install/mcap_vendor:/home/jaboy/ros2_humble/install/zstd_vendor:/home/jaboy/ros2_humble/install/rviz_visual_testing_framework:/home/jaboy/ros2_humble/install/rviz2:/home/jaboy/ros2_humble/install/rviz_default_plugins:/home/jaboy/ros2_humble/install/rviz_common:/home/jaboy/ros2_humble/install/rosbag2_py:/home/jaboy/ros2_humble/install/rosbag2_transport:/home/jaboy/ros2_humble/install/rosbag2_storage_default_plugins:/home/jaboy/ros2_humble/install/rosbag2_performance_benchmarking:/home/jaboy/ros2_humble/install/rosbag2_compression:/home/jaboy/ros2_humble/install/rosbag2_cpp:/home/jaboy/ros2_humble/install/rosbag2_storage:/home/jaboy/ros2_humble/install/image_common:/home/jaboy/ros2_humble/install/camera_info_manager:/home/jaboy/ros2_humble/install/camera_calibration_parsers:/home/jaboy/ros2_humble/install/yaml_cpp_vendor:/home/jaboy/ros2_humble/install/interactive_markers:/home/jaboy/ros2_humble/install/common_interfaces:/home/jaboy/ros2_humble/install/visualization_msgs:/home/jaboy/ros2_humble/install/dummy_robot_bringup:/home/jaboy/ros2_humble/install/robot_state_publisher:/home/jaboy/ros2_humble/install/kdl_parser:/home/jaboy/ros2_humble/install/urdf:/home/jaboy/ros2_humble/install/urdfdom:/home/jaboy/ros2_humble/install/urdf_parser_plugin:/home/jaboy/ros2_humble/install/urdfdom_headers:/home/jaboy/ros2_humble/install/turtlesim:/home/jaboy/ros2_humble/install/geometry2:/home/jaboy/ros2_humble/install/tf2_sensor_msgs:/home/jaboy/ros2_humble/install/test_tf2:/home/jaboy/ros2_humble/install/tf2_kdl:/home/jaboy/ros2_humble/install/tf2_geometry_msgs:/home/jaboy/ros2_humble/install/tf2_eigen:/home/jaboy/ros2_humble/install/tf2_bullet:/home/jaboy/ros2_humble/install/tf2_ros:/home/jaboy/ros2_humble/install/tf2_py:/home/jaboy/ros2_humble/install/tf2_msgs:/home/jaboy/ros2_humble/install/test_msgs:/home/jaboy/ros2_humble/install/sros2_cmake:/home/jaboy/ros2_humble/install/ros2cli_common_extensions:/home/jaboy/ros2_humble/install/rqt_py_common:/home/jaboy/ros2_humble/install/rosbag2_storage_mcap_testdata:/home/jaboy/ros2_humble/install/ros_testing:/home/jaboy/ros2_humble/install/ros2cli_test_interfaces:/home/jaboy/ros2_humble/install/quality_of_service_demo_cpp:/home/jaboy/ros2_humble/install/image_transport:/home/jaboy/ros2_humble/install/message_filters:/home/jaboy/ros2_humble/install/demo_nodes_cpp:/home/jaboy/ros2_humble/install/composition:/home/jaboy/ros2_humble/install/laser_geometry:/home/jaboy/ros2_humble/install/rclpy:/home/jaboy/ros2_humble/install/examples_rclcpp_minimal_action_server:/home/jaboy/ros2_humble/install/examples_rclcpp_minimal_action_client:/home/jaboy/ros2_humble/install/action_tutorials_cpp:/home/jaboy/ros2_humble/install/rclcpp_action:/home/jaboy/ros2_humble/install/rcl_action:/home/jaboy/ros2_humble/install/examples_rclcpp_wait_set:/home/jaboy/ros2_humble/install/examples_rclcpp_minimal_service:/home/jaboy/ros2_humble/install/examples_rclcpp_minimal_client:/home/jaboy/ros2_humble/install/examples_rclcpp_async_client:/home/jaboy/ros2_humble/install/example_interfaces:/home/jaboy/ros2_humble/install/action_tutorials_interfaces:/home/jaboy/ros2_humble/install/action_msgs:/home/jaboy/ros2_humble/install/unique_identifier_msgs:/home/jaboy/ros2_humble/install/ament_lint_common:/home/jaboy/ros2_humble/install/ament_cmake_uncrustify:/home/jaboy/ros2_humble/install/uncrustify_vendor:/home/jaboy/ros2_humble/install/trajectory_msgs:/home/jaboy/ros2_humble/install/topic_statistics_demo:/home/jaboy/ros2_humble/install/pendulum_control:/home/jaboy/ros2_humble/install/tlsf_cpp:/home/jaboy/ros2_humble/install/test_tracetools:/home/jaboy/ros2_humble/install/rqt_gui_cpp:/home/jaboy/ros2_humble/install/rosbag2_test_common:/home/jaboy/ros2_humble/install/ros2lifecycle_test_fixtures:/home/jaboy/ros2_humble/install/lifecycle:/home/jaboy/ros2_humble/install/logging_demo:/home/jaboy/ros2_humble/install/image_tools:/home/jaboy/ros2_humble/install/examples_rclcpp_minimal_subscriber:/home/jaboy/ros2_humble/install/examples_rclcpp_minimal_composition:/home/jaboy/ros2_humble/install/demo_nodes_cpp_native:/home/jaboy/ros2_humble/install/rclcpp_components:/home/jaboy/ros2_humble/install/intra_process_demo:/home/jaboy/ros2_humble/install/examples_rclcpp_multithreaded_executor:/home/jaboy/ros2_humble/install/examples_rclcpp_minimal_timer:/home/jaboy/ros2_humble/install/examples_rclcpp_minimal_publisher:/home/jaboy/ros2_humble/install/dummy_sensors:/home/jaboy/ros2_humble/install/dummy_map_server:/home/jaboy/ros2_humble/install/rclcpp:/home/jaboy/ros2_humble/install/rcl_lifecycle:/home/jaboy/ros2_humble/install/libstatistics_collector:/home/jaboy/ros2_humble/install/rcl:/home/jaboy/ros2_humble/install/rmw_implementation:/home/jaboy/ros2_humble/install/rmw_fastrtps_dynamic_cpp:/home/jaboy/ros2_humble/install/rmw_fastrtps_cpp:/home/jaboy/ros2_humble/install/rmw_fastrtps_shared_cpp:/home/jaboy/ros2_humble/install/rmw_cyclonedds_cpp:/home/jaboy/ros2_humble/install/tracetools:/home/jaboy/ros2_humble/install/tlsf:/home/jaboy/ros2_humble/install/tinyxml_vendor:/home/jaboy/ros2_humble/install/qt_gui_core:/home/jaboy/ros2_humble/install/qt_gui_cpp:/home/jaboy/ros2_humble/install/pluginlib:/home/jaboy/ros2_humble/install/tinyxml2_vendor:/home/jaboy/ros2_humble/install/tf2_eigen_kdl:/home/jaboy/ros2_humble/install/tf2:/home/jaboy/ros2_humble/install/test_security:/home/jaboy/ros2_humble/install/test_rmw_implementation:/home/jaboy/ros2_humble/install/test_rclcpp:/home/jaboy/ros2_humble/install/test_quality_of_service:/home/jaboy/ros2_humble/install/test_launch_testing:/home/jaboy/ros2_humble/install/test_interface_files:/home/jaboy/ros2_humble/install/test_communication:/home/jaboy/ros2_humble/install/test_cli_remapping:/home/jaboy/ros2_humble/install/test_cli:/home/jaboy/ros2_humble/install/qt_gui_app:/home/jaboy/ros2_humble/install/qt_gui:/home/jaboy/ros2_humble/install/tango_icons_vendor:/home/jaboy/ros2_humble/install/stereo_msgs:/home/jaboy/ros2_humble/install/std_srvs:/home/jaboy/ros2_humble/install/shape_msgs:/home/jaboy/ros2_humble/install/map_msgs:/home/jaboy/ros2_humble/install/sensor_msgs:/home/jaboy/ros2_humble/install/nav_msgs:/home/jaboy/ros2_humble/install/diagnostic_msgs:/home/jaboy/ros2_humble/install/geometry_msgs:/home/jaboy/ros2_humble/install/actionlib_msgs:/home/jaboy/ros2_humble/install/std_msgs:/home/jaboy/ros2_humble/install/statistics_msgs:/home/jaboy/ros2_humble/install/sqlite3_vendor:/home/jaboy/ros2_humble/install/rcl_logging_spdlog:/home/jaboy/ros2_humble/install/spdlog_vendor:/home/jaboy/ros2_humble/install/shared_queues_vendor:/home/jaboy/ros2_humble/install/rviz_rendering_tests:/home/jaboy/ros2_humble/install/rviz_rendering:/home/jaboy/ros2_humble/install/rviz_ogre_vendor:/home/jaboy/ros2_humble/install/rviz_assimp_vendor:/home/jaboy/ros2_humble/install/rttest:/home/jaboy/ros2_humble/install/rmw_connextddsmicro:/home/jaboy/ros2_humble/install/rmw_connextdds:/home/jaboy/ros2_humble/install/rmw_connextdds_common:/home/jaboy/ros2_humble/install/rti_connext_dds_cmake_module:/home/jaboy/ros2_humble/install/rosgraph_msgs:/home/jaboy/ros2_humble/install/rosbag2_interfaces:/home/jaboy/ros2_humble/install/rmw_dds_common:/home/jaboy/ros2_humble/install/composition_interfaces:/home/jaboy/ros2_humble/install/rcl_interfaces:/home/jaboy/ros2_humble/install/pendulum_msgs:/home/jaboy/ros2_humble/install/lifecycle_msgs:/home/jaboy/ros2_humble/install/builtin_interfaces:/home/jaboy/ros2_humble/install/rosidl_default_runtime:/home/jaboy/ros2_humble/install/rosidl_default_generators:/home/jaboy/ros2_humble/install/rosidl_generator_py:/home/jaboy/ros2_humble/install/rosidl_typesupport_introspection_tests:/home/jaboy/ros2_humble/install/rosidl_typesupport_cpp:/home/jaboy/ros2_humble/install/rosidl_typesupport_introspection_cpp:/home/jaboy/ros2_humble/install/rosidl_typesupport_c:/home/jaboy/ros2_humble/install/rosidl_typesupport_introspection_c:/home/jaboy/ros2_humble/install/rosidl_typesupport_fastrtps_c:/home/jaboy/ros2_humble/install/rosidl_typesupport_fastrtps_cpp:/home/jaboy/ros2_humble/install/rosidl_generator_cpp:/home/jaboy/ros2_humble/install/rosidl_runtime_cpp:/home/jaboy/ros2_humble/install/rcl_yaml_param_parser:/home/jaboy/ros2_humble/install/rmw:/home/jaboy/ros2_humble/install/rosidl_runtime_c:/home/jaboy/ros2_humble/install/rosidl_generator_c:/home/jaboy/ros2_humble/install/rosidl_typesupport_interface:/home/jaboy/ros2_humble/install/rosidl_generator_dds_idl:/home/jaboy/ros2_humble/install/rosidl_cmake:/home/jaboy/ros2_humble/install/rosidl_parser:/home/jaboy/ros2_humble/install/rosidl_adapter:/home/jaboy/ros2_humble/install/rosbag2_tests:/home/jaboy/ros2_humble/install/ros_environment:/home/jaboy/ros2_humble/install/rmw_implementation_cmake:/home/jaboy/ros2_humble/install/resource_retriever:/home/jaboy/ros2_humble/install/class_loader:/home/jaboy/ros2_humble/install/rcpputils:/home/jaboy/ros2_humble/install/rcl_logging_noop:/home/jaboy/ros2_humble/install/rcl_logging_interface:/home/jaboy/ros2_humble/install/rcutils:/home/jaboy/ros2_humble/install/qt_gui_py_common:/home/jaboy/ros2_humble/install/qt_dotgraph:/home/jaboy/ros2_humble/install/python_qt_binding:/home/jaboy/ros2_humble/install/python_orocos_kdl_vendor:/home/jaboy/ros2_humble/install/launch_testing_ament_cmake:/home/jaboy/ros2_humble/install/python_cmake_module:/home/jaboy/ros2_humble/install/pybind11_vendor:/home/jaboy/ros2_humble/install/performance_test_fixture:/home/jaboy/ros2_humble/install/osrf_testing_tools_cpp:/home/jaboy/ros2_humble/install/orocos_kdl_vendor:/home/jaboy/ros2_humble/install/mimick_vendor:/home/jaboy/ros2_humble/install/libyaml_vendor:/home/jaboy/ros2_humble/install/libcurl_vendor:/home/jaboy/ros2_humble/install/keyboard_handler:/home/jaboy/ros2_humble/install/iceoryx_introspection:/home/jaboy/ros2_humble/install/cyclonedds:/home/jaboy/ros2_humble/install/iceoryx_posh:/home/jaboy/ros2_humble/install/iceoryx_hoofs:/home/jaboy/ros2_humble/install/iceoryx_binding_c:/home/jaboy/ros2_humble/install/ament_cmake_ros:/home/jaboy/ros2_humble/install/ament_cmake_auto:/home/jaboy/ros2_humble/install/ament_cmake_gmock:/home/jaboy/ros2_humble/install/gmock_vendor:/home/jaboy/ros2_humble/install/ament_cmake_gtest:/home/jaboy/ros2_humble/install/gtest_vendor:/home/jaboy/ros2_humble/install/ament_cmake_google_benchmark:/home/jaboy/ros2_humble/install/google_benchmark_vendor:/home/jaboy/ros2_humble/install/fastrtps:/home/jaboy/ros2_humble/install/foonathan_memory_vendor:/home/jaboy/ros2_humble/install/fastrtps_cmake_module:/home/jaboy/ros2_humble/install/fastcdr:/home/jaboy/ros2_humble/install/eigen3_cmake_module:/home/jaboy/ros2_humble/install/console_bridge_vendor:/home/jaboy/ros2_humble/install/ament_cmake_xmllint:/home/jaboy/ros2_humble/install/ament_cmake_pyflakes:/home/jaboy/ros2_humble/install/ament_cmake_pycodestyle:/home/jaboy/ros2_humble/install/ament_cmake_pep257:/home/jaboy/ros2_humble/install/ament_cmake_pclint:/home/jaboy/ros2_humble/install/ament_lint_auto:/home/jaboy/ros2_humble/install/ament_cmake:/home/jaboy/ros2_humble/install/ament_cmake_version:/home/jaboy/ros2_humble/install/ament_cmake_vendor_package:/home/jaboy/ros2_humble/install/ament_cmake_pytest:/home/jaboy/ros2_humble/install/ament_cmake_nose:/home/jaboy/ros2_humble/install/ament_cmake_mypy:/home/jaboy/ros2_humble/install/ament_cmake_lint_cmake:/home/jaboy/ros2_humble/install/ament_cmake_flake8:/home/jaboy/ros2_humble/install/ament_cmake_cpplint:/home/jaboy/ros2_humble/install/ament_cmake_cppcheck:/home/jaboy/ros2_humble/install/ament_cmake_copyright:/home/jaboy/ros2_humble/install/ament_cmake_clang_tidy:/home/jaboy/ros2_humble/install/ament_cmake_clang_format:/home/jaboy/ros2_humble/install/ament_cmake_test:/home/jaboy/ros2_humble/install/ament_cmake_target_dependencies:/home/jaboy/ros2_humble/install/ament_cmake_python:/home/jaboy/ros2_humble/install/ament_cmake_export_dependencies:/home/jaboy/ros2_humble/install/ament_cmake_libraries:/home/jaboy/ros2_humble/install/ament_cmake_include_directories:/home/jaboy/ros2_humble/install/ament_cmake_gen_version_h:/home/jaboy/ros2_humble/install/ament_cmake_export_targets:/home/jaboy/ros2_humble/install/ament_cmake_export_link_flags:/home/jaboy/ros2_humble/install/ament_cmake_export_interfaces:/home/jaboy/ros2_humble/install/ament_cmake_export_libraries:/home/jaboy/ros2_humble/install/ament_cmake_export_include_directories:/home/jaboy/ros2_humble/install/ament_cmake_export_definitions:/home/jaboy/ros2_humble/install/ament_cmake_core:/home/jaboy/ros2_humble/install/ament_index_cpp:/home/jaboy/ros2_ws/install/quat_to_euler:/home/jaboy/ros2_ws/install/hw3-kinematics:/home/jaboy/ros2_ws/install/examples_rclcpp_wait_set:/home/jaboy/ros2_ws/install/examples_rclcpp_multithreaded_executor:/home/jaboy/ros2_ws/install/examples_rclcpp_minimal_timer:/home/jaboy/ros2_ws/install/examples_rclcpp_minimal_subscriber:/home/jaboy/ros2_ws/install/examples_rclcpp_minimal_service:/home/jaboy/ros2_ws/install/examples_rclcpp_minimal_publisher:/home/jaboy/ros2_ws/install/examples_rclcpp_minimal_composition:/home/jaboy/ros2_ws/install/examples_rclcpp_minimal_client:/home/jaboy/ros2_ws/install/examples_rclcpp_minimal_action_server:/home/jaboy/ros2_ws/install/examples_rclcpp_minimal_action_client:/home/jaboy/ros2_ws/install/examples_rclcpp_cbg_executor:/home/jaboy/ros2_ws/install/examples_rclcpp_async_client PYTHONPATH=/home/jaboy/Documents/RBE500_Project/RBE500_Project/build/inverse_kinematics/prefix_override:/usr/lib/python3/dist-packages/colcon_core/task/python/colcon_distutils_commands:/home/jaboy/Documents/RBE500_Project/RBE500_Project/install/inverse_kinematics/lib/python3.10/site-packages:${PYTHONPATH} /usr/bin/python3 -W ignore:setup.py install is deprecated -W ignore:easy_install command is deprecated setup.py egg_info --egg-base ../build/inverse_kinematics build --build-base /home/jaboy/Documents/RBE500_Project/RBE500_Project/build/inverse_kinematics/build install --record /home/jaboy/Documents/RBE500_Project/RBE500_Project/build/inverse_kinematics/install.log --single-version-externally-managed install_data
[3.952s] Level 1:colcon.colcon_core.environment:checking '/home/jaboy/Documents/RBE500_Project/RBE500_Project/install/inverse_kinematics' for CMake config files
[3.953s] Level 1:colcon.colcon_core.environment:checking '/home/jaboy/Documents/RBE500_Project/RBE500_Project/install/inverse_kinematics/lib'
[3.953s] Level 1:colcon.colcon_core.environment:checking '/home/jaboy/Documents/RBE500_Project/RBE500_Project/install/inverse_kinematics/bin'
[3.953s] Level 1:colcon.colcon_core.environment:checking '/home/jaboy/Documents/RBE500_Project/RBE500_Project/install/inverse_kinematics/lib/pkgconfig/inverse_kinematics.pc'
[3.953s] Level 1:colcon.colcon_core.environment:checking '/home/jaboy/Documents/RBE500_Project/RBE500_Project/install/inverse_kinematics/lib/python3.10/site-packages'
[3.953s] Level 1:colcon.colcon_core.shell:create_environment_hook('inverse_kinematics', 'pythonpath')
[3.954s] INFO:colcon.colcon_core.shell:Creating environment hook '/home/jaboy/Documents/RBE500_Project/RBE500_Project/install/inverse_kinematics/share/inverse_kinematics/hook/pythonpath.ps1'
[3.954s] INFO:colcon.colcon_core.shell:Creating environment descriptor '/home/jaboy/Documents/RBE500_Project/RBE500_Project/install/inverse_kinematics/share/inverse_kinematics/hook/pythonpath.dsv'
[3.955s] INFO:colcon.colcon_core.shell:Creating environment hook '/home/jaboy/Documents/RBE500_Project/RBE500_Project/install/inverse_kinematics/share/inverse_kinematics/hook/pythonpath.sh'
[3.955s] Level 1:colcon.colcon_core.environment:checking '/home/jaboy/Documents/RBE500_Project/RBE500_Project/install/inverse_kinematics/bin'
[3.955s] Level 1:colcon.colcon_core.environment:create_environment_scripts_only(inverse_kinematics)
[3.955s] INFO:colcon.colcon_core.shell:Creating package script '/home/jaboy/Documents/RBE500_Project/RBE500_Project/install/inverse_kinematics/share/inverse_kinematics/package.ps1'
[3.956s] INFO:colcon.colcon_core.shell:Creating package descriptor '/home/jaboy/Documents/RBE500_Project/RBE500_Project/install/inverse_kinematics/share/inverse_kinematics/package.dsv'
[3.956s] INFO:colcon.colcon_core.shell:Creating package script '/home/jaboy/Documents/RBE500_Project/RBE500_Project/install/inverse_kinematics/share/inverse_kinematics/package.sh'
[3.957s] INFO:colcon.colcon_core.shell:Creating package script '/home/jaboy/Documents/RBE500_Project/RBE500_Project/install/inverse_kinematics/share/inverse_kinematics/package.bash'
[3.957s] INFO:colcon.colcon_core.shell:Creating package script '/home/jaboy/Documents/RBE500_Project/RBE500_Project/install/inverse_kinematics/share/inverse_kinematics/package.zsh'
[3.957s] Level 1:colcon.colcon_core.environment:create_file_with_runtime_dependencies(/home/jaboy/Documents/RBE500_Project/RBE500_Project/install/inverse_kinematics/share/colcon-core/packages/inverse_kinematics)
[3.957s] DEBUG:colcon.colcon_parallel_executor.executor.parallel:closing loop
[3.958s] DEBUG:colcon.colcon_parallel_executor.executor.parallel:loop closed
[3.958s] DEBUG:colcon.colcon_parallel_executor.executor.parallel:run_until_complete finished with '0'
[3.958s] DEBUG:colcon.colcon_core.event_reactor:joining thread
[3.970s] INFO:colcon.colcon_core.plugin_system:Skipping extension 'colcon_notification.desktop_notification.terminal_notifier': Not used on non-Darwin systems
[3.970s] INFO:colcon.colcon_core.plugin_system:Skipping extension 'colcon_notification.desktop_notification.win32': Not used on non-Windows systems
[3.970s] INFO:colcon.colcon_notification.desktop_notification:Sending desktop notification using 'notify2'
[3.981s] DEBUG:colcon.colcon_core.event_reactor:joined thread
[3.982s] INFO:colcon.colcon_core.shell:Creating prefix script '/home/jaboy/Documents/RBE500_Project/RBE500_Project/install/local_setup.ps1'
[3.982s] INFO:colcon.colcon_core.shell:Creating prefix util module '/home/jaboy/Documents/RBE500_Project/RBE500_Project/install/_local_setup_util_ps1.py'
[3.984s] INFO:colcon.colcon_core.shell:Creating prefix chain script '/home/jaboy/Documents/RBE500_Project/RBE500_Project/install/setup.ps1'
[3.996s] INFO:colcon.colcon_core.shell:Creating prefix script '/home/jaboy/Documents/RBE500_Project/RBE500_Project/install/local_setup.sh'
[3.997s] INFO:colcon.colcon_core.shell:Creating prefix util module '/home/jaboy/Documents/RBE500_Project/RBE500_Project/install/_local_setup_util_sh.py'
[3.997s] INFO:colcon.colcon_core.shell:Creating prefix chain script '/home/jaboy/Documents/RBE500_Project/RBE500_Project/install/setup.sh'
[4.012s] INFO:colcon.colcon_core.shell:Creating prefix script '/home/jaboy/Documents/RBE500_Project/RBE500_Project/install/local_setup.bash'
[4.012s] INFO:colcon.colcon_core.shell:Creating prefix chain script '/home/jaboy/Documents/RBE500_Project/RBE500_Project/install/setup.bash'
[4.027s] INFO:colcon.colcon_core.shell:Creating prefix script '/home/jaboy/Documents/RBE500_Project/RBE500_Project/install/local_setup.zsh'
[4.027s] INFO:colcon.colcon_core.shell:Creating prefix chain script '/home/jaboy/Documents/RBE500_Project/RBE500_Project/install/setup.zsh'
